"# written by src/tools/copy_evidence.py at 2026-09-30T13:31:11Z: one row per file this work cites, copied from the study folder <study>/evidence of the laboratory; status pending means the measurement has not written the file yet; chain_as_run applies the freeze of chain-0826 at 2026-09-28T16:15:12Z (copy_evidence.py FREEZE): excluded files are not shipped, frozen files keep the copy made before the freeze; columns_dropped: the columns withheld from the shipped copy (DROP, REDACT), whose sha256 is then the sha256 of that filtered copy; columns_dropped (added 2026-09-30T13:31:11Z by --drop-shipped): the columns withheld from the shipped copy, whose sha256 is then the sha256 of that filtered copy"
study,file,source,status,sha256,copied_utc,names_tool,tool_shipped,source_written_utc,chain_as_run,columns_dropped
chain-0826,per-seed-queue.csv,chain-0826/evidence/per-seed-queue.csv,frozen,9781facdb736ff2175bfc2aea20f1dd90e931e3f341b4d604d1bac1428a92e3b,2026-09-28T16:56:36Z,chain-0826/tools/per_seed.py,tools/studies/chain-0826/per_seed.py,2026-09-28T05:35:03Z,"yes: the copy of 2026-09-28T16:56:36Z (source written by 2026-09-28T05:35:03Z) stands; the source changed at 2026-09-29T01:40:48Z, after the freeze 2026-09-28T16:15:12Z",seed_x; seed_y; seed_z
chain-0826,seed-rule.csv,chain-0826/evidence/seed-rule.csv,frozen,565edf532ee937c36d5379dec018c79dc84735ff7df7f6aa47efa72384461b7c,2026-09-28T21:24:01Z,chain-0826/tools/seed_rule_check.py,tools/studies/chain-0826/seed_rule_check.py,2026-09-28T12:41:34Z,"yes: the copy of 2026-09-28T21:24:01Z (source written by 2026-09-28T12:41:34Z) stands; the source changed at 2026-09-28T21:27:22Z, after the freeze 2026-09-28T16:15:12Z",seed_x; seed_y; seed_z; pred_chunk_zyx; raw_chunk_zyx
chain-0826,ladder.csv,chain-0826/evidence/ladder.csv,frozen,95585b567ac6d1ecdc54f48caa967b20a7c07ea01cea914e01856485383593de,2026-09-28T21:24:01Z,chain-0826/tools/ladder.sh,tools/studies/chain-0826/ladder.sh,2026-09-28T15:16:59Z,"yes: the copy of 2026-09-28T21:24:01Z (source written by 2026-09-28T15:16:59Z) stands; the source changed at 2026-09-28T21:37:52Z, after the freeze 2026-09-28T16:15:12Z",
chain-0826,wave-sizing.csv,chain-0826/evidence/wave-sizing.csv,copied,f53c15ce1a45d09a4ace08627f25d4c53321f58553aa059ab10cdcb59b3e21d3,2026-09-29T03:31:17Z,chain-0826/tools/wave_sizing.py,tools/studies/chain-0826/wave_sizing.py,2026-09-26T22:19:00Z,"yes: written 2026-09-26T22:19:00Z, before the freeze 2026-09-28T16:15:12Z",
chain-0826,wave4-sources.csv,chain-0826/evidence/wave4-sources.csv,copied,7ec04d381d40609e4a1de4fd8c6e733d1cd2789e9e4a4f05c966b39ef85b5c1a,2026-09-29T03:31:17Z,chain-0826/tools/wave4_sources.py,tools/studies/chain-0826/wave4_sources.py,2026-09-27T20:24:41Z,"yes: written 2026-09-27T20:24:41Z, before the freeze 2026-09-28T16:15:12Z",seed_x; seed_y; seed_z
chain-0826,wave4-near-draw.csv,chain-0826/evidence/wave4-near-draw.csv,copied,33d1152b7b3e57bd81ba78fa5a77cef61b0b4140bb86794f8fed840fffc7c12e,2026-09-29T03:31:17Z,chain-0826/tools/draw_near.py,tools/studies/chain-0826/draw_near.py,2026-09-27T20:28:22Z,"yes: written 2026-09-27T20:28:22Z, before the freeze 2026-09-28T16:15:12Z",seed_x; seed_y; seed_z
chain-0826,wave5-sources.csv,chain-0826/evidence/wave5-sources.csv,copied,b9cb22ba05f22b60032b2d08f2a0c48d764fd7c60f25f6d27bf8041fe6d89063,2026-09-29T03:31:17Z,chain-0826/tools/wave5_sources.py,tools/studies/chain-0826/wave5_sources.py,2026-09-28T12:40:04Z,"yes: written 2026-09-28T12:40:04Z, before the freeze 2026-09-28T16:15:12Z",seed_x; seed_y; seed_z
chain-0826,wave5-near-draw.csv,chain-0826/evidence/wave5-near-draw.csv,copied,d4897e463900e1f80bf251c3e0e9661b187457c4e4fb4ff87bfab48b57866e9d,2026-09-29T03:31:17Z,chain-0826/tools/draw_near_wave5.py,tools/studies/chain-0826/draw_near_wave5.py,2026-09-28T12:41:30Z,"yes: written 2026-09-28T12:41:30Z, before the freeze 2026-09-28T16:15:12Z",seed_x; seed_y; seed_z
chain-0826,identity-0826-all.csv,chain-0826/evidence/identity-0826-all.csv,copied,d69756784414ddaecc82b15deb86246f2bb091041a9c6a16508af52b043577cf,2026-09-29T03:31:17Z,chain-0826/tools/identity_summary.py,tools/studies/chain-0826/identity_summary.py,2026-09-26T19:59:50Z,"yes: written 2026-09-26T19:59:50Z, before the freeze 2026-09-28T16:15:12Z",
chain-0826,identity-0826-summary.csv,chain-0826/evidence/identity-0826-summary.csv,copied,2679876e7e1780f2965e2f3e70c9f0eb68d291ebf4355b79634e74000b7c2755,2026-09-29T03:31:17Z,chain-0826/tools/identity_summary.py,tools/studies/chain-0826/identity_summary.py,2026-09-28T13:52:54Z,"yes: written 2026-09-28T13:52:54Z, before the freeze 2026-09-28T16:15:12Z",
chain-0826,a2-cluster/PHerc0826-seed1045.csv,chain-0826/evidence/a2-cluster/PHerc0826-seed1045.csv,copied,ca1e098a4788dedca9e660a6f9eff0a1932127dd132a27b94739541625802867,2026-09-29T03:31:17Z,chain-0826/tools/a2_cluster_seed.py,tools/studies/chain-0826/a2_cluster_seed.py,2026-09-26T21:54:57Z,"yes: written 2026-09-26T21:54:57Z, before the freeze 2026-09-28T16:15:12Z",
chain-0826,a2-cluster/PHerc0826-seed109.csv,chain-0826/evidence/a2-cluster/PHerc0826-seed109.csv,copied,e439ab1a099e841073ff8c61d6fc80a97105968009056fed10af0f36175a162e,2026-09-29T03:31:17Z,chain-0826/tools/a2_cluster_seed.py,tools/studies/chain-0826/a2_cluster_seed.py,2026-09-26T20:04:25Z,"yes: written 2026-09-26T20:04:25Z, before the freeze 2026-09-28T16:15:12Z",
chain-0826,a2-cluster/PHerc0826-seed1181.csv,chain-0826/evidence/a2-cluster/PHerc0826-seed1181.csv,copied,e845dad2a4b499bc0bbc6202ced82fbddcf37a6dc60936d426ab00499ebf921a,2026-09-29T03:31:17Z,chain-0826/tools/a2_cluster_seed.py,tools/studies/chain-0826/a2_cluster_seed.py,2026-09-26T22:06:38Z,"yes: written 2026-09-26T22:06:38Z, before the freeze 2026-09-28T16:15:12Z",
chain-0826,a2-cluster/PHerc0826-seed1247.csv,chain-0826/evidence/a2-cluster/PHerc0826-seed1247.csv,copied,fbdfdf4935fe026d3fde736afc35d180b34a8db237ade9ea5afc8f7f5b5a9a2e,2026-09-29T03:31:17Z,chain-0826/tools/a2_cluster_seed.py,tools/studies/chain-0826/a2_cluster_seed.py,2026-09-26T21:44:32Z,"yes: written 2026-09-26T21:44:32Z, before the freeze 2026-09-28T16:15:12Z",
chain-0826,a2-cluster/PHerc0826-seed1278.csv,chain-0826/evidence/a2-cluster/PHerc0826-seed1278.csv,copied,25b1c825d2d30935d37661e2b5e881b71df610412e0bc2363b461adf9de0b8de,2026-09-29T03:31:17Z,chain-0826/tools/a2_cluster_seed.py,tools/studies/chain-0826/a2_cluster_seed.py,2026-09-26T22:07:17Z,"yes: written 2026-09-26T22:07:17Z, before the freeze 2026-09-28T16:15:12Z",
chain-0826,a2-cluster/PHerc0826-seed1383.csv,chain-0826/evidence/a2-cluster/PHerc0826-seed1383.csv,copied,b5ef1c01e7c02f2751dd4de4c696b0c960b4f085ce5e9d27fb7be91b09ba7781,2026-09-29T03:31:17Z,chain-0826/tools/a2_cluster_seed.py,tools/studies/chain-0826/a2_cluster_seed.py,2026-09-26T22:03:57Z,"yes: written 2026-09-26T22:03:57Z, before the freeze 2026-09-28T16:15:12Z",
chain-0826,a2-cluster/PHerc0826-seed1436.csv,chain-0826/evidence/a2-cluster/PHerc0826-seed1436.csv,copied,2d8056be3e51638393f82dbb619210f7f7250093e541abe962a38bee25ed62e7,2026-09-29T03:31:17Z,chain-0826/tools/a2_cluster_seed.py,tools/studies/chain-0826/a2_cluster_seed.py,2026-09-26T21:57:47Z,"yes: written 2026-09-26T21:57:47Z, before the freeze 2026-09-28T16:15:12Z",
chain-0826,a2-cluster/PHerc0826-seed1450.csv,chain-0826/evidence/a2-cluster/PHerc0826-seed1450.csv,copied,b4ae86c7c59e1411a454ea337d84cbdb29551afe613b89f7124dc8c9a7bc5625,2026-09-29T03:31:17Z,chain-0826/tools/a2_cluster_seed.py,tools/studies/chain-0826/a2_cluster_seed.py,2026-09-26T22:02:58Z,"yes: written 2026-09-26T22:02:58Z, before the freeze 2026-09-28T16:15:12Z",
chain-0826,a2-cluster/PHerc0826-seed1595.csv,chain-0826/evidence/a2-cluster/PHerc0826-seed1595.csv,copied,0e20c0a4932e71c578370e5bdc3a470f76ac482548d996437ceee2043f535193,2026-09-29T03:31:17Z,chain-0826/tools/a2_cluster_seed.py,tools/studies/chain-0826/a2_cluster_seed.py,2026-09-26T22:32:27Z,"yes: written 2026-09-26T22:32:27Z, before the freeze 2026-09-28T16:15:12Z",
chain-0826,a2-cluster/PHerc0826-seed1700.csv,chain-0826/evidence/a2-cluster/PHerc0826-seed1700.csv,copied,32170e0625bd91eca83c59569bd97e5557e139571db04b65c2d2505fa5a7dd29,2026-09-29T03:31:17Z,chain-0826/tools/a2_cluster_seed.py,tools/studies/chain-0826/a2_cluster_seed.py,2026-09-27T03:33:10Z,"yes: written 2026-09-27T03:33:10Z, before the freeze 2026-09-28T16:15:12Z",
chain-0826,a2-cluster/PHerc0826-seed1711.csv,chain-0826/evidence/a2-cluster/PHerc0826-seed1711.csv,copied,2e86d2a4c6291d80e4f9f74630e574f2f8bc1b6a1e30aa81fa77452ea2341062,2026-09-29T03:31:17Z,chain-0826/tools/a2_cluster_seed.py,tools/studies/chain-0826/a2_cluster_seed.py,2026-09-27T05:20:38Z,"yes: written 2026-09-27T05:20:38Z, before the freeze 2026-09-28T16:15:12Z",
chain-0826,a2-cluster/PHerc0826-seed1722.csv,chain-0826/evidence/a2-cluster/PHerc0826-seed1722.csv,copied,c6fb9b326561ef282650e1d6472d379f0de11e2643f9cd3439b773ca5b89a81e,2026-09-29T03:31:17Z,chain-0826/tools/a2_cluster_seed.py,tools/studies/chain-0826/a2_cluster_seed.py,2026-09-27T04:24:21Z,"yes: written 2026-09-27T04:24:21Z, before the freeze 2026-09-28T16:15:12Z",
chain-0826,a2-cluster/PHerc0826-seed1727.csv,chain-0826/evidence/a2-cluster/PHerc0826-seed1727.csv,copied,2bd1eceed9a9040c505afd8541370e5fb8cddb07ef6131ff3abc5e11a363c073,2026-09-29T03:31:17Z,chain-0826/tools/a2_cluster_seed.py,tools/studies/chain-0826/a2_cluster_seed.py,2026-09-27T05:59:06Z,"yes: written 2026-09-27T05:59:06Z, before the freeze 2026-09-28T16:15:12Z",
chain-0826,a2-cluster/PHerc0826-seed1732.csv,chain-0826/evidence/a2-cluster/PHerc0826-seed1732.csv,copied,de1bca3b8f6f89bc806dad1225da83db1b9184decd12f9a387f2d8bd1979e701,2026-09-29T03:31:17Z,chain-0826/tools/a2_cluster_seed.py,tools/studies/chain-0826/a2_cluster_seed.py,2026-09-27T17:28:43Z,"yes: written 2026-09-27T17:28:43Z, before the freeze 2026-09-28T16:15:12Z",
chain-0826,a2-cluster/PHerc0826-seed1788.csv,chain-0826/evidence/a2-cluster/PHerc0826-seed1788.csv,copied,a7a934f81432b931d35d4d5ec6b35e4f7a0817efd0214f7a1daadddec3aa88c9,2026-09-29T03:31:17Z,chain-0826/tools/a2_cluster_seed.py,tools/studies/chain-0826/a2_cluster_seed.py,2026-09-27T06:56:08Z,"yes: written 2026-09-27T06:56:08Z, before the freeze 2026-09-28T16:15:12Z",
chain-0826,a2-cluster/PHerc0826-seed1948.csv,chain-0826/evidence/a2-cluster/PHerc0826-seed1948.csv,copied,dc23edfc3b0a24d5370c59cd36de7afbae557f6a7a5a4d7312671a73b796afaa,2026-09-29T03:31:17Z,chain-0826/tools/a2_cluster_seed.py,tools/studies/chain-0826/a2_cluster_seed.py,2026-09-27T05:54:57Z,"yes: written 2026-09-27T05:54:57Z, before the freeze 2026-09-28T16:15:12Z",
chain-0826,a2-cluster/PHerc0826-seed2004.csv,chain-0826/evidence/a2-cluster/PHerc0826-seed2004.csv,copied,053ef4d1075e9c82713f430a4e908ba652a3640c0ebba0f41257afc83089916e,2026-09-29T03:31:17Z,chain-0826/tools/a2_cluster_seed.py,tools/studies/chain-0826/a2_cluster_seed.py,2026-09-27T09:22:48Z,"yes: written 2026-09-27T09:22:48Z, before the freeze 2026-09-28T16:15:12Z",
chain-0826,a2-cluster/PHerc0826-seed2019.csv,chain-0826/evidence/a2-cluster/PHerc0826-seed2019.csv,copied,4fbf09986cb8d8d91681003e1075f741817490ef30155442ed4a42e8d71b0fd5,2026-09-29T03:31:17Z,chain-0826/tools/a2_cluster_seed.py,tools/studies/chain-0826/a2_cluster_seed.py,2026-09-27T04:16:03Z,"yes: written 2026-09-27T04:16:03Z, before the freeze 2026-09-28T16:15:12Z",
chain-0826,a2-cluster/PHerc0826-seed2193.csv,chain-0826/evidence/a2-cluster/PHerc0826-seed2193.csv,copied,b7eaae445478397c5b3475865f3685e740e8656db5077861a90c1d8b3b05b478,2026-09-29T03:31:17Z,chain-0826/tools/a2_cluster_seed.py,tools/studies/chain-0826/a2_cluster_seed.py,2026-09-27T06:44:19Z,"yes: written 2026-09-27T06:44:19Z, before the freeze 2026-09-28T16:15:12Z",
chain-0826,a2-cluster/PHerc0826-seed2259.csv,chain-0826/evidence/a2-cluster/PHerc0826-seed2259.csv,copied,d07f8dc506c9bba8e3ca9d56f5f05d6ead259efafebf08948fdb235eaebb3619,2026-09-29T03:31:17Z,chain-0826/tools/a2_cluster_seed.py,tools/studies/chain-0826/a2_cluster_seed.py,2026-09-27T05:57:50Z,"yes: written 2026-09-27T05:57:50Z, before the freeze 2026-09-28T16:15:12Z",
chain-0826,a2-cluster/PHerc0826-seed237.csv,chain-0826/evidence/a2-cluster/PHerc0826-seed237.csv,copied,de80f6e58e12eaf2404266e94d800e3c531a2342ab2a60a6008231ffff6d9291,2026-09-29T03:31:17Z,chain-0826/tools/a2_cluster_seed.py,tools/studies/chain-0826/a2_cluster_seed.py,2026-09-26T20:18:35Z,"yes: written 2026-09-26T20:18:35Z, before the freeze 2026-09-28T16:15:12Z",
chain-0826,a2-cluster/PHerc0826-seed2427.csv,chain-0826/evidence/a2-cluster/PHerc0826-seed2427.csv,copied,9f793fcb7d9258d8c5036db7f3cc35d2419ea21c280b84855a4eabfd52c7f233,2026-09-29T03:31:17Z,chain-0826/tools/a2_cluster_seed.py,tools/studies/chain-0826/a2_cluster_seed.py,2026-09-27T03:43:34Z,"yes: written 2026-09-27T03:43:34Z, before the freeze 2026-09-28T16:15:12Z",
chain-0826,a2-cluster/PHerc0826-seed2441.csv,chain-0826/evidence/a2-cluster/PHerc0826-seed2441.csv,copied,f36ebe36858e8d8ad9cafc47c6419014c6b5ff4e0f37c06f5d7a40e8acf543af,2026-09-29T03:31:17Z,chain-0826/tools/a2_cluster_seed.py,tools/studies/chain-0826/a2_cluster_seed.py,2026-09-27T09:43:46Z,"yes: written 2026-09-27T09:43:46Z, before the freeze 2026-09-28T16:15:12Z",
chain-0826,a2-cluster/PHerc0826-seed2453.csv,chain-0826/evidence/a2-cluster/PHerc0826-seed2453.csv,copied,afbc76a3626667fdf7870efc87f246eb1c40d62796c528fb7cfcaf822fbdc5d9,2026-09-29T03:31:17Z,chain-0826/tools/a2_cluster_seed.py,tools/studies/chain-0826/a2_cluster_seed.py,2026-09-27T06:29:53Z,"yes: written 2026-09-27T06:29:53Z, before the freeze 2026-09-28T16:15:12Z",
chain-0826,a2-cluster/PHerc0826-seed2531.csv,chain-0826/evidence/a2-cluster/PHerc0826-seed2531.csv,copied,3bd5cb2fc9c7fb854afb72cc0d11bbbfc96cc00d720e29bc3af3de8884a95b37,2026-09-29T03:31:17Z,chain-0826/tools/a2_cluster_seed.py,tools/studies/chain-0826/a2_cluster_seed.py,2026-09-27T03:42:40Z,"yes: written 2026-09-27T03:42:40Z, before the freeze 2026-09-28T16:15:12Z",
chain-0826,a2-cluster/PHerc0826-seed2532.csv,chain-0826/evidence/a2-cluster/PHerc0826-seed2532.csv,copied,4a44c10266a06494aa7116e8151e0c8fdacdf7b6c0360630f872555e70d76fd6,2026-09-29T03:31:17Z,chain-0826/tools/a2_cluster_seed.py,tools/studies/chain-0826/a2_cluster_seed.py,2026-09-27T03:41:48Z,"yes: written 2026-09-27T03:41:48Z, before the freeze 2026-09-28T16:15:12Z",
chain-0826,a2-cluster/PHerc0826-seed2604.csv,chain-0826/evidence/a2-cluster/PHerc0826-seed2604.csv,copied,6633f01f268ff02f6ec06e555844250d9ca6d7610932fec73d5a79b72d01ecf8,2026-09-29T03:31:17Z,chain-0826/tools/a2_cluster_seed.py,tools/studies/chain-0826/a2_cluster_seed.py,2026-09-27T18:00:21Z,"yes: written 2026-09-27T18:00:21Z, before the freeze 2026-09-28T16:15:12Z",
chain-0826,a2-cluster/PHerc0826-seed2715.csv,chain-0826/evidence/a2-cluster/PHerc0826-seed2715.csv,copied,79026aeca34d8e561a82ecec98ced3d24ac84b15e72975111734e2ab6778f336,2026-09-29T03:31:17Z,chain-0826/tools/a2_cluster_seed.py,tools/studies/chain-0826/a2_cluster_seed.py,2026-09-27T17:34:46Z,"yes: written 2026-09-27T17:34:46Z, before the freeze 2026-09-28T16:15:12Z",
chain-0826,a2-cluster/PHerc0826-seed2775.csv,chain-0826/evidence/a2-cluster/PHerc0826-seed2775.csv,copied,4f21e68c589a7d3d60b0e4369d1146b58f13755c1a220bd06cd0394d29286976,2026-09-29T03:31:17Z,chain-0826/tools/a2_cluster_seed.py,tools/studies/chain-0826/a2_cluster_seed.py,2026-09-27T04:24:08Z,"yes: written 2026-09-27T04:24:08Z, before the freeze 2026-09-28T16:15:12Z",
chain-0826,a2-cluster/PHerc0826-seed2883.csv,chain-0826/evidence/a2-cluster/PHerc0826-seed2883.csv,copied,a46e4212871113b2d73cd4f7638d2d31b4b2db87625242cc33d5519447b3606f,2026-09-29T03:31:17Z,chain-0826/tools/a2_cluster_seed.py,tools/studies/chain-0826/a2_cluster_seed.py,2026-09-27T04:11:53Z,"yes: written 2026-09-27T04:11:53Z, before the freeze 2026-09-28T16:15:12Z",
chain-0826,a2-cluster/PHerc0826-seed2904.csv,chain-0826/evidence/a2-cluster/PHerc0826-seed2904.csv,copied,7520882645038d71d2751ef50a67bfae5d3788e9a080fa4db54596dd461ad3e1,2026-09-29T03:31:17Z,chain-0826/tools/a2_cluster_seed.py,tools/studies/chain-0826/a2_cluster_seed.py,2026-09-27T06:17:37Z,"yes: written 2026-09-27T06:17:37Z, before the freeze 2026-09-28T16:15:12Z",
chain-0826,a2-cluster/PHerc0826-seed2939.csv,chain-0826/evidence/a2-cluster/PHerc0826-seed2939.csv,copied,4bf96c74e2b9ab227dd6dbe97bb7bdf04090584ca3adf71d752e63191b69d061,2026-09-29T03:31:17Z,chain-0826/tools/a2_cluster_seed.py,tools/studies/chain-0826/a2_cluster_seed.py,2026-09-27T06:16:02Z,"yes: written 2026-09-27T06:16:02Z, before the freeze 2026-09-28T16:15:12Z",
chain-0826,a2-cluster/PHerc0826-seed2974.csv,chain-0826/evidence/a2-cluster/PHerc0826-seed2974.csv,copied,07b01503b4c2884b1a0f574b68b6a167e6e0bee3a2cbab2455400dd05c0b8b89,2026-09-29T03:31:17Z,chain-0826/tools/a2_cluster_seed.py,tools/studies/chain-0826/a2_cluster_seed.py,2026-09-27T09:25:05Z,"yes: written 2026-09-27T09:25:05Z, before the freeze 2026-09-28T16:15:12Z",
chain-0826,a2-cluster/PHerc0826-seed300.csv,chain-0826/evidence/a2-cluster/PHerc0826-seed300.csv,copied,51394e18d7a80970d92369a71f9a8750d827acf01a103bcdc2ccbd68635f5ecb,2026-09-29T03:31:17Z,chain-0826/tools/a2_cluster_seed.py,tools/studies/chain-0826/a2_cluster_seed.py,2026-09-26T20:36:30Z,"yes: written 2026-09-26T20:36:30Z, before the freeze 2026-09-28T16:15:12Z",
chain-0826,a2-cluster/PHerc0826-seed3048.csv,chain-0826/evidence/a2-cluster/PHerc0826-seed3048.csv,copied,6e2beb2b49f65f9131dbe4bae255b1d43d987d061ded5df6bd16e9046e407e74,2026-09-29T03:31:17Z,chain-0826/tools/a2_cluster_seed.py,tools/studies/chain-0826/a2_cluster_seed.py,2026-09-27T18:57:31Z,"yes: written 2026-09-27T18:57:31Z, before the freeze 2026-09-28T16:15:12Z",
chain-0826,a2-cluster/PHerc0826-seed314.csv,chain-0826/evidence/a2-cluster/PHerc0826-seed314.csv,copied,a1ffb9a37ed53a901d71aae2308ea176e6e317e2cde1c432c630a53680b6027a,2026-09-29T03:31:17Z,chain-0826/tools/a2_cluster_seed.py,tools/studies/chain-0826/a2_cluster_seed.py,2026-09-26T20:15:56Z,"yes: written 2026-09-26T20:15:56Z, before the freeze 2026-09-28T16:15:12Z",
chain-0826,a2-cluster/PHerc0826-seed3149.csv,chain-0826/evidence/a2-cluster/PHerc0826-seed3149.csv,copied,5183b24565821df8984496757e17cfc13072d5972cdaaa807071eee95460e660,2026-09-29T03:31:17Z,chain-0826/tools/a2_cluster_seed.py,tools/studies/chain-0826/a2_cluster_seed.py,2026-09-27T06:52:00Z,"yes: written 2026-09-27T06:52:00Z, before the freeze 2026-09-28T16:15:12Z",
chain-0826,a2-cluster/PHerc0826-seed3167.csv,chain-0826/evidence/a2-cluster/PHerc0826-seed3167.csv,copied,7d6ea020f2dea7320da8b56d0dec1ac193cb65ec0b9b78e917f51e53b9f25429,2026-09-29T03:31:17Z,chain-0826/tools/a2_cluster_seed.py,tools/studies/chain-0826/a2_cluster_seed.py,2026-09-27T17:25:02Z,"yes: written 2026-09-27T17:25:02Z, before the freeze 2026-09-28T16:15:12Z",
chain-0826,a2-cluster/PHerc0826-seed321.csv,chain-0826/evidence/a2-cluster/PHerc0826-seed321.csv,copied,d78e6e07cb383d14fbaae3bc2855f247bbf86466bd00ebc15ea8e1fb33248839,2026-09-29T03:31:17Z,chain-0826/tools/a2_cluster_seed.py,tools/studies/chain-0826/a2_cluster_seed.py,2026-09-26T20:37:34Z,"yes: written 2026-09-26T20:37:34Z, before the freeze 2026-09-28T16:15:12Z",
chain-0826,a2-cluster/PHerc0826-seed3412.csv,chain-0826/evidence/a2-cluster/PHerc0826-seed3412.csv,copied,a40157fde89eb6a284f2c26c904d9853c9288670f972fd47a1c0d99deac0e5b9,2026-09-29T03:31:17Z,chain-0826/tools/a2_cluster_seed.py,tools/studies/chain-0826/a2_cluster_seed.py,2026-09-27T03:46:21Z,"yes: written 2026-09-27T03:46:21Z, before the freeze 2026-09-28T16:15:12Z",
chain-0826,a2-cluster/PHerc0826-seed3490.csv,chain-0826/evidence/a2-cluster/PHerc0826-seed3490.csv,copied,c379acc96883bb90f144c5d5af4f628900402017bdd6c7ca6cc2c29b86bf3237,2026-09-29T03:31:17Z,chain-0826/tools/a2_cluster_seed.py,tools/studies/chain-0826/a2_cluster_seed.py,2026-09-27T04:28:28Z,"yes: written 2026-09-27T04:28:28Z, before the freeze 2026-09-28T16:15:12Z",
chain-0826,a2-cluster/PHerc0826-seed3509.csv,chain-0826/evidence/a2-cluster/PHerc0826-seed3509.csv,copied,9bdaa07120dbd12256a43c30d28840eca2e4bfebb762bb1bc0393207760f58b4,2026-09-29T03:31:17Z,chain-0826/tools/a2_cluster_seed.py,tools/studies/chain-0826/a2_cluster_seed.py,2026-09-27T03:45:57Z,"yes: written 2026-09-27T03:45:57Z, before the freeze 2026-09-28T16:15:12Z",
chain-0826,a2-cluster/PHerc0826-seed3607.csv,chain-0826/evidence/a2-cluster/PHerc0826-seed3607.csv,copied,40e955df4dcfa2a1d1026b7761bccea167f5eeaba138d7af28ca3d4359827c6b,2026-09-29T03:31:17Z,chain-0826/tools/a2_cluster_seed.py,tools/studies/chain-0826/a2_cluster_seed.py,2026-09-27T04:52:17Z,"yes: written 2026-09-27T04:52:17Z, before the freeze 2026-09-28T16:15:12Z",
chain-0826,a2-cluster/PHerc0826-seed3648.csv,chain-0826/evidence/a2-cluster/PHerc0826-seed3648.csv,copied,e821bffd2f65d3071a7b1658ad15131f92537bdc2ab97a72b6ef5cabac341454,2026-09-29T03:31:17Z,chain-0826/tools/a2_cluster_seed.py,tools/studies/chain-0826/a2_cluster_seed.py,2026-09-27T18:03:57Z,"yes: written 2026-09-27T18:03:57Z, before the freeze 2026-09-28T16:15:12Z",
chain-0826,a2-cluster/PHerc0826-seed3839.csv,chain-0826/evidence/a2-cluster/PHerc0826-seed3839.csv,copied,f9bc87a0b7745386d50d7dc839257e01302c1af7244cb17b5eea9deff402f18b,2026-09-29T03:31:17Z,chain-0826/tools/a2_cluster_seed.py,tools/studies/chain-0826/a2_cluster_seed.py,2026-09-27T05:50:09Z,"yes: written 2026-09-27T05:50:09Z, before the freeze 2026-09-28T16:15:12Z",
chain-0826,a2-cluster/PHerc0826-seed3880.csv,chain-0826/evidence/a2-cluster/PHerc0826-seed3880.csv,copied,9e1dadb08babb4e082d36d4f4fbb9ef13368a730b6d173ba6e7d90104644e0a7,2026-09-29T03:31:17Z,chain-0826/tools/a2_cluster_seed.py,tools/studies/chain-0826/a2_cluster_seed.py,2026-09-27T05:46:58Z,"yes: written 2026-09-27T05:46:58Z, before the freeze 2026-09-28T16:15:12Z",
chain-0826,a2-cluster/PHerc0826-seed3911.csv,chain-0826/evidence/a2-cluster/PHerc0826-seed3911.csv,copied,a51b38d46691efd5af690dee381ab8fa0eaeae84fe6d5b3d7be6d32581d7f689,2026-09-29T03:31:17Z,chain-0826/tools/a2_cluster_seed.py,tools/studies/chain-0826/a2_cluster_seed.py,2026-09-27T04:17:42Z,"yes: written 2026-09-27T04:17:42Z, before the freeze 2026-09-28T16:15:12Z",
chain-0826,a2-cluster/PHerc0826-seed3950.csv,chain-0826/evidence/a2-cluster/PHerc0826-seed3950.csv,copied,733dbe364048e549983fae288454bb4b9390659c96cee537d5f86b6606360ba9,2026-09-29T03:31:17Z,chain-0826/tools/a2_cluster_seed.py,tools/studies/chain-0826/a2_cluster_seed.py,2026-09-27T04:27:19Z,"yes: written 2026-09-27T04:27:19Z, before the freeze 2026-09-28T16:15:12Z",
chain-0826,a2-cluster/PHerc0826-seed3953.csv,chain-0826/evidence/a2-cluster/PHerc0826-seed3953.csv,copied,6a09dacae40bafd2472eeb4775f6f5c5a51e71864a20956ebd4d06d5d92218c9,2026-09-29T03:31:17Z,chain-0826/tools/a2_cluster_seed.py,tools/studies/chain-0826/a2_cluster_seed.py,2026-09-27T17:19:00Z,"yes: written 2026-09-27T17:19:00Z, before the freeze 2026-09-28T16:15:12Z",
chain-0826,a2-cluster/PHerc0826-seed4009.csv,chain-0826/evidence/a2-cluster/PHerc0826-seed4009.csv,copied,068aa3ebeed559e35deaf0f875127de45c46bf97afd54521f871577e7fe52892,2026-09-29T03:31:17Z,chain-0826/tools/a2_cluster_seed.py,tools/studies/chain-0826/a2_cluster_seed.py,2026-09-27T05:32:57Z,"yes: written 2026-09-27T05:32:57Z, before the freeze 2026-09-28T16:15:12Z",
chain-0826,a2-cluster/PHerc0826-seed4058.csv,chain-0826/evidence/a2-cluster/PHerc0826-seed4058.csv,copied,2709c61b927365027a6602fe55d44ddbfca5b520bf5659af98944dbf117dcecc,2026-09-29T03:31:17Z,chain-0826/tools/a2_cluster_seed.py,tools/studies/chain-0826/a2_cluster_seed.py,2026-09-27T04:04:32Z,"yes: written 2026-09-27T04:04:32Z, before the freeze 2026-09-28T16:15:12Z",
chain-0826,a2-cluster/PHerc0826-seed4062.csv,chain-0826/evidence/a2-cluster/PHerc0826-seed4062.csv,copied,0549604ce56a587e2c8313092949ab690f4b9030288c16287338e4ec4080b327,2026-09-29T03:31:17Z,chain-0826/tools/a2_cluster_seed.py,tools/studies/chain-0826/a2_cluster_seed.py,2026-09-27T19:12:11Z,"yes: written 2026-09-27T19:12:11Z, before the freeze 2026-09-28T16:15:12Z",
chain-0826,a2-cluster/PHerc0826-seed4202.csv,chain-0826/evidence/a2-cluster/PHerc0826-seed4202.csv,copied,f06b157dc0303da30fcf4ab595711a257809067d8eb8f78d98cfce4e09a113b1,2026-09-29T03:31:17Z,chain-0826/tools/a2_cluster_seed.py,tools/studies/chain-0826/a2_cluster_seed.py,2026-09-27T17:31:15Z,"yes: written 2026-09-27T17:31:15Z, before the freeze 2026-09-28T16:15:12Z",
chain-0826,a2-cluster/PHerc0826-seed4343.csv,chain-0826/evidence/a2-cluster/PHerc0826-seed4343.csv,copied,47e9f9270d0c88a5c24c106a6c0e3c0e5ff790d54a763652ed7eeaeb1c58d85e,2026-09-29T03:31:17Z,chain-0826/tools/a2_cluster_seed.py,tools/studies/chain-0826/a2_cluster_seed.py,2026-09-27T19:05:42Z,"yes: written 2026-09-27T19:05:42Z, before the freeze 2026-09-28T16:15:12Z",
chain-0826,a2-cluster/PHerc0826-seed4391.csv,chain-0826/evidence/a2-cluster/PHerc0826-seed4391.csv,copied,7a09742fb6488d6e39d4624d96ca951cc0d0388fbac7f89c4f50c1f493958a56,2026-09-29T03:31:17Z,chain-0826/tools/a2_cluster_seed.py,tools/studies/chain-0826/a2_cluster_seed.py,2026-09-27T04:17:20Z,"yes: written 2026-09-27T04:17:20Z, before the freeze 2026-09-28T16:15:12Z",
chain-0826,a2-cluster/PHerc0826-seed4440.csv,chain-0826/evidence/a2-cluster/PHerc0826-seed4440.csv,copied,ef56638306b1b578e1345069c4936924b9fc33a0308f0debc0997f31308028ff,2026-09-29T03:31:17Z,chain-0826/tools/a2_cluster_seed.py,tools/studies/chain-0826/a2_cluster_seed.py,2026-09-27T04:52:02Z,"yes: written 2026-09-27T04:52:02Z, before the freeze 2026-09-28T16:15:12Z",
chain-0826,a2-cluster/PHerc0826-seed4480.csv,chain-0826/evidence/a2-cluster/PHerc0826-seed4480.csv,copied,58081aa8fd9c988aa07ee094ee6776929a5752c7013a3038af0135af3ae5b8fc,2026-09-29T03:31:17Z,chain-0826/tools/a2_cluster_seed.py,tools/studies/chain-0826/a2_cluster_seed.py,2026-09-27T19:14:19Z,"yes: written 2026-09-27T19:14:19Z, before the freeze 2026-09-28T16:15:12Z",
chain-0826,a2-cluster/PHerc0826-seed4490.csv,chain-0826/evidence/a2-cluster/PHerc0826-seed4490.csv,copied,68fff8d92ba6943319fb2ea37da61586e6f0dc2c7e57801d2c9bbb55bca389fd,2026-09-29T03:31:17Z,chain-0826/tools/a2_cluster_seed.py,tools/studies/chain-0826/a2_cluster_seed.py,2026-09-27T04:13:44Z,"yes: written 2026-09-27T04:13:44Z, before the freeze 2026-09-28T16:15:12Z",
chain-0826,a2-cluster/PHerc0826-seed4494.csv,chain-0826/evidence/a2-cluster/PHerc0826-seed4494.csv,copied,365e90a4228a0fad09661c4ea86c450805be66e4ac5a9f16b6dbb02018042e13,2026-09-29T03:31:17Z,chain-0826/tools/a2_cluster_seed.py,tools/studies/chain-0826/a2_cluster_seed.py,2026-09-27T06:46:41Z,"yes: written 2026-09-27T06:46:41Z, before the freeze 2026-09-28T16:15:12Z",
chain-0826,a2-cluster/PHerc0826-seed4595.csv,chain-0826/evidence/a2-cluster/PHerc0826-seed4595.csv,copied,fae714bcc31345f80d9c07a1738ce32d2292094343f6a773ff62484361c0fcbe,2026-09-29T03:31:17Z,chain-0826/tools/a2_cluster_seed.py,tools/studies/chain-0826/a2_cluster_seed.py,2026-09-27T04:16:55Z,"yes: written 2026-09-27T04:16:55Z, before the freeze 2026-09-28T16:15:12Z",
chain-0826,a2-cluster/PHerc0826-seed4667.csv,chain-0826/evidence/a2-cluster/PHerc0826-seed4667.csv,copied,7a320f7e3a3dd01905c1929a4b977f06109ee5236b3c60f19ea40def97fea843,2026-09-29T03:31:17Z,chain-0826/tools/a2_cluster_seed.py,tools/studies/chain-0826/a2_cluster_seed.py,2026-09-27T18:50:00Z,"yes: written 2026-09-27T18:50:00Z, before the freeze 2026-09-28T16:15:12Z",
chain-0826,a2-cluster/PHerc0826-seed4690.csv,chain-0826/evidence/a2-cluster/PHerc0826-seed4690.csv,copied,3a26d446f88db23c4e219144675c7bd34611523863e40dab9b0c28a5671bd4ae,2026-09-29T03:31:17Z,chain-0826/tools/a2_cluster_seed.py,tools/studies/chain-0826/a2_cluster_seed.py,2026-09-27T17:52:17Z,"yes: written 2026-09-27T17:52:17Z, before the freeze 2026-09-28T16:15:12Z",
chain-0826,a2-cluster/PHerc0826-seed4695.csv,chain-0826/evidence/a2-cluster/PHerc0826-seed4695.csv,copied,9134cd73da23550f23c65af0accc45627902213e7b06f40b5f9d3c55a98a8622,2026-09-29T03:31:17Z,chain-0826/tools/a2_cluster_seed.py,tools/studies/chain-0826/a2_cluster_seed.py,2026-09-27T17:40:57Z,"yes: written 2026-09-27T17:40:57Z, before the freeze 2026-09-28T16:15:12Z",
chain-0826,a2-cluster/PHerc0826-seed4732.csv,chain-0826/evidence/a2-cluster/PHerc0826-seed4732.csv,copied,551845d96bbd6b0bebc023367400cfba430e97a2f2140e26d8c146c47626d8c5,2026-09-29T03:31:17Z,chain-0826/tools/a2_cluster_seed.py,tools/studies/chain-0826/a2_cluster_seed.py,2026-09-27T05:13:44Z,"yes: written 2026-09-27T05:13:44Z, before the freeze 2026-09-28T16:15:12Z",
chain-0826,a2-cluster/PHerc0826-seed4813.csv,chain-0826/evidence/a2-cluster/PHerc0826-seed4813.csv,copied,ca13daed8cca54a453bf6f4dc06afdf1d1a970311f41b97cc63b8277a708ccdc,2026-09-29T03:31:17Z,chain-0826/tools/a2_cluster_seed.py,tools/studies/chain-0826/a2_cluster_seed.py,2026-09-27T05:31:41Z,"yes: written 2026-09-27T05:31:41Z, before the freeze 2026-09-28T16:15:12Z",
chain-0826,a2-cluster/PHerc0826-seed485.csv,chain-0826/evidence/a2-cluster/PHerc0826-seed485.csv,copied,c9a0613f9d961ead2c006afd5dfa6bfef61c8979bb1ac74b977ca19e38f82bac,2026-09-29T03:31:17Z,chain-0826/tools/a2_cluster_seed.py,tools/studies/chain-0826/a2_cluster_seed.py,2026-09-26T21:11:10Z,"yes: written 2026-09-26T21:11:10Z, before the freeze 2026-09-28T16:15:12Z",
chain-0826,a2-cluster/PHerc0826-seed4868.csv,chain-0826/evidence/a2-cluster/PHerc0826-seed4868.csv,copied,cf7b41f85a37a033701e46fc6685eb727d0faf2773a085eb9e3f1af5d9d04540,2026-09-29T03:31:17Z,chain-0826/tools/a2_cluster_seed.py,tools/studies/chain-0826/a2_cluster_seed.py,2026-09-27T04:49:50Z,"yes: written 2026-09-27T04:49:50Z, before the freeze 2026-09-28T16:15:12Z",
chain-0826,a2-cluster/PHerc0826-seed4960.csv,chain-0826/evidence/a2-cluster/PHerc0826-seed4960.csv,copied,bb1514d96759e87c9ace11343226bf11b43de0ff2d61e1c15e7437829cb01a2c,2026-09-29T03:31:17Z,chain-0826/tools/a2_cluster_seed.py,tools/studies/chain-0826/a2_cluster_seed.py,2026-09-27T04:28:36Z,"yes: written 2026-09-27T04:28:36Z, before the freeze 2026-09-28T16:15:12Z",
chain-0826,a2-cluster/PHerc0826-seed5104.csv,chain-0826/evidence/a2-cluster/PHerc0826-seed5104.csv,copied,b11e7d5bfa486b5f215d8dd81966690465c6d031fceb3a9d17b7c73fda4f1026,2026-09-29T03:31:17Z,chain-0826/tools/a2_cluster_seed.py,tools/studies/chain-0826/a2_cluster_seed.py,2026-09-27T18:51:30Z,"yes: written 2026-09-27T18:51:30Z, before the freeze 2026-09-28T16:15:12Z",
chain-0826,a2-cluster/PHerc0826-seed5171.csv,chain-0826/evidence/a2-cluster/PHerc0826-seed5171.csv,copied,73cbf3dbbd14e1d6bb19a6b52eaf1b311ea518636376b42f8ab1ab971d5dc527,2026-09-29T03:31:17Z,chain-0826/tools/a2_cluster_seed.py,tools/studies/chain-0826/a2_cluster_seed.py,2026-09-27T05:42:20Z,"yes: written 2026-09-27T05:42:20Z, before the freeze 2026-09-28T16:15:12Z",
chain-0826,a2-cluster/PHerc0826-seed5198.csv,chain-0826/evidence/a2-cluster/PHerc0826-seed5198.csv,copied,ddb9b85673df1ae448a1e336f67d3f952c196626e5543b5516f0ad6783c3e0b7,2026-09-29T03:31:17Z,chain-0826/tools/a2_cluster_seed.py,tools/studies/chain-0826/a2_cluster_seed.py,2026-09-27T04:34:23Z,"yes: written 2026-09-27T04:34:23Z, before the freeze 2026-09-28T16:15:12Z",
chain-0826,a2-cluster/PHerc0826-seed5262.csv,chain-0826/evidence/a2-cluster/PHerc0826-seed5262.csv,copied,da074a39f90ce33982d9fb1fbfd72a006f2376884b181f3bc071581bb7f790d7,2026-09-29T03:31:17Z,chain-0826/tools/a2_cluster_seed.py,tools/studies/chain-0826/a2_cluster_seed.py,2026-09-27T04:46:50Z,"yes: written 2026-09-27T04:46:50Z, before the freeze 2026-09-28T16:15:12Z",
chain-0826,a2-cluster/PHerc0826-seed5349.csv,chain-0826/evidence/a2-cluster/PHerc0826-seed5349.csv,copied,c9878d1a77186793e1349a8c40104080103accf48af3ee626dfb3493337f348b,2026-09-29T03:31:17Z,chain-0826/tools/a2_cluster_seed.py,tools/studies/chain-0826/a2_cluster_seed.py,2026-09-27T04:43:33Z,"yes: written 2026-09-27T04:43:33Z, before the freeze 2026-09-28T16:15:12Z",
chain-0826,a2-cluster/PHerc0826-seed5351.csv,chain-0826/evidence/a2-cluster/PHerc0826-seed5351.csv,copied,63953a14b1b19d36252d709525062ef54db9541db9afea498fadec4d9c0c67ea,2026-09-29T03:31:17Z,chain-0826/tools/a2_cluster_seed.py,tools/studies/chain-0826/a2_cluster_seed.py,2026-09-27T18:52:13Z,"yes: written 2026-09-27T18:52:13Z, before the freeze 2026-09-28T16:15:12Z",
chain-0826,a2-cluster/PHerc0826-seed5364.csv,chain-0826/evidence/a2-cluster/PHerc0826-seed5364.csv,copied,03e6bef14b7ebf2fa143bbc46b07830173d9c836ddaea35eca3270f1b2eafb2a,2026-09-29T03:31:17Z,chain-0826/tools/a2_cluster_seed.py,tools/studies/chain-0826/a2_cluster_seed.py,2026-09-27T17:24:38Z,"yes: written 2026-09-27T17:24:38Z, before the freeze 2026-09-28T16:15:12Z",
chain-0826,a2-cluster/PHerc0826-seed5382.csv,chain-0826/evidence/a2-cluster/PHerc0826-seed5382.csv,copied,037fd3f252c2ebd08c655fcb622021c90e1131fb53791d540f9ab3d87bd00130,2026-09-29T03:31:17Z,chain-0826/tools/a2_cluster_seed.py,tools/studies/chain-0826/a2_cluster_seed.py,2026-09-27T09:34:28Z,"yes: written 2026-09-27T09:34:28Z, before the freeze 2026-09-28T16:15:12Z",
chain-0826,a2-cluster/PHerc0826-seed5608.csv,chain-0826/evidence/a2-cluster/PHerc0826-seed5608.csv,copied,52c90adbcf0bdbdb7d222d406604ab5a0155c113a7b8d7b2859296193323fccf,2026-09-29T03:31:17Z,chain-0826/tools/a2_cluster_seed.py,tools/studies/chain-0826/a2_cluster_seed.py,2026-09-27T04:50:32Z,"yes: written 2026-09-27T04:50:32Z, before the freeze 2026-09-28T16:15:12Z",
chain-0826,a2-cluster/PHerc0826-seed5611.csv,chain-0826/evidence/a2-cluster/PHerc0826-seed5611.csv,copied,bdf84784c2707ddaadd4bff9d08e08d91f9222fcb3b11372144d4e712bb5726a,2026-09-29T03:31:17Z,chain-0826/tools/a2_cluster_seed.py,tools/studies/chain-0826/a2_cluster_seed.py,2026-09-27T05:26:03Z,"yes: written 2026-09-27T05:26:03Z, before the freeze 2026-09-28T16:15:12Z",
chain-0826,a2-cluster/PHerc0826-seed5630.csv,chain-0826/evidence/a2-cluster/PHerc0826-seed5630.csv,copied,4b9ccb8927fce073c4c42d8b4249c96a4e0745ec841c597c182eef6709ab2a13,2026-09-29T03:31:17Z,chain-0826/tools/a2_cluster_seed.py,tools/studies/chain-0826/a2_cluster_seed.py,2026-09-27T09:50:10Z,"yes: written 2026-09-27T09:50:10Z, before the freeze 2026-09-28T16:15:12Z",
chain-0826,a2-cluster/PHerc0826-seed5649.csv,chain-0826/evidence/a2-cluster/PHerc0826-seed5649.csv,copied,ea57bd793faac6f999ba1b4d7a25b46d19a431a52be1b35153e19c18f77a0da2,2026-09-29T03:31:17Z,chain-0826/tools/a2_cluster_seed.py,tools/studies/chain-0826/a2_cluster_seed.py,2026-09-27T04:46:18Z,"yes: written 2026-09-27T04:46:18Z, before the freeze 2026-09-28T16:15:12Z",
chain-0826,a2-cluster/PHerc0826-seed5702.csv,chain-0826/evidence/a2-cluster/PHerc0826-seed5702.csv,copied,2a41c07f2057edd6d2e49d408a87efa0f9695d90f7879978cebdd6c154583e8b,2026-09-29T03:31:17Z,chain-0826/tools/a2_cluster_seed.py,tools/studies/chain-0826/a2_cluster_seed.py,2026-09-27T05:31:43Z,"yes: written 2026-09-27T05:31:43Z, before the freeze 2026-09-28T16:15:12Z",
chain-0826,a2-cluster/PHerc0826-seed5728.csv,chain-0826/evidence/a2-cluster/PHerc0826-seed5728.csv,copied,d5e85f9dc0db83012d5462cdccd5a6a33931eb6a024eea77716623b18d2514b9,2026-09-29T03:31:17Z,chain-0826/tools/a2_cluster_seed.py,tools/studies/chain-0826/a2_cluster_seed.py,2026-09-27T19:03:31Z,"yes: written 2026-09-27T19:03:31Z, before the freeze 2026-09-28T16:15:12Z",
chain-0826,a2-cluster/PHerc0826-seed5770.csv,chain-0826/evidence/a2-cluster/PHerc0826-seed5770.csv,copied,6af810e9307f1671171789d09a62e868a03d4b7dbde162b6e4ddb45f504b856a,2026-09-29T03:31:17Z,chain-0826/tools/a2_cluster_seed.py,tools/studies/chain-0826/a2_cluster_seed.py,2026-09-27T04:54:53Z,"yes: written 2026-09-27T04:54:53Z, before the freeze 2026-09-28T16:15:12Z",
chain-0826,a2-cluster/PHerc0826-seed5812.csv,chain-0826/evidence/a2-cluster/PHerc0826-seed5812.csv,copied,bc5e4135977cac456100b21b2875cb978bcd36f49b66f75a1e6e0629c0a502eb,2026-09-29T03:31:17Z,chain-0826/tools/a2_cluster_seed.py,tools/studies/chain-0826/a2_cluster_seed.py,2026-09-27T17:32:08Z,"yes: written 2026-09-27T17:32:08Z, before the freeze 2026-09-28T16:15:12Z",
chain-0826,a2-cluster/PHerc0826-seed5835.csv,chain-0826/evidence/a2-cluster/PHerc0826-seed5835.csv,copied,4766c50457b00a1564515990acec843ba5bdbd74989525b260e07ed869602cf7,2026-09-29T03:31:17Z,chain-0826/tools/a2_cluster_seed.py,tools/studies/chain-0826/a2_cluster_seed.py,2026-09-27T18:54:41Z,"yes: written 2026-09-27T18:54:41Z, before the freeze 2026-09-28T16:15:12Z",
chain-0826,a2-cluster/PHerc0826-seed5989.csv,chain-0826/evidence/a2-cluster/PHerc0826-seed5989.csv,copied,c2317032769c43c931ea59ff973081c8b4ce6179e9fe1a51d9f5aa1b34830cc6,2026-09-29T03:31:17Z,chain-0826/tools/a2_cluster_seed.py,tools/studies/chain-0826/a2_cluster_seed.py,2026-09-27T17:19:44Z,"yes: written 2026-09-27T17:19:44Z, before the freeze 2026-09-28T16:15:12Z",
chain-0826,a2-cluster/PHerc0826-seed6013.csv,chain-0826/evidence/a2-cluster/PHerc0826-seed6013.csv,copied,200e5d43b01c0c725d13825208357376c4a9093b3bd3f09679836b9edd33a6f9,2026-09-29T03:31:17Z,chain-0826/tools/a2_cluster_seed.py,tools/studies/chain-0826/a2_cluster_seed.py,2026-09-27T06:26:30Z,"yes: written 2026-09-27T06:26:30Z, before the freeze 2026-09-28T16:15:12Z",
chain-0826,a2-cluster/PHerc0826-seed6181.csv,chain-0826/evidence/a2-cluster/PHerc0826-seed6181.csv,copied,a75749113218d318e07144364321ffde540136da697729214a8365ad59193d19,2026-09-29T03:31:17Z,chain-0826/tools/a2_cluster_seed.py,tools/studies/chain-0826/a2_cluster_seed.py,2026-09-27T09:37:47Z,"yes: written 2026-09-27T09:37:47Z, before the freeze 2026-09-28T16:15:12Z",
chain-0826,a2-cluster/PHerc0826-seed6206.csv,chain-0826/evidence/a2-cluster/PHerc0826-seed6206.csv,copied,65e8fa15786faa9e6530bc13a19ca1fefee12b852a1e101276b5c6909cad1922,2026-09-29T03:31:17Z,chain-0826/tools/a2_cluster_seed.py,tools/studies/chain-0826/a2_cluster_seed.py,2026-09-27T05:12:43Z,"yes: written 2026-09-27T05:12:43Z, before the freeze 2026-09-28T16:15:12Z",
chain-0826,a2-cluster/PHerc0826-seed6209.csv,chain-0826/evidence/a2-cluster/PHerc0826-seed6209.csv,copied,f3ac15b713f5b0bc4eaf3713888f372425142c04137b52ee851653a557274a7c,2026-09-29T03:31:17Z,chain-0826/tools/a2_cluster_seed.py,tools/studies/chain-0826/a2_cluster_seed.py,2026-09-27T05:33:41Z,"yes: written 2026-09-27T05:33:41Z, before the freeze 2026-09-28T16:15:12Z",
chain-0826,a2-cluster/PHerc0826-seed6237.csv,chain-0826/evidence/a2-cluster/PHerc0826-seed6237.csv,copied,196b8df183927748b351478382389698dbe0cc61faba24cd0ca5eb4f0ee67e26,2026-09-29T03:31:17Z,chain-0826/tools/a2_cluster_seed.py,tools/studies/chain-0826/a2_cluster_seed.py,2026-09-27T06:01:35Z,"yes: written 2026-09-27T06:01:35Z, before the freeze 2026-09-28T16:15:12Z",
chain-0826,a2-cluster/PHerc0826-seed6273.csv,chain-0826/evidence/a2-cluster/PHerc0826-seed6273.csv,copied,87575af91372bd24b888bab953cc80a6fbbc289b64390f773970bc00fbe439f1,2026-09-29T03:31:17Z,chain-0826/tools/a2_cluster_seed.py,tools/studies/chain-0826/a2_cluster_seed.py,2026-09-27T17:18:51Z,"yes: written 2026-09-27T17:18:51Z, before the freeze 2026-09-28T16:15:12Z",
chain-0826,a2-cluster/PHerc0826-seed633.csv,chain-0826/evidence/a2-cluster/PHerc0826-seed633.csv,copied,8dc3e8e6d5d626b6b2973c98069cc5250b2e1cf54fcc44e65c38c9dfa92f54c2,2026-09-29T03:31:17Z,chain-0826/tools/a2_cluster_seed.py,tools/studies/chain-0826/a2_cluster_seed.py,2026-09-26T21:14:06Z,"yes: written 2026-09-26T21:14:06Z, before the freeze 2026-09-28T16:15:12Z",
chain-0826,a2-cluster/PHerc0826-seed6343.csv,chain-0826/evidence/a2-cluster/PHerc0826-seed6343.csv,copied,8c3820b0b16f7da2723efb9f4cefbe49b16d24fc08bad1647c19ac2579e25cc6,2026-09-29T03:31:17Z,chain-0826/tools/a2_cluster_seed.py,tools/studies/chain-0826/a2_cluster_seed.py,2026-09-27T05:39:13Z,"yes: written 2026-09-27T05:39:13Z, before the freeze 2026-09-28T16:15:12Z",
chain-0826,a2-cluster/PHerc0826-seed6346.csv,chain-0826/evidence/a2-cluster/PHerc0826-seed6346.csv,copied,415a3d87e9263e58057976fb4ebb0235d26592c7242068e5319ee66973d339d5,2026-09-29T03:31:17Z,chain-0826/tools/a2_cluster_seed.py,tools/studies/chain-0826/a2_cluster_seed.py,2026-09-27T05:37:07Z,"yes: written 2026-09-27T05:37:07Z, before the freeze 2026-09-28T16:15:12Z",
chain-0826,a2-cluster/PHerc0826-seed6365.csv,chain-0826/evidence/a2-cluster/PHerc0826-seed6365.csv,copied,5310fe1a2a9840c384ba329a0504924d64f1c0a973924547eb3bb6adc41f2584,2026-09-29T03:31:17Z,chain-0826/tools/a2_cluster_seed.py,tools/studies/chain-0826/a2_cluster_seed.py,2026-09-27T06:10:02Z,"yes: written 2026-09-27T06:10:02Z, before the freeze 2026-09-28T16:15:12Z",
chain-0826,a2-cluster/PHerc0826-seed6376.csv,chain-0826/evidence/a2-cluster/PHerc0826-seed6376.csv,copied,1b3682f3df19cef4d860aacfda582828ae6f5c74c7f9beaae6984f9bcfeca3fa,2026-09-29T03:31:17Z,chain-0826/tools/a2_cluster_seed.py,tools/studies/chain-0826/a2_cluster_seed.py,2026-09-27T06:36:26Z,"yes: written 2026-09-27T06:36:26Z, before the freeze 2026-09-28T16:15:12Z",
chain-0826,a2-cluster/PHerc0826-seed6403.csv,chain-0826/evidence/a2-cluster/PHerc0826-seed6403.csv,excluded,,,chain-0826/tools/a2_cluster_seed.py,tools/studies/chain-0826/a2_cluster_seed.py,2026-09-29T01:20:10Z,no: growth_generation_cap=72000; downstream_patch_limit=80000; seed_at_run_time=withheld in runs/PHerc0826-seed6403.csv,
chain-0826,a2-cluster/PHerc0826-seed6405.csv,chain-0826/evidence/a2-cluster/PHerc0826-seed6405.csv,copied,1a315bc034fbdc531f835aaad4e544050d2b27008b3b678a7e9376838b0c55dd,2026-09-29T03:31:17Z,chain-0826/tools/a2_cluster_seed.py,tools/studies/chain-0826/a2_cluster_seed.py,2026-09-28T02:28:17Z,"yes: written 2026-09-28T02:28:17Z, before the freeze 2026-09-28T16:15:12Z",
chain-0826,a2-cluster/PHerc0826-seed6409.csv,chain-0826/evidence/a2-cluster/PHerc0826-seed6409.csv,copied,9463f8856804b8a5305400f586122cf01709133a44b0f1e5a85175fd6a31a203,2026-09-29T03:31:17Z,chain-0826/tools/a2_cluster_seed.py,tools/studies/chain-0826/a2_cluster_seed.py,2026-09-28T01:58:57Z,"yes: written 2026-09-28T01:58:57Z, before the freeze 2026-09-28T16:15:12Z",
chain-0826,a2-cluster/PHerc0826-seed6412.csv,chain-0826/evidence/a2-cluster/PHerc0826-seed6412.csv,copied,c37fbe6ddb0668224c3fea6d36aee5290448da7327990eb8949c628d315eaa1f,2026-09-29T03:31:17Z,chain-0826/tools/a2_cluster_seed.py,tools/studies/chain-0826/a2_cluster_seed.py,2026-09-28T05:28:30Z,"yes: written 2026-09-28T05:28:30Z, before the freeze 2026-09-28T16:15:12Z",
chain-0826,a2-cluster/PHerc0826-seed6414.csv,chain-0826/evidence/a2-cluster/PHerc0826-seed6414.csv,copied,bf7ce2a3232910f3fa40b0a9de290a4d77b8951d386fbf95f13745735ef7af41,2026-09-29T03:31:17Z,chain-0826/tools/a2_cluster_seed.py,tools/studies/chain-0826/a2_cluster_seed.py,2026-09-28T04:55:51Z,"yes: written 2026-09-28T04:55:51Z, before the freeze 2026-09-28T16:15:12Z",
chain-0826,a2-cluster/PHerc0826-seed6415.csv,chain-0826/evidence/a2-cluster/PHerc0826-seed6415.csv,copied,d39756fe7090365564394acb10bfed71f9418cfc5c8495bc90bf627242ac0068,2026-09-29T03:31:17Z,chain-0826/tools/a2_cluster_seed.py,tools/studies/chain-0826/a2_cluster_seed.py,2026-09-28T05:28:46Z,"yes: written 2026-09-28T05:28:46Z, before the freeze 2026-09-28T16:15:12Z",
chain-0826,a2-cluster/PHerc0826-seed6416.csv,chain-0826/evidence/a2-cluster/PHerc0826-seed6416.csv,copied,e502522b54372f1ea337314df7ec8c19117de726c38bd1f725c48f51a5b81c4b,2026-09-29T03:31:17Z,chain-0826/tools/a2_cluster_seed.py,tools/studies/chain-0826/a2_cluster_seed.py,2026-09-28T03:18:07Z,"yes: written 2026-09-28T03:18:07Z, before the freeze 2026-09-28T16:15:12Z",
chain-0826,a2-cluster/PHerc0826-seed6423.csv,chain-0826/evidence/a2-cluster/PHerc0826-seed6423.csv,copied,9d2794a94a3d5233c88b2cc9ebc27ec0dd43935a66a23fec29cfcddd73ff1280,2026-09-29T03:31:17Z,chain-0826/tools/a2_cluster_seed.py,tools/studies/chain-0826/a2_cluster_seed.py,2026-09-28T05:18:34Z,"yes: written 2026-09-28T05:18:34Z, before the freeze 2026-09-28T16:15:12Z",
chain-0826,a2-cluster/PHerc0826-seed6429.csv,chain-0826/evidence/a2-cluster/PHerc0826-seed6429.csv,copied,92eca3acf85a74f18efa2f52bdbf2f23f5d83df6c13f9adb72f5f3f7303c256b,2026-09-29T03:31:17Z,chain-0826/tools/a2_cluster_seed.py,tools/studies/chain-0826/a2_cluster_seed.py,2026-09-28T02:15:52Z,"yes: written 2026-09-28T02:15:52Z, before the freeze 2026-09-28T16:15:12Z",
chain-0826,a2-cluster/PHerc0826-seed6430.csv,chain-0826/evidence/a2-cluster/PHerc0826-seed6430.csv,copied,2a2fb1a91f67f4976e5ae901137f9768f18aab710deec389e90766c72f892b40,2026-09-29T03:31:17Z,chain-0826/tools/a2_cluster_seed.py,tools/studies/chain-0826/a2_cluster_seed.py,2026-09-27T23:54:36Z,"yes: written 2026-09-27T23:54:36Z, before the freeze 2026-09-28T16:15:12Z",
chain-0826,a2-cluster/PHerc0826-seed6440.csv,chain-0826/evidence/a2-cluster/PHerc0826-seed6440.csv,copied,5b230605e2e43c77968eec67fa83af24c8a61c024f84b19404f94c74a1503fb7,2026-09-29T03:31:17Z,chain-0826/tools/a2_cluster_seed.py,tools/studies/chain-0826/a2_cluster_seed.py,2026-09-28T01:52:43Z,"yes: written 2026-09-28T01:52:43Z, before the freeze 2026-09-28T16:15:12Z",
chain-0826,a2-cluster/PHerc0826-seed6449.csv,chain-0826/evidence/a2-cluster/PHerc0826-seed6449.csv,excluded,,,chain-0826/tools/a2_cluster_seed.py,tools/studies/chain-0826/a2_cluster_seed.py,2026-09-28T19:30:52Z,no: growth_generation_cap=72000; downstream_patch_limit=80000; seed_at_run_time=withheld in runs/PHerc0826-seed6449.csv,
chain-0826,a2-cluster/PHerc0826-seed6455.csv,chain-0826/evidence/a2-cluster/PHerc0826-seed6455.csv,excluded,,,chain-0826/tools/a2_cluster_seed.py,tools/studies/chain-0826/a2_cluster_seed.py,2026-09-28T19:50:10Z,no: growth_generation_cap=72000; downstream_patch_limit=80000; seed_at_run_time=withheld in runs/PHerc0826-seed6455.csv,
chain-0826,a2-cluster/PHerc0826-seed6457.csv,chain-0826/evidence/a2-cluster/PHerc0826-seed6457.csv,excluded,,,chain-0826/tools/a2_cluster_seed.py,tools/studies/chain-0826/a2_cluster_seed.py,2026-09-28T19:27:24Z,no: growth_generation_cap=72000; downstream_patch_limit=80000; seed_at_run_time=withheld in runs/PHerc0826-seed6457.csv,
chain-0826,a2-cluster/PHerc0826-seed6458.csv,chain-0826/evidence/a2-cluster/PHerc0826-seed6458.csv,copied,eb0cf0e72dcf286757071eaf92deb6819536a4cfa66c7583b040d14d8e0157f9,2026-09-29T03:31:17Z,chain-0826/tools/a2_cluster_seed.py,tools/studies/chain-0826/a2_cluster_seed.py,2026-09-28T04:44:35Z,"yes: written 2026-09-28T04:44:35Z, before the freeze 2026-09-28T16:15:12Z",
chain-0826,a2-cluster/PHerc0826-seed6459.csv,chain-0826/evidence/a2-cluster/PHerc0826-seed6459.csv,excluded,,,chain-0826/tools/a2_cluster_seed.py,tools/studies/chain-0826/a2_cluster_seed.py,2026-09-28T21:02:44Z,no: growth_generation_cap=72000; downstream_patch_limit=80000; seed_at_run_time=withheld in runs/PHerc0826-seed6459.csv,
chain-0826,a2-cluster/PHerc0826-seed6462.csv,chain-0826/evidence/a2-cluster/PHerc0826-seed6462.csv,excluded,,,chain-0826/tools/a2_cluster_seed.py,tools/studies/chain-0826/a2_cluster_seed.py,2026-09-28T20:57:07Z,no: growth_generation_cap=72000; downstream_patch_limit=80000; seed_at_run_time=withheld in runs/PHerc0826-seed6462.csv,
chain-0826,a2-cluster/PHerc0826-seed6464.csv,chain-0826/evidence/a2-cluster/PHerc0826-seed6464.csv,excluded,,,chain-0826/tools/a2_cluster_seed.py,tools/studies/chain-0826/a2_cluster_seed.py,2026-09-28T22:17:02Z,no: growth_generation_cap=72000; downstream_patch_limit=80000; seed_at_run_time=withheld in runs/PHerc0826-seed6464.csv,
chain-0826,a2-cluster/PHerc0826-seed6465.csv,chain-0826/evidence/a2-cluster/PHerc0826-seed6465.csv,copied,cd3be3ec855c38c3dcdfd943daba3ed7cd473f51366cdd9a3f181da92b5af8a2,2026-09-29T03:31:17Z,chain-0826/tools/a2_cluster_seed.py,tools/studies/chain-0826/a2_cluster_seed.py,2026-09-27T22:45:23Z,"yes: written 2026-09-27T22:45:23Z, before the freeze 2026-09-28T16:15:12Z",
chain-0826,a2-cluster/PHerc0826-seed6469.csv,chain-0826/evidence/a2-cluster/PHerc0826-seed6469.csv,copied,e7e148d4ca02933cf4dd2ddd981ac73c960fef41d0240e659f25a3ec7c4e9647,2026-09-29T03:31:17Z,chain-0826/tools/a2_cluster_seed.py,tools/studies/chain-0826/a2_cluster_seed.py,2026-09-28T03:16:02Z,"yes: written 2026-09-28T03:16:02Z, before the freeze 2026-09-28T16:15:12Z",
chain-0826,a2-cluster/PHerc0826-seed6473.csv,chain-0826/evidence/a2-cluster/PHerc0826-seed6473.csv,copied,29577b06c00283783f4e4061a6b88eb0f5877132282493dcb365b33db7362a92,2026-09-29T03:31:17Z,chain-0826/tools/a2_cluster_seed.py,tools/studies/chain-0826/a2_cluster_seed.py,2026-09-28T00:01:12Z,"yes: written 2026-09-28T00:01:12Z, before the freeze 2026-09-28T16:15:12Z",
chain-0826,a2-cluster/PHerc0826-seed6475.csv,chain-0826/evidence/a2-cluster/PHerc0826-seed6475.csv,excluded,,,chain-0826/tools/a2_cluster_seed.py,tools/studies/chain-0826/a2_cluster_seed.py,2026-09-28T18:10:42Z,no: growth_generation_cap=72000; downstream_patch_limit=80000; seed_at_run_time=withheld in runs/PHerc0826-seed6475.csv,
chain-0826,a2-cluster/PHerc0826-seed6477.csv,chain-0826/evidence/a2-cluster/PHerc0826-seed6477.csv,copied,f3b6be329027c800928b75f08d6918cb34e3fc821661bbe1f5faab060d09383e,2026-09-29T03:31:17Z,chain-0826/tools/a2_cluster_seed.py,tools/studies/chain-0826/a2_cluster_seed.py,2026-09-28T02:41:31Z,"yes: written 2026-09-28T02:41:31Z, before the freeze 2026-09-28T16:15:12Z",
chain-0826,a2-cluster/PHerc0826-seed6478.csv,chain-0826/evidence/a2-cluster/PHerc0826-seed6478.csv,excluded,,,chain-0826/tools/a2_cluster_seed.py,tools/studies/chain-0826/a2_cluster_seed.py,2026-09-28T20:57:59Z,no: growth_generation_cap=72000; downstream_patch_limit=80000; seed_at_run_time=withheld in runs/PHerc0826-seed6478.csv,
chain-0826,a2-cluster/PHerc0826-seed6486.csv,chain-0826/evidence/a2-cluster/PHerc0826-seed6486.csv,excluded,,,chain-0826/tools/a2_cluster_seed.py,tools/studies/chain-0826/a2_cluster_seed.py,2026-09-28T21:11:24Z,no: growth_generation_cap=72000; downstream_patch_limit=80000; seed_at_run_time=withheld in runs/PHerc0826-seed6486.csv,
chain-0826,a2-cluster/PHerc0826-seed6487.csv,chain-0826/evidence/a2-cluster/PHerc0826-seed6487.csv,copied,968ddbea456214295453266c214cf558abc75cae798fcda0e3834ab96e2f6df9,2026-09-29T03:31:17Z,chain-0826/tools/a2_cluster_seed.py,tools/studies/chain-0826/a2_cluster_seed.py,2026-09-28T02:32:40Z,"yes: written 2026-09-28T02:32:40Z, before the freeze 2026-09-28T16:15:12Z",
chain-0826,a2-cluster/PHerc0826-seed6489.csv,chain-0826/evidence/a2-cluster/PHerc0826-seed6489.csv,excluded,,,chain-0826/tools/a2_cluster_seed.py,tools/studies/chain-0826/a2_cluster_seed.py,2026-09-28T19:46:41Z,no: growth_generation_cap=72000; downstream_patch_limit=80000; seed_at_run_time=withheld in runs/PHerc0826-seed6489.csv,
chain-0826,a2-cluster/PHerc0826-seed6496.csv,chain-0826/evidence/a2-cluster/PHerc0826-seed6496.csv,excluded,,,chain-0826/tools/a2_cluster_seed.py,tools/studies/chain-0826/a2_cluster_seed.py,2026-09-28T19:32:47Z,no: growth_generation_cap=72000; downstream_patch_limit=80000; seed_at_run_time=withheld in runs/PHerc0826-seed6496.csv,
chain-0826,a2-cluster/PHerc0826-seed6516.csv,chain-0826/evidence/a2-cluster/PHerc0826-seed6516.csv,excluded,,,chain-0826/tools/a2_cluster_seed.py,tools/studies/chain-0826/a2_cluster_seed.py,2026-09-29T00:32:12Z,no: growth_generation_cap=72000; downstream_patch_limit=80000; seed_at_run_time=withheld in runs/PHerc0826-seed6516.csv,
chain-0826,a2-cluster/PHerc0826-seed6522.csv,chain-0826/evidence/a2-cluster/PHerc0826-seed6522.csv,copied,97fa8f59d28424e3274614dd65784a60457b82e8dab2d265fd0b3bbcc5ef3e72,2026-09-29T03:31:17Z,chain-0826/tools/a2_cluster_seed.py,tools/studies/chain-0826/a2_cluster_seed.py,2026-09-28T05:17:18Z,"yes: written 2026-09-28T05:17:18Z, before the freeze 2026-09-28T16:15:12Z",
chain-0826,a2-cluster/PHerc0826-seed6523.csv,chain-0826/evidence/a2-cluster/PHerc0826-seed6523.csv,copied,5e5f65338781f3dbc9ba72b77d1970b6c1ebe0ce888ee2748ece1e736b0cd7e5,2026-09-29T03:31:17Z,chain-0826/tools/a2_cluster_seed.py,tools/studies/chain-0826/a2_cluster_seed.py,2026-09-28T05:12:15Z,"yes: written 2026-09-28T05:12:15Z, before the freeze 2026-09-28T16:15:12Z",
chain-0826,a2-cluster/PHerc0826-seed6527.csv,chain-0826/evidence/a2-cluster/PHerc0826-seed6527.csv,excluded,,,chain-0826/tools/a2_cluster_seed.py,tools/studies/chain-0826/a2_cluster_seed.py,2026-09-28T20:34:46Z,no: growth_generation_cap=72000; downstream_patch_limit=80000; seed_at_run_time=withheld in runs/PHerc0826-seed6527.csv,
chain-0826,a2-cluster/PHerc0826-seed653.csv,chain-0826/evidence/a2-cluster/PHerc0826-seed653.csv,copied,f11444a2470e55612a818196f3cd664faa95a76276eadbd5417530a010d0260c,2026-09-29T03:31:17Z,chain-0826/tools/a2_cluster_seed.py,tools/studies/chain-0826/a2_cluster_seed.py,2026-09-26T20:55:52Z,"yes: written 2026-09-26T20:55:52Z, before the freeze 2026-09-28T16:15:12Z",
chain-0826,a2-cluster/PHerc0826-seed6531.csv,chain-0826/evidence/a2-cluster/PHerc0826-seed6531.csv,copied,f601a7874ab184d63da0ef1d89c28270da383668b4a752448a8f12d06043c88c,2026-09-29T03:31:17Z,chain-0826/tools/a2_cluster_seed.py,tools/studies/chain-0826/a2_cluster_seed.py,2026-09-28T01:58:39Z,"yes: written 2026-09-28T01:58:39Z, before the freeze 2026-09-28T16:15:12Z",
chain-0826,a2-cluster/PHerc0826-seed6532.csv,chain-0826/evidence/a2-cluster/PHerc0826-seed6532.csv,copied,9a3b60c73154111265f0c24dc7b66e828d1fcaf401ba1de884fe78e72ce02695,2026-09-29T03:31:17Z,chain-0826/tools/a2_cluster_seed.py,tools/studies/chain-0826/a2_cluster_seed.py,2026-09-28T02:02:00Z,"yes: written 2026-09-28T02:02:00Z, before the freeze 2026-09-28T16:15:12Z",
chain-0826,a2-cluster/PHerc0826-seed6536.csv,chain-0826/evidence/a2-cluster/PHerc0826-seed6536.csv,excluded,,,chain-0826/tools/a2_cluster_seed.py,tools/studies/chain-0826/a2_cluster_seed.py,2026-09-28T19:23:53Z,no: growth_generation_cap=72000; downstream_patch_limit=80000; seed_at_run_time=withheld in runs/PHerc0826-seed6536.csv,
chain-0826,a2-cluster/PHerc0826-seed6553.csv,chain-0826/evidence/a2-cluster/PHerc0826-seed6553.csv,copied,6de01aa5c20202f48978b4410a69688d726e873995c9416f1874e2c8e3cd7156,2026-09-29T03:31:17Z,chain-0826/tools/a2_cluster_seed.py,tools/studies/chain-0826/a2_cluster_seed.py,2026-09-27T22:56:25Z,"yes: written 2026-09-27T22:56:25Z, before the freeze 2026-09-28T16:15:12Z",
chain-0826,a2-cluster/PHerc0826-seed6555.csv,chain-0826/evidence/a2-cluster/PHerc0826-seed6555.csv,excluded,,,chain-0826/tools/a2_cluster_seed.py,tools/studies/chain-0826/a2_cluster_seed.py,2026-09-28T19:30:35Z,no: growth_generation_cap=72000; downstream_patch_limit=80000; seed_at_run_time=withheld in runs/PHerc0826-seed6555.csv,
chain-0826,a2-cluster/PHerc0826-seed6557.csv,chain-0826/evidence/a2-cluster/PHerc0826-seed6557.csv,copied,5fcc999c6e096503f405b49e5d17e1bb962056ff1bd4d01338462446b1ef563e,2026-09-29T03:31:17Z,chain-0826/tools/a2_cluster_seed.py,tools/studies/chain-0826/a2_cluster_seed.py,2026-09-28T02:36:30Z,"yes: written 2026-09-28T02:36:30Z, before the freeze 2026-09-28T16:15:12Z",
chain-0826,a2-cluster/PHerc0826-seed6562.csv,chain-0826/evidence/a2-cluster/PHerc0826-seed6562.csv,copied,920d0f9f1b0c1be0d8d11d5fff77a1c43801f37f0efe6a3af0010c3d24631e34,2026-09-29T03:31:17Z,chain-0826/tools/a2_cluster_seed.py,tools/studies/chain-0826/a2_cluster_seed.py,2026-09-27T23:38:09Z,"yes: written 2026-09-27T23:38:09Z, before the freeze 2026-09-28T16:15:12Z",
chain-0826,a2-cluster/PHerc0826-seed6565.csv,chain-0826/evidence/a2-cluster/PHerc0826-seed6565.csv,copied,e7c6b0b09b5f8af2688f23c7c70404ba68e29c39d991922fd6fa1bd3d993b94a,2026-09-29T03:31:17Z,chain-0826/tools/a2_cluster_seed.py,tools/studies/chain-0826/a2_cluster_seed.py,2026-09-28T02:00:36Z,"yes: written 2026-09-28T02:00:36Z, before the freeze 2026-09-28T16:15:12Z",
chain-0826,a2-cluster/PHerc0826-seed6569.csv,chain-0826/evidence/a2-cluster/PHerc0826-seed6569.csv,excluded,,,chain-0826/tools/a2_cluster_seed.py,tools/studies/chain-0826/a2_cluster_seed.py,2026-09-29T01:01:15Z,no: growth_generation_cap=72000; downstream_patch_limit=80000; seed_at_run_time=withheld in runs/PHerc0826-seed6569.csv,
chain-0826,a2-cluster/PHerc0826-seed6572.csv,chain-0826/evidence/a2-cluster/PHerc0826-seed6572.csv,copied,47044cef889dfe05438851e61449adf8d4c943d5f958a1b6ec0641456b12a3fe,2026-09-29T03:31:17Z,chain-0826/tools/a2_cluster_seed.py,tools/studies/chain-0826/a2_cluster_seed.py,2026-09-28T03:12:30Z,"yes: written 2026-09-28T03:12:30Z, before the freeze 2026-09-28T16:15:12Z",
chain-0826,a2-cluster/PHerc0826-seed6578.csv,chain-0826/evidence/a2-cluster/PHerc0826-seed6578.csv,excluded,,,chain-0826/tools/a2_cluster_seed.py,tools/studies/chain-0826/a2_cluster_seed.py,2026-09-29T01:33:20Z,no: growth_generation_cap=72000; downstream_patch_limit=80000; seed_at_run_time=withheld in runs/PHerc0826-seed6578.csv,
chain-0826,a2-cluster/PHerc0826-seed6579.csv,chain-0826/evidence/a2-cluster/PHerc0826-seed6579.csv,copied,c2d8f30ba80fdba997d8acb95896a23a6c64fb5b12e9e2f4118c410424c0cd7f,2026-09-29T03:31:17Z,chain-0826/tools/a2_cluster_seed.py,tools/studies/chain-0826/a2_cluster_seed.py,2026-09-28T02:23:49Z,"yes: written 2026-09-28T02:23:49Z, before the freeze 2026-09-28T16:15:12Z",
chain-0826,a2-cluster/PHerc0826-seed6581.csv,chain-0826/evidence/a2-cluster/PHerc0826-seed6581.csv,excluded,,,chain-0826/tools/a2_cluster_seed.py,tools/studies/chain-0826/a2_cluster_seed.py,2026-09-28T20:31:40Z,no: growth_generation_cap=72000; downstream_patch_limit=80000; seed_at_run_time=withheld in runs/PHerc0826-seed6581.csv,
chain-0826,a2-cluster/PHerc0826-seed6582.csv,chain-0826/evidence/a2-cluster/PHerc0826-seed6582.csv,copied,bb8abfdc27ae7d3483af369bab2fc1263986b8793599dec606bf4cc9cbfed7d9,2026-09-29T03:31:17Z,chain-0826/tools/a2_cluster_seed.py,tools/studies/chain-0826/a2_cluster_seed.py,2026-09-28T02:57:07Z,"yes: written 2026-09-28T02:57:07Z, before the freeze 2026-09-28T16:15:12Z",
chain-0826,a2-cluster/PHerc0826-seed6584.csv,chain-0826/evidence/a2-cluster/PHerc0826-seed6584.csv,copied,44cf7991531a78a1bbf74961d125e9b46e4728527331386b4e59f6b557ecc8e7,2026-09-29T03:31:17Z,chain-0826/tools/a2_cluster_seed.py,tools/studies/chain-0826/a2_cluster_seed.py,2026-09-28T00:14:39Z,"yes: written 2026-09-28T00:14:39Z, before the freeze 2026-09-28T16:15:12Z",
chain-0826,a2-cluster/PHerc0826-seed6595.csv,chain-0826/evidence/a2-cluster/PHerc0826-seed6595.csv,copied,4e0188ca6d80f6cb0615014692d11f878d8f8000e956f0d5303293d83cad96e8,2026-09-29T03:31:17Z,chain-0826/tools/a2_cluster_seed.py,tools/studies/chain-0826/a2_cluster_seed.py,2026-09-28T03:15:38Z,"yes: written 2026-09-28T03:15:38Z, before the freeze 2026-09-28T16:15:12Z",
chain-0826,a2-cluster/PHerc0826-seed6596.csv,chain-0826/evidence/a2-cluster/PHerc0826-seed6596.csv,copied,d56c8200e864d6bfb31ce8c1f8954627102d4222d09d96d7ed5de462ff4dd164,2026-09-29T03:31:17Z,chain-0826/tools/a2_cluster_seed.py,tools/studies/chain-0826/a2_cluster_seed.py,2026-09-28T04:54:20Z,"yes: written 2026-09-28T04:54:20Z, before the freeze 2026-09-28T16:15:12Z",
chain-0826,a2-cluster/PHerc0826-seed6597.csv,chain-0826/evidence/a2-cluster/PHerc0826-seed6597.csv,copied,965f8d26f97611c5ef61b77cc9bd043e88e8cf317114632c8bf8e1f42b94218d,2026-09-29T03:31:17Z,chain-0826/tools/a2_cluster_seed.py,tools/studies/chain-0826/a2_cluster_seed.py,2026-09-28T02:48:35Z,"yes: written 2026-09-28T02:48:35Z, before the freeze 2026-09-28T16:15:12Z",
chain-0826,a2-cluster/PHerc0826-seed6602.csv,chain-0826/evidence/a2-cluster/PHerc0826-seed6602.csv,excluded,,,chain-0826/tools/a2_cluster_seed.py,tools/studies/chain-0826/a2_cluster_seed.py,2026-09-28T19:56:02Z,no: growth_generation_cap=72000; downstream_patch_limit=80000; seed_at_run_time=withheld in runs/PHerc0826-seed6602.csv,
chain-0826,a2-cluster/PHerc0826-seed6609.csv,chain-0826/evidence/a2-cluster/PHerc0826-seed6609.csv,copied,4d8d5365f70fd2f555bc60bca964e4f2689650e0982284e3be648240751051de,2026-09-29T03:31:17Z,chain-0826/tools/a2_cluster_seed.py,tools/studies/chain-0826/a2_cluster_seed.py,2026-09-28T03:25:41Z,"yes: written 2026-09-28T03:25:41Z, before the freeze 2026-09-28T16:15:12Z",
chain-0826,a2-cluster/PHerc0826-seed6611.csv,chain-0826/evidence/a2-cluster/PHerc0826-seed6611.csv,copied,5e9d3aefc14409f9622549722d4acf230fc09170040858e10f437c28ca651925,2026-09-29T03:31:17Z,chain-0826/tools/a2_cluster_seed.py,tools/studies/chain-0826/a2_cluster_seed.py,2026-09-28T03:24:46Z,"yes: written 2026-09-28T03:24:46Z, before the freeze 2026-09-28T16:15:12Z",
chain-0826,a2-cluster/PHerc0826-seed6616.csv,chain-0826/evidence/a2-cluster/PHerc0826-seed6616.csv,excluded,,,chain-0826/tools/a2_cluster_seed.py,tools/studies/chain-0826/a2_cluster_seed.py,2026-09-28T20:14:19Z,no: growth_generation_cap=72000; downstream_patch_limit=80000; seed_at_run_time=withheld in runs/PHerc0826-seed6616.csv,
chain-0826,a2-cluster/PHerc0826-seed6623.csv,chain-0826/evidence/a2-cluster/PHerc0826-seed6623.csv,copied,7e8661d52fdd058d089c6dd80e1c700a769e76990ba75b5d9ac6d324f80f9944,2026-09-29T03:31:17Z,chain-0826/tools/a2_cluster_seed.py,tools/studies/chain-0826/a2_cluster_seed.py,2026-09-28T02:01:31Z,"yes: written 2026-09-28T02:01:31Z, before the freeze 2026-09-28T16:15:12Z",
chain-0826,a2-cluster/PHerc0826-seed6626.csv,chain-0826/evidence/a2-cluster/PHerc0826-seed6626.csv,copied,76df50e09766dcb6ebea17ad34b2ecf3ec3c8ba72e005c1646424ff450bf3c08,2026-09-29T03:31:17Z,chain-0826/tools/a2_cluster_seed.py,tools/studies/chain-0826/a2_cluster_seed.py,2026-09-27T23:06:18Z,"yes: written 2026-09-27T23:06:18Z, before the freeze 2026-09-28T16:15:12Z",
chain-0826,a2-cluster/PHerc0826-seed6629.csv,chain-0826/evidence/a2-cluster/PHerc0826-seed6629.csv,copied,21f9fe373de761fdc6a6448210c4a5fdd0cc8d3fabd61bf9dbe74b087f62486f,2026-09-29T03:31:17Z,chain-0826/tools/a2_cluster_seed.py,tools/studies/chain-0826/a2_cluster_seed.py,2026-09-28T02:21:39Z,"yes: written 2026-09-28T02:21:39Z, before the freeze 2026-09-28T16:15:12Z",
chain-0826,a2-cluster/PHerc0826-seed6631.csv,chain-0826/evidence/a2-cluster/PHerc0826-seed6631.csv,copied,41b2496e2031c2beadb1b4df4b0b4d1b19fbea0fd5f50b2ab00a8e5a1ef21d9c,2026-09-29T03:31:17Z,chain-0826/tools/a2_cluster_seed.py,tools/studies/chain-0826/a2_cluster_seed.py,2026-09-27T23:01:29Z,"yes: written 2026-09-27T23:01:29Z, before the freeze 2026-09-28T16:15:12Z",
chain-0826,a2-cluster/PHerc0826-seed6638.csv,chain-0826/evidence/a2-cluster/PHerc0826-seed6638.csv,excluded,,,chain-0826/tools/a2_cluster_seed.py,tools/studies/chain-0826/a2_cluster_seed.py,2026-09-28T21:32:32Z,no: growth_generation_cap=72000; downstream_patch_limit=80000; seed_at_run_time=withheld in runs/PHerc0826-seed6638.csv,
chain-0826,a2-cluster/PHerc0826-seed6642.csv,chain-0826/evidence/a2-cluster/PHerc0826-seed6642.csv,excluded,,,chain-0826/tools/a2_cluster_seed.py,tools/studies/chain-0826/a2_cluster_seed.py,2026-09-28T21:03:10Z,no: growth_generation_cap=72000; downstream_patch_limit=80000; seed_at_run_time=withheld in runs/PHerc0826-seed6642.csv,
chain-0826,a2-cluster/PHerc0826-seed6643.csv,chain-0826/evidence/a2-cluster/PHerc0826-seed6643.csv,copied,76ddd631a8f7fbb161bdd2786d265ff76f82cee9d6dff00ad3776427a5c1eb77,2026-09-29T03:31:17Z,chain-0826/tools/a2_cluster_seed.py,tools/studies/chain-0826/a2_cluster_seed.py,2026-09-28T05:35:03Z,"yes: written 2026-09-28T05:35:03Z, before the freeze 2026-09-28T16:15:12Z",
chain-0826,a2-cluster/PHerc0826-seed6644.csv,chain-0826/evidence/a2-cluster/PHerc0826-seed6644.csv,excluded,,,chain-0826/tools/a2_cluster_seed.py,tools/studies/chain-0826/a2_cluster_seed.py,2026-09-28T19:03:25Z,no: growth_generation_cap=72000; downstream_patch_limit=80000; seed_at_run_time=withheld in runs/PHerc0826-seed6644.csv,
chain-0826,a2-cluster/PHerc0826-seed6654.csv,chain-0826/evidence/a2-cluster/PHerc0826-seed6654.csv,copied,834df577604df3fb9dda0dbcd28635d5616c1aba69cc24116da7b255efaddf64,2026-09-29T03:31:17Z,chain-0826/tools/a2_cluster_seed.py,tools/studies/chain-0826/a2_cluster_seed.py,2026-09-28T02:01:01Z,"yes: written 2026-09-28T02:01:01Z, before the freeze 2026-09-28T16:15:12Z",
chain-0826,a2-cluster/PHerc0826-seed6656.csv,chain-0826/evidence/a2-cluster/PHerc0826-seed6656.csv,copied,5d0e46fb2250eb945815a774f962b3c503d5c77d345a051580b608e09a162c42,2026-09-29T03:31:17Z,chain-0826/tools/a2_cluster_seed.py,tools/studies/chain-0826/a2_cluster_seed.py,2026-09-28T02:37:04Z,"yes: written 2026-09-28T02:37:04Z, before the freeze 2026-09-28T16:15:12Z",
chain-0826,a2-cluster/PHerc0826-seed6657.csv,chain-0826/evidence/a2-cluster/PHerc0826-seed6657.csv,copied,82a10e6635aff764d00c2b30be886ad642c6a6d8997c82f7e289d6690d64af4a,2026-09-29T03:31:17Z,chain-0826/tools/a2_cluster_seed.py,tools/studies/chain-0826/a2_cluster_seed.py,2026-09-28T02:54:25Z,"yes: written 2026-09-28T02:54:25Z, before the freeze 2026-09-28T16:15:12Z",
chain-0826,a2-cluster/PHerc0826-seed6660.csv,chain-0826/evidence/a2-cluster/PHerc0826-seed6660.csv,copied,fc9e2a7251ae30a8386fde24110fca19f617c73ff5634c7cb226bfa9db5750bf,2026-09-29T03:31:17Z,chain-0826/tools/a2_cluster_seed.py,tools/studies/chain-0826/a2_cluster_seed.py,2026-09-28T00:03:17Z,"yes: written 2026-09-28T00:03:17Z, before the freeze 2026-09-28T16:15:12Z",
chain-0826,a2-cluster/PHerc0826-seed6661.csv,chain-0826/evidence/a2-cluster/PHerc0826-seed6661.csv,copied,ae5d23e6be368e504c79d2f182dbc94d184dda848d50d42596d0bb6db1e9fbab,2026-09-29T03:31:17Z,chain-0826/tools/a2_cluster_seed.py,tools/studies/chain-0826/a2_cluster_seed.py,2026-09-28T04:59:26Z,"yes: written 2026-09-28T04:59:26Z, before the freeze 2026-09-28T16:15:12Z",
chain-0826,a2-cluster/PHerc0826-seed6664.csv,chain-0826/evidence/a2-cluster/PHerc0826-seed6664.csv,excluded,,,chain-0826/tools/a2_cluster_seed.py,tools/studies/chain-0826/a2_cluster_seed.py,2026-09-29T00:53:05Z,no: growth_generation_cap=72000; downstream_patch_limit=80000; seed_at_run_time=withheld in runs/PHerc0826-seed6664.csv,
chain-0826,a2-cluster/PHerc0826-seed6668.csv,chain-0826/evidence/a2-cluster/PHerc0826-seed6668.csv,excluded,,,chain-0826/tools/a2_cluster_seed.py,tools/studies/chain-0826/a2_cluster_seed.py,2026-09-28T21:57:39Z,no: growth_generation_cap=72000; downstream_patch_limit=80000; seed_at_run_time=withheld in runs/PHerc0826-seed6668.csv,
chain-0826,a2-cluster/PHerc0826-seed6672.csv,chain-0826/evidence/a2-cluster/PHerc0826-seed6672.csv,excluded,,,chain-0826/tools/a2_cluster_seed.py,tools/studies/chain-0826/a2_cluster_seed.py,2026-09-28T20:38:12Z,no: growth_generation_cap=72000; downstream_patch_limit=80000; seed_at_run_time=withheld in runs/PHerc0826-seed6672.csv,
chain-0826,a2-cluster/PHerc0826-seed6674.csv,chain-0826/evidence/a2-cluster/PHerc0826-seed6674.csv,excluded,,,chain-0826/tools/a2_cluster_seed.py,tools/studies/chain-0826/a2_cluster_seed.py,2026-09-28T20:38:23Z,no: growth_generation_cap=72000; downstream_patch_limit=80000; seed_at_run_time=withheld in runs/PHerc0826-seed6674.csv,
chain-0826,a2-cluster/PHerc0826-seed6677.csv,chain-0826/evidence/a2-cluster/PHerc0826-seed6677.csv,excluded,,,chain-0826/tools/a2_cluster_seed.py,tools/studies/chain-0826/a2_cluster_seed.py,2026-09-28T20:55:01Z,no: growth_generation_cap=72000; downstream_patch_limit=80000; seed_at_run_time=withheld in runs/PHerc0826-seed6677.csv,
chain-0826,a2-cluster/PHerc0826-seed6679.csv,chain-0826/evidence/a2-cluster/PHerc0826-seed6679.csv,copied,0796d70aaf0c31e9635a4d7c2f7b88c15b834ce031307ac2f23efbace5f52508,2026-09-29T03:31:17Z,chain-0826/tools/a2_cluster_seed.py,tools/studies/chain-0826/a2_cluster_seed.py,2026-09-28T02:56:05Z,"yes: written 2026-09-28T02:56:05Z, before the freeze 2026-09-28T16:15:12Z",
chain-0826,a2-cluster/PHerc0826-seed6680.csv,chain-0826/evidence/a2-cluster/PHerc0826-seed6680.csv,excluded,,,chain-0826/tools/a2_cluster_seed.py,tools/studies/chain-0826/a2_cluster_seed.py,2026-09-28T20:31:54Z,no: growth_generation_cap=72000; downstream_patch_limit=80000; seed_at_run_time=withheld in runs/PHerc0826-seed6680.csv,
chain-0826,a2-cluster/PHerc0826-seed6685.csv,chain-0826/evidence/a2-cluster/PHerc0826-seed6685.csv,excluded,,,chain-0826/tools/a2_cluster_seed.py,tools/studies/chain-0826/a2_cluster_seed.py,2026-09-28T22:04:11Z,no: growth_generation_cap=72000; downstream_patch_limit=80000; seed_at_run_time=withheld in runs/PHerc0826-seed6685.csv,
chain-0826,a2-cluster/PHerc0826-seed6689.csv,chain-0826/evidence/a2-cluster/PHerc0826-seed6689.csv,copied,42dda7677b27c000d031be1b138ec3f4c78f531a9bd8a02bc2378816f0c9a601,2026-09-29T03:31:17Z,chain-0826/tools/a2_cluster_seed.py,tools/studies/chain-0826/a2_cluster_seed.py,2026-09-27T23:38:14Z,"yes: written 2026-09-27T23:38:14Z, before the freeze 2026-09-28T16:15:12Z",
chain-0826,a2-cluster/PHerc0826-seed6690.csv,chain-0826/evidence/a2-cluster/PHerc0826-seed6690.csv,excluded,,,chain-0826/tools/a2_cluster_seed.py,tools/studies/chain-0826/a2_cluster_seed.py,2026-09-28T19:50:44Z,no: growth_generation_cap=72000; downstream_patch_limit=80000; seed_at_run_time=withheld in runs/PHerc0826-seed6690.csv,
chain-0826,a2-cluster/PHerc0826-seed6691.csv,chain-0826/evidence/a2-cluster/PHerc0826-seed6691.csv,copied,b920a13e59f847208116fd07f6611fc21ca0c427612d6c5e2c082b5ae5b0ed88,2026-09-29T03:31:17Z,chain-0826/tools/a2_cluster_seed.py,tools/studies/chain-0826/a2_cluster_seed.py,2026-09-27T23:40:01Z,"yes: written 2026-09-27T23:40:01Z, before the freeze 2026-09-28T16:15:12Z",
chain-0826,a2-cluster/PHerc0826-seed6693.csv,chain-0826/evidence/a2-cluster/PHerc0826-seed6693.csv,copied,9a02f4af272126dce97995d00b59de4493ed4028637d4535534af2ca24e53b95,2026-09-29T03:31:17Z,chain-0826/tools/a2_cluster_seed.py,tools/studies/chain-0826/a2_cluster_seed.py,2026-09-27T22:45:57Z,"yes: written 2026-09-27T22:45:57Z, before the freeze 2026-09-28T16:15:12Z",
chain-0826,a2-cluster/PHerc0826-seed6697.csv,chain-0826/evidence/a2-cluster/PHerc0826-seed6697.csv,copied,62da56cca1f35f55fe3b7741fd9572697a1fbcbe9acc27e8f75e353ed7e7bdf8,2026-09-29T03:31:17Z,chain-0826/tools/a2_cluster_seed.py,tools/studies/chain-0826/a2_cluster_seed.py,2026-09-27T23:53:18Z,"yes: written 2026-09-27T23:53:18Z, before the freeze 2026-09-28T16:15:12Z",
chain-0826,a2-cluster/PHerc0826-seed6699.csv,chain-0826/evidence/a2-cluster/PHerc0826-seed6699.csv,copied,a459348d5ebaad04dff9928f1fe0c9f8680f74d6148b1a99f2566621fd6f051c,2026-09-29T03:31:17Z,chain-0826/tools/a2_cluster_seed.py,tools/studies/chain-0826/a2_cluster_seed.py,2026-09-27T23:11:56Z,"yes: written 2026-09-27T23:11:56Z, before the freeze 2026-09-28T16:15:12Z",
chain-0826,a2-cluster/PHerc0826-seed6700.csv,chain-0826/evidence/a2-cluster/PHerc0826-seed6700.csv,copied,e77cbbc06ca305b6d1ec70fe22c6c51f1a77d89e703614fd84efb6cbe078d8cf,2026-09-29T03:31:17Z,chain-0826/tools/a2_cluster_seed.py,tools/studies/chain-0826/a2_cluster_seed.py,2026-09-28T00:03:06Z,"yes: written 2026-09-28T00:03:06Z, before the freeze 2026-09-28T16:15:12Z",
chain-0826,a2-cluster/PHerc0826-seed6701.csv,chain-0826/evidence/a2-cluster/PHerc0826-seed6701.csv,copied,ef0e9cea4c45821e613d3737a3664f65e1f4d09a51412f9edcf934d65e72d964,2026-09-29T03:31:17Z,chain-0826/tools/a2_cluster_seed.py,tools/studies/chain-0826/a2_cluster_seed.py,2026-09-27T23:57:12Z,"yes: written 2026-09-27T23:57:12Z, before the freeze 2026-09-28T16:15:12Z",
chain-0826,a2-cluster/PHerc0826-seed6703.csv,chain-0826/evidence/a2-cluster/PHerc0826-seed6703.csv,copied,a65e6fb65d03c74976332e5352af76a1a45042233113df8c0ab1f217b183a909,2026-09-29T03:31:17Z,chain-0826/tools/a2_cluster_seed.py,tools/studies/chain-0826/a2_cluster_seed.py,2026-09-27T22:53:15Z,"yes: written 2026-09-27T22:53:15Z, before the freeze 2026-09-28T16:15:12Z",
chain-0826,a2-cluster/PHerc0826-seed6708.csv,chain-0826/evidence/a2-cluster/PHerc0826-seed6708.csv,copied,9fcde771028e11ce5cc406d3ff1e922191965b738110b84b82f0a4f404a8298b,2026-09-29T03:31:17Z,chain-0826/tools/a2_cluster_seed.py,tools/studies/chain-0826/a2_cluster_seed.py,2026-09-28T03:14:52Z,"yes: written 2026-09-28T03:14:52Z, before the freeze 2026-09-28T16:15:12Z",
chain-0826,a2-cluster/PHerc0826-seed6709.csv,chain-0826/evidence/a2-cluster/PHerc0826-seed6709.csv,copied,1655579d2b690248c757f127cf8a32a5ef32aab6cea50d0d984fffeee4f4f737,2026-09-29T03:31:17Z,chain-0826/tools/a2_cluster_seed.py,tools/studies/chain-0826/a2_cluster_seed.py,2026-09-27T23:43:31Z,"yes: written 2026-09-27T23:43:31Z, before the freeze 2026-09-28T16:15:12Z",
chain-0826,a2-cluster/PHerc0826-seed6710.csv,chain-0826/evidence/a2-cluster/PHerc0826-seed6710.csv,copied,d6108fa7d87b11f1f56fc4d1b7fcbb4640371347067953d83b01a3f7d6f33c48,2026-09-29T03:31:17Z,chain-0826/tools/a2_cluster_seed.py,tools/studies/chain-0826/a2_cluster_seed.py,2026-09-28T02:14:18Z,"yes: written 2026-09-28T02:14:18Z, before the freeze 2026-09-28T16:15:12Z",
chain-0826,a2-cluster/PHerc0826-seed6711.csv,chain-0826/evidence/a2-cluster/PHerc0826-seed6711.csv,copied,cd06db5e1b40bf6a1c1aef38dd13166eeedb59b310e5d323c48835a379ad12d1,2026-09-29T03:31:17Z,chain-0826/tools/a2_cluster_seed.py,tools/studies/chain-0826/a2_cluster_seed.py,2026-09-28T02:01:28Z,"yes: written 2026-09-28T02:01:28Z, before the freeze 2026-09-28T16:15:12Z",
chain-0826,a2-cluster/PHerc0826-seed6718.csv,chain-0826/evidence/a2-cluster/PHerc0826-seed6718.csv,excluded,,,chain-0826/tools/a2_cluster_seed.py,tools/studies/chain-0826/a2_cluster_seed.py,2026-09-28T22:04:51Z,no: growth_generation_cap=72000; downstream_patch_limit=80000; seed_at_run_time=withheld in runs/PHerc0826-seed6718.csv,
chain-0826,a2-cluster/PHerc0826-seed6719.csv,chain-0826/evidence/a2-cluster/PHerc0826-seed6719.csv,excluded,,,chain-0826/tools/a2_cluster_seed.py,tools/studies/chain-0826/a2_cluster_seed.py,2026-09-28T17:25:34Z,no: growth_generation_cap=72000; downstream_patch_limit=80000; seed_at_run_time=withheld in runs/PHerc0826-seed6719.csv,
chain-0826,a2-cluster/PHerc0826-seed6721.csv,chain-0826/evidence/a2-cluster/PHerc0826-seed6721.csv,excluded,,,chain-0826/tools/a2_cluster_seed.py,tools/studies/chain-0826/a2_cluster_seed.py,2026-09-28T21:20:26Z,no: growth_generation_cap=72000; downstream_patch_limit=80000; seed_at_run_time=withheld in runs/PHerc0826-seed6721.csv,
chain-0826,a2-cluster/PHerc0826-seed6726.csv,chain-0826/evidence/a2-cluster/PHerc0826-seed6726.csv,excluded,,,chain-0826/tools/a2_cluster_seed.py,tools/studies/chain-0826/a2_cluster_seed.py,2026-09-28T20:07:32Z,no: growth_generation_cap=72000; downstream_patch_limit=80000; seed_at_run_time=withheld in runs/PHerc0826-seed6726.csv,
chain-0826,a2-cluster/PHerc0826-seed6727.csv,chain-0826/evidence/a2-cluster/PHerc0826-seed6727.csv,excluded,,,chain-0826/tools/a2_cluster_seed.py,tools/studies/chain-0826/a2_cluster_seed.py,2026-09-28T20:04:58Z,no: growth_generation_cap=72000; downstream_patch_limit=80000; seed_at_run_time=withheld in runs/PHerc0826-seed6727.csv,
chain-0826,a2-cluster/PHerc0826-seed6729.csv,chain-0826/evidence/a2-cluster/PHerc0826-seed6729.csv,excluded,,,chain-0826/tools/a2_cluster_seed.py,tools/studies/chain-0826/a2_cluster_seed.py,2026-09-29T01:13:10Z,no: growth_generation_cap=72000; downstream_patch_limit=80000; seed_at_run_time=withheld in runs/PHerc0826-seed6729.csv,
chain-0826,a2-cluster/PHerc0826-seed6731.csv,chain-0826/evidence/a2-cluster/PHerc0826-seed6731.csv,excluded,,,chain-0826/tools/a2_cluster_seed.py,tools/studies/chain-0826/a2_cluster_seed.py,2026-09-28T17:40:16Z,no: growth_generation_cap=72000; downstream_patch_limit=80000; seed_at_run_time=withheld in runs/PHerc0826-seed6731.csv,
chain-0826,a2-cluster/PHerc0826-seed6732.csv,chain-0826/evidence/a2-cluster/PHerc0826-seed6732.csv,excluded,,,chain-0826/tools/a2_cluster_seed.py,tools/studies/chain-0826/a2_cluster_seed.py,2026-09-28T17:33:39Z,no: growth_generation_cap=72000; downstream_patch_limit=80000; seed_at_run_time=withheld in runs/PHerc0826-seed6732.csv,
chain-0826,a2-cluster/PHerc0826-seed6733.csv,chain-0826/evidence/a2-cluster/PHerc0826-seed6733.csv,excluded,,,chain-0826/tools/a2_cluster_seed.py,tools/studies/chain-0826/a2_cluster_seed.py,2026-09-28T17:31:22Z,no: growth_generation_cap=72000; downstream_patch_limit=80000; seed_at_run_time=withheld in runs/PHerc0826-seed6733.csv,
chain-0826,a2-cluster/PHerc0826-seed6736.csv,chain-0826/evidence/a2-cluster/PHerc0826-seed6736.csv,excluded,,,chain-0826/tools/a2_cluster_seed.py,tools/studies/chain-0826/a2_cluster_seed.py,2026-09-28T17:58:20Z,no: growth_generation_cap=72000; downstream_patch_limit=80000; seed_at_run_time=withheld in runs/PHerc0826-seed6736.csv,
chain-0826,a2-cluster/PHerc0826-seed6737.csv,chain-0826/evidence/a2-cluster/PHerc0826-seed6737.csv,excluded,,,chain-0826/tools/a2_cluster_seed.py,tools/studies/chain-0826/a2_cluster_seed.py,2026-09-28T20:16:36Z,no: growth_generation_cap=72000; downstream_patch_limit=80000; seed_at_run_time=withheld in runs/PHerc0826-seed6737.csv,
chain-0826,a2-cluster/PHerc0826-seed6739.csv,chain-0826/evidence/a2-cluster/PHerc0826-seed6739.csv,excluded,,,chain-0826/tools/a2_cluster_seed.py,tools/studies/chain-0826/a2_cluster_seed.py,2026-09-28T20:19:32Z,no: growth_generation_cap=72000; downstream_patch_limit=80000; seed_at_run_time=withheld in runs/PHerc0826-seed6739.csv,
chain-0826,a2-cluster/PHerc0826-seed6742.csv,chain-0826/evidence/a2-cluster/PHerc0826-seed6742.csv,excluded,,,chain-0826/tools/a2_cluster_seed.py,tools/studies/chain-0826/a2_cluster_seed.py,2026-09-28T20:25:49Z,no: growth_generation_cap=72000; downstream_patch_limit=80000; seed_at_run_time=withheld in runs/PHerc0826-seed6742.csv,
chain-0826,a2-cluster/PHerc0826-seed6743.csv,chain-0826/evidence/a2-cluster/PHerc0826-seed6743.csv,excluded,,,chain-0826/tools/a2_cluster_seed.py,tools/studies/chain-0826/a2_cluster_seed.py,2026-09-28T19:34:55Z,no: growth_generation_cap=72000; downstream_patch_limit=80000; seed_at_run_time=withheld in runs/PHerc0826-seed6743.csv,
chain-0826,a2-cluster/PHerc0826-seed6748.csv,chain-0826/evidence/a2-cluster/PHerc0826-seed6748.csv,excluded,,,chain-0826/tools/a2_cluster_seed.py,tools/studies/chain-0826/a2_cluster_seed.py,2026-09-28T22:11:21Z,no: growth_generation_cap=72000; downstream_patch_limit=80000; seed_at_run_time=withheld in runs/PHerc0826-seed6748.csv,
chain-0826,a2-cluster/PHerc0826-seed6750.csv,chain-0826/evidence/a2-cluster/PHerc0826-seed6750.csv,excluded,,,chain-0826/tools/a2_cluster_seed.py,tools/studies/chain-0826/a2_cluster_seed.py,2026-09-28T22:18:45Z,no: growth_generation_cap=72000; downstream_patch_limit=80000; seed_at_run_time=withheld in runs/PHerc0826-seed6750.csv,
chain-0826,a2-cluster/PHerc0826-seed6752.csv,chain-0826/evidence/a2-cluster/PHerc0826-seed6752.csv,excluded,,,chain-0826/tools/a2_cluster_seed.py,tools/studies/chain-0826/a2_cluster_seed.py,2026-09-28T18:01:19Z,no: growth_generation_cap=72000; downstream_patch_limit=80000; seed_at_run_time=withheld in runs/PHerc0826-seed6752.csv,
chain-0826,a2-cluster/PHerc0826-seed6753.csv,chain-0826/evidence/a2-cluster/PHerc0826-seed6753.csv,excluded,,,chain-0826/tools/a2_cluster_seed.py,tools/studies/chain-0826/a2_cluster_seed.py,2026-09-28T22:43:58Z,no: growth_generation_cap=72000; downstream_patch_limit=80000; seed_at_run_time=withheld in runs/PHerc0826-seed6753.csv,
chain-0826,a2-cluster/PHerc0826-seed6754.csv,chain-0826/evidence/a2-cluster/PHerc0826-seed6754.csv,excluded,,,chain-0826/tools/a2_cluster_seed.py,tools/studies/chain-0826/a2_cluster_seed.py,2026-09-28T22:46:32Z,no: growth_generation_cap=72000; downstream_patch_limit=80000; seed_at_run_time=withheld in runs/PHerc0826-seed6754.csv,
chain-0826,a2-cluster/PHerc0826-seed6757.csv,chain-0826/evidence/a2-cluster/PHerc0826-seed6757.csv,excluded,,,chain-0826/tools/a2_cluster_seed.py,tools/studies/chain-0826/a2_cluster_seed.py,2026-09-28T22:55:09Z,no: growth_generation_cap=72000; downstream_patch_limit=80000; seed_at_run_time=withheld in runs/PHerc0826-seed6757.csv,
chain-0826,a2-cluster/PHerc0826-seed6761.csv,chain-0826/evidence/a2-cluster/PHerc0826-seed6761.csv,excluded,,,chain-0826/tools/a2_cluster_seed.py,tools/studies/chain-0826/a2_cluster_seed.py,2026-09-28T23:02:08Z,no: growth_generation_cap=72000; downstream_patch_limit=80000; seed_at_run_time=withheld in runs/PHerc0826-seed6761.csv,
chain-0826,a2-cluster/PHerc0826-seed6762.csv,chain-0826/evidence/a2-cluster/PHerc0826-seed6762.csv,excluded,,,chain-0826/tools/a2_cluster_seed.py,tools/studies/chain-0826/a2_cluster_seed.py,2026-09-28T23:55:16Z,no: growth_generation_cap=72000; downstream_patch_limit=80000; seed_at_run_time=withheld in runs/PHerc0826-seed6762.csv,
chain-0826,a2-cluster/PHerc0826-seed6763.csv,chain-0826/evidence/a2-cluster/PHerc0826-seed6763.csv,excluded,,,chain-0826/tools/a2_cluster_seed.py,tools/studies/chain-0826/a2_cluster_seed.py,2026-09-28T23:56:51Z,no: growth_generation_cap=72000; downstream_patch_limit=80000; seed_at_run_time=withheld in runs/PHerc0826-seed6763.csv,
chain-0826,a2-cluster/PHerc0826-seed6770.csv,chain-0826/evidence/a2-cluster/PHerc0826-seed6770.csv,excluded,,,chain-0826/tools/a2_cluster_seed.py,tools/studies/chain-0826/a2_cluster_seed.py,2026-09-28T22:35:37Z,no: growth_generation_cap=72000; downstream_patch_limit=80000; seed_at_run_time=withheld in runs/PHerc0826-seed6770.csv,
chain-0826,a2-cluster/PHerc0826-seed6774.csv,chain-0826/evidence/a2-cluster/PHerc0826-seed6774.csv,excluded,,,chain-0826/tools/a2_cluster_seed.py,tools/studies/chain-0826/a2_cluster_seed.py,2026-09-29T00:09:32Z,no: growth_generation_cap=72000; downstream_patch_limit=80000; seed_at_run_time=withheld in runs/PHerc0826-seed6774.csv,
chain-0826,a2-cluster/PHerc0826-seed6776.csv,chain-0826/evidence/a2-cluster/PHerc0826-seed6776.csv,excluded,,,chain-0826/tools/a2_cluster_seed.py,tools/studies/chain-0826/a2_cluster_seed.py,2026-09-29T00:55:24Z,no: growth_generation_cap=72000; downstream_patch_limit=80000; seed_at_run_time=withheld in runs/PHerc0826-seed6776.csv,
chain-0826,a2-cluster/PHerc0826-seed6777.csv,chain-0826/evidence/a2-cluster/PHerc0826-seed6777.csv,excluded,,,chain-0826/tools/a2_cluster_seed.py,tools/studies/chain-0826/a2_cluster_seed.py,2026-09-28T22:47:52Z,no: growth_generation_cap=72000; downstream_patch_limit=80000; seed_at_run_time=withheld in runs/PHerc0826-seed6777.csv,
chain-0826,a2-cluster/PHerc0826-seed6778.csv,chain-0826/evidence/a2-cluster/PHerc0826-seed6778.csv,excluded,,,chain-0826/tools/a2_cluster_seed.py,tools/studies/chain-0826/a2_cluster_seed.py,2026-09-29T00:06:33Z,no: growth_generation_cap=72000; downstream_patch_limit=80000; seed_at_run_time=withheld in runs/PHerc0826-seed6778.csv,
chain-0826,a2-cluster/PHerc0826-seed6780.csv,chain-0826/evidence/a2-cluster/PHerc0826-seed6780.csv,excluded,,,chain-0826/tools/a2_cluster_seed.py,tools/studies/chain-0826/a2_cluster_seed.py,2026-09-28T22:41:25Z,no: growth_generation_cap=72000; downstream_patch_limit=80000; seed_at_run_time=withheld in runs/PHerc0826-seed6780.csv,
chain-0826,a2-cluster/PHerc0826-seed6785.csv,chain-0826/evidence/a2-cluster/PHerc0826-seed6785.csv,excluded,,,chain-0826/tools/a2_cluster_seed.py,tools/studies/chain-0826/a2_cluster_seed.py,2026-09-29T00:33:55Z,no: growth_generation_cap=72000; downstream_patch_limit=80000; seed_at_run_time=withheld in runs/PHerc0826-seed6785.csv,
chain-0826,a2-cluster/PHerc0826-seed6791.csv,chain-0826/evidence/a2-cluster/PHerc0826-seed6791.csv,excluded,,,chain-0826/tools/a2_cluster_seed.py,tools/studies/chain-0826/a2_cluster_seed.py,2026-09-29T01:16:46Z,no: growth_generation_cap=72000; downstream_patch_limit=80000; seed_at_run_time=withheld in runs/PHerc0826-seed6791.csv,
chain-0826,a2-cluster/PHerc0826-seed6792.csv,chain-0826/evidence/a2-cluster/PHerc0826-seed6792.csv,excluded,,,chain-0826/tools/a2_cluster_seed.py,tools/studies/chain-0826/a2_cluster_seed.py,2026-09-29T01:40:48Z,no: growth_generation_cap=72000; downstream_patch_limit=80000; seed_at_run_time=withheld in runs/PHerc0826-seed6792.csv,
chain-0826,a2-cluster/PHerc0826-seed69.csv,chain-0826/evidence/a2-cluster/PHerc0826-seed69.csv,copied,dcd4944eb0110d573510fc65f2060491efb44a65c022109fb2d4e127ca254d21,2026-09-29T03:31:17Z,chain-0826/tools/a2_cluster_seed.py,tools/studies/chain-0826/a2_cluster_seed.py,2026-09-26T20:48:00Z,"yes: written 2026-09-26T20:48:00Z, before the freeze 2026-09-28T16:15:12Z",
chain-0826,a2-cluster/PHerc0826-seed782.csv,chain-0826/evidence/a2-cluster/PHerc0826-seed782.csv,copied,a32de97a015c22a6c3a846302efb91b5b580238c24cff9b8262e974f1862da61,2026-09-29T03:31:17Z,chain-0826/tools/a2_cluster_seed.py,tools/studies/chain-0826/a2_cluster_seed.py,2026-09-26T21:24:53Z,"yes: written 2026-09-26T21:24:53Z, before the freeze 2026-09-28T16:15:12Z",
chain-0826,a2-cluster/PHerc0826-seed958.csv,chain-0826/evidence/a2-cluster/PHerc0826-seed958.csv,copied,fc671fae8ddb5070f7bc367a0ad36e279f2542e6e5f8eaf73abfd74dfc6b2a8f,2026-09-29T03:31:17Z,chain-0826/tools/a2_cluster_seed.py,tools/studies/chain-0826/a2_cluster_seed.py,2026-09-26T21:41:55Z,"yes: written 2026-09-26T21:41:55Z, before the freeze 2026-09-28T16:15:12Z",
chain-0826,a2-cluster/PHerc0826-seed966.csv,chain-0826/evidence/a2-cluster/PHerc0826-seed966.csv,copied,b9d05e498c364814f3ecb894869556d286f20ff1731d7459272ca4bd6e1d12b6,2026-09-29T03:31:17Z,chain-0826/tools/a2_cluster_seed.py,tools/studies/chain-0826/a2_cluster_seed.py,2026-09-26T21:21:05Z,"yes: written 2026-09-26T21:21:05Z, before the freeze 2026-09-28T16:15:12Z",
chain-0826,squares-PHerc0826-seed1045.csv,chain-0826/evidence/squares-PHerc0826-seed1045.csv,copied,0eea179c5556b288a7fa29dc85f75352f3048db909b298fe43c7f40ed0c4c1f5,2026-09-29T03:31:17Z,tools/square.py,tools/studies/seed-search-1447/square.py,2026-09-26T21:49:47Z,"yes: written 2026-09-26T21:49:47Z, before the freeze 2026-09-28T16:15:12Z",
chain-0826,squares-PHerc0826-seed109.csv,chain-0826/evidence/squares-PHerc0826-seed109.csv,copied,2a9537489ea1e3cb93e2068242b82ae525ed7ef10a8d698fc8c926485a1edfd8,2026-09-29T03:31:17Z,tools/square.py,tools/studies/seed-search-1447/square.py,2026-09-26T20:03:34Z,"yes: written 2026-09-26T20:03:34Z, before the freeze 2026-09-28T16:15:12Z",
chain-0826,squares-PHerc0826-seed1181.csv,chain-0826/evidence/squares-PHerc0826-seed1181.csv,copied,c438c927e07bf03a82f429986f1cd5479f7c97dc6146acad6eaa91b9f9809d1a,2026-09-29T03:31:17Z,tools/square.py,tools/studies/seed-search-1447/square.py,2026-09-26T22:00:28Z,"yes: written 2026-09-26T22:00:28Z, before the freeze 2026-09-28T16:15:12Z",
chain-0826,squares-PHerc0826-seed1247.csv,chain-0826/evidence/squares-PHerc0826-seed1247.csv,copied,a86b9b513c210b39028458a67b5c79c48fac4b954188572d7d67bf4f60c48d65,2026-09-29T03:31:17Z,tools/square.py,tools/studies/seed-search-1447/square.py,2026-09-26T21:42:39Z,"yes: written 2026-09-26T21:42:39Z, before the freeze 2026-09-28T16:15:12Z",
chain-0826,squares-PHerc0826-seed1278.csv,chain-0826/evidence/squares-PHerc0826-seed1278.csv,copied,ff4111462e106b877d51b9754977185e1114ad30d84404ab534eb96422a99b44,2026-09-29T03:31:17Z,tools/square.py,tools/studies/seed-search-1447/square.py,2026-09-26T21:59:56Z,"yes: written 2026-09-26T21:59:56Z, before the freeze 2026-09-28T16:15:12Z",
chain-0826,squares-PHerc0826-seed1383.csv,chain-0826/evidence/squares-PHerc0826-seed1383.csv,copied,471464233c93df1df77901255a4bdde31143b60ef9ec12ef3557479bf266c1dd,2026-09-29T03:31:17Z,tools/square.py,tools/studies/seed-search-1447/square.py,2026-09-26T21:58:17Z,"yes: written 2026-09-26T21:58:17Z, before the freeze 2026-09-28T16:15:12Z",
chain-0826,squares-PHerc0826-seed1436.csv,chain-0826/evidence/squares-PHerc0826-seed1436.csv,copied,b0a97097f85daee890b5a98301d079198441fcc136a2d4e83385e24d93e915ee,2026-09-29T03:31:17Z,tools/square.py,tools/studies/seed-search-1447/square.py,2026-09-26T21:54:15Z,"yes: written 2026-09-26T21:54:15Z, before the freeze 2026-09-28T16:15:12Z",
chain-0826,squares-PHerc0826-seed1450.csv,chain-0826/evidence/squares-PHerc0826-seed1450.csv,copied,e5152197d5765fc52f463cf16f53546650a7490202809d7e71d527670551ef1a,2026-09-29T03:31:17Z,tools/square.py,tools/studies/seed-search-1447/square.py,2026-09-26T21:59:36Z,"yes: written 2026-09-26T21:59:36Z, before the freeze 2026-09-28T16:15:12Z",
chain-0826,squares-PHerc0826-seed1595.csv,chain-0826/evidence/squares-PHerc0826-seed1595.csv,copied,cc714883d8555c48f02d8d4fdb59e30492164d26992ebdaf51750e2f19260c76,2026-09-29T03:31:17Z,tools/square.py,tools/studies/seed-search-1447/square.py,2026-09-26T22:27:20Z,"yes: written 2026-09-26T22:27:20Z, before the freeze 2026-09-28T16:15:12Z",
chain-0826,squares-PHerc0826-seed1700.csv,chain-0826/evidence/squares-PHerc0826-seed1700.csv,copied,85ee1406987bf3a3822aa7803cca00f4b26a77c368bbd72255b3179664edece6,2026-09-29T03:31:17Z,tools/square.py,tools/studies/seed-search-1447/square.py,2026-09-27T03:31:32Z,"yes: written 2026-09-27T03:31:32Z, before the freeze 2026-09-28T16:15:12Z",
chain-0826,squares-PHerc0826-seed1711.csv,chain-0826/evidence/squares-PHerc0826-seed1711.csv,copied,7d6d1efabfde69cd72263be4b3c989052555910da605f3eda3e1a3ad78776c5f,2026-09-29T03:31:17Z,tools/square.py,tools/studies/seed-search-1447/square.py,2026-09-27T05:19:31Z,"yes: written 2026-09-27T05:19:31Z, before the freeze 2026-09-28T16:15:12Z",
chain-0826,squares-PHerc0826-seed1722.csv,chain-0826/evidence/squares-PHerc0826-seed1722.csv,copied,7f8bbabb65f53c523babf7b0efbc5059c09f10c8de302db78f69700df739f606,2026-09-29T03:31:17Z,tools/square.py,tools/studies/seed-search-1447/square.py,2026-09-27T04:20:16Z,"yes: written 2026-09-27T04:20:16Z, before the freeze 2026-09-28T16:15:12Z",
chain-0826,squares-PHerc0826-seed1727.csv,chain-0826/evidence/squares-PHerc0826-seed1727.csv,copied,d5ad91f60cdacda0ac37b0057f7ea0450564d17f1251ef470df8a83e6aaee800,2026-09-29T03:31:17Z,tools/square.py,tools/studies/seed-search-1447/square.py,2026-09-27T05:53:02Z,"yes: written 2026-09-27T05:53:02Z, before the freeze 2026-09-28T16:15:12Z",
chain-0826,squares-PHerc0826-seed1732.csv,chain-0826/evidence/squares-PHerc0826-seed1732.csv,copied,ed06dfd312911c43bb2692ab838daf98f2f3f4763b90b8bdef7c8427e28b0ee0,2026-09-29T03:31:17Z,tools/square.py,tools/studies/seed-search-1447/square.py,2026-09-27T17:22:57Z,"yes: written 2026-09-27T17:22:57Z, before the freeze 2026-09-28T16:15:12Z",
chain-0826,squares-PHerc0826-seed1788.csv,chain-0826/evidence/squares-PHerc0826-seed1788.csv,copied,2d05005580f20d20773b48fdc28a546213df772848c9eef640025a7e6c8bc231,2026-09-29T03:31:17Z,tools/square.py,tools/studies/seed-search-1447/square.py,2026-09-27T06:44:34Z,"yes: written 2026-09-27T06:44:34Z, before the freeze 2026-09-28T16:15:12Z",
chain-0826,squares-PHerc0826-seed1948.csv,chain-0826/evidence/squares-PHerc0826-seed1948.csv,copied,4bb0395afa9d936bd9b2bcb39f27e9e6146e05aced60bf0f5290424c2ac81b54,2026-09-29T03:31:17Z,tools/square.py,tools/studies/seed-search-1447/square.py,2026-09-27T05:53:37Z,"yes: written 2026-09-27T05:53:37Z, before the freeze 2026-09-28T16:15:12Z",
chain-0826,squares-PHerc0826-seed2004.csv,chain-0826/evidence/squares-PHerc0826-seed2004.csv,copied,4a2aa60b39000e8474ee41b7c0f130cda1a45db4fcbf1e0bd3c231b0cdc46378,2026-09-29T03:31:17Z,tools/square.py,tools/studies/seed-search-1447/square.py,2026-09-27T09:21:19Z,"yes: written 2026-09-27T09:21:19Z, before the freeze 2026-09-28T16:15:12Z",
chain-0826,squares-PHerc0826-seed2019.csv,chain-0826/evidence/squares-PHerc0826-seed2019.csv,copied,abaab8ce7d2b7de64075ef6aae3158bf943f25966666c99ec620c14ca5db6f7a,2026-09-29T03:31:17Z,tools/square.py,tools/studies/seed-search-1447/square.py,2026-09-27T04:08:09Z,"yes: written 2026-09-27T04:08:09Z, before the freeze 2026-09-28T16:15:12Z",
chain-0826,squares-PHerc0826-seed2193.csv,chain-0826/evidence/squares-PHerc0826-seed2193.csv,copied,6f26fc3e28bfc60c261d9d5cbb58939c2e59fbeb2be60d1f853e3ecdb5f1bd15,2026-09-29T03:31:17Z,tools/square.py,tools/studies/seed-search-1447/square.py,2026-09-27T06:38:46Z,"yes: written 2026-09-27T06:38:46Z, before the freeze 2026-09-28T16:15:12Z",
chain-0826,squares-PHerc0826-seed2259.csv,chain-0826/evidence/squares-PHerc0826-seed2259.csv,copied,a52d678b5795877038db824c560c9b63fa1680c15c01850002088e40e54ffcea,2026-09-29T03:31:17Z,tools/square.py,tools/studies/seed-search-1447/square.py,2026-09-27T05:53:06Z,"yes: written 2026-09-27T05:53:06Z, before the freeze 2026-09-28T16:15:12Z",
chain-0826,squares-PHerc0826-seed237.csv,chain-0826/evidence/squares-PHerc0826-seed237.csv,copied,b925af67a5a9f84ebbd59055d6d3f44cd4776ff9f1d8bf07fc32ac8dd9fcdf81,2026-09-29T03:31:17Z,tools/square.py,tools/studies/seed-search-1447/square.py,2026-09-26T20:16:39Z,"yes: written 2026-09-26T20:16:39Z, before the freeze 2026-09-28T16:15:12Z",
chain-0826,squares-PHerc0826-seed2427.csv,chain-0826/evidence/squares-PHerc0826-seed2427.csv,copied,a6b63519629f8171fc63b80aa49ede836236582f66a509417ae6ec505f9ce5eb,2026-09-29T03:31:17Z,tools/square.py,tools/studies/seed-search-1447/square.py,2026-09-27T03:38:36Z,"yes: written 2026-09-27T03:38:36Z, before the freeze 2026-09-28T16:15:12Z",
chain-0826,squares-PHerc0826-seed2441.csv,chain-0826/evidence/squares-PHerc0826-seed2441.csv,copied,2b279f2fea92dd9b5f942a2030836a3438868bac69e0dffc39a8ac03510a0e96,2026-09-29T03:31:17Z,tools/square.py,tools/studies/seed-search-1447/square.py,2026-09-27T09:34:05Z,"yes: written 2026-09-27T09:34:05Z, before the freeze 2026-09-28T16:15:12Z",
chain-0826,squares-PHerc0826-seed2453.csv,chain-0826/evidence/squares-PHerc0826-seed2453.csv,copied,5976e008f6d07ef62b4c93b97528356821b588499cca480cf617892ee8b8e585,2026-09-29T03:31:17Z,tools/square.py,tools/studies/seed-search-1447/square.py,2026-09-27T06:25:26Z,"yes: written 2026-09-27T06:25:26Z, before the freeze 2026-09-28T16:15:12Z",
chain-0826,squares-PHerc0826-seed2531.csv,chain-0826/evidence/squares-PHerc0826-seed2531.csv,copied,51fe2483f119e95a452b58c64603e773b8d2249c4ce0a066f05b6d72060ecb69,2026-09-29T03:31:17Z,tools/square.py,tools/studies/seed-search-1447/square.py,2026-09-27T03:39:36Z,"yes: written 2026-09-27T03:39:36Z, before the freeze 2026-09-28T16:15:12Z",
chain-0826,squares-PHerc0826-seed2532.csv,chain-0826/evidence/squares-PHerc0826-seed2532.csv,copied,1bf2602405406bcdf66da2623971fd80bcb91a458ce4448654ad64f34157efa3,2026-09-29T03:31:17Z,tools/square.py,tools/studies/seed-search-1447/square.py,2026-09-27T03:39:26Z,"yes: written 2026-09-27T03:39:26Z, before the freeze 2026-09-28T16:15:12Z",
chain-0826,squares-PHerc0826-seed2604.csv,chain-0826/evidence/squares-PHerc0826-seed2604.csv,copied,494fdcd2f6af270c0361acd25fd527a84b02d92cede3d0dcd6fea6ae07b10a2e,2026-09-29T03:31:17Z,tools/square.py,tools/studies/seed-search-1447/square.py,2026-09-27T17:55:13Z,"yes: written 2026-09-27T17:55:13Z, before the freeze 2026-09-28T16:15:12Z",
chain-0826,squares-PHerc0826-seed2715.csv,chain-0826/evidence/squares-PHerc0826-seed2715.csv,copied,05e9f6326ed951bb4cb9ec271f9af3ba9c3e1caaa9a3715431c3b459d83fd21b,2026-09-29T03:31:17Z,tools/square.py,tools/studies/seed-search-1447/square.py,2026-09-27T17:29:19Z,"yes: written 2026-09-27T17:29:19Z, before the freeze 2026-09-28T16:15:12Z",
chain-0826,squares-PHerc0826-seed2775.csv,chain-0826/evidence/squares-PHerc0826-seed2775.csv,copied,86e28c96ea1ada3e0f3c7103e447f1a51dd046712198503c3b674da18bcb0fa9,2026-09-29T03:31:17Z,tools/square.py,tools/studies/seed-search-1447/square.py,2026-09-27T04:19:39Z,"yes: written 2026-09-27T04:19:39Z, before the freeze 2026-09-28T16:15:12Z",
chain-0826,squares-PHerc0826-seed2883.csv,chain-0826/evidence/squares-PHerc0826-seed2883.csv,copied,5b95e6eb760ff52cc376039fa3e8ebcfcf4c94c574121b02b746226a16e07829,2026-09-29T03:31:17Z,tools/square.py,tools/studies/seed-search-1447/square.py,2026-09-27T04:07:33Z,"yes: written 2026-09-27T04:07:33Z, before the freeze 2026-09-28T16:15:12Z",
chain-0826,squares-PHerc0826-seed2904.csv,chain-0826/evidence/squares-PHerc0826-seed2904.csv,copied,0edd792b6e8c5ca609fc9a00c1076547ca45fa495a4ec5f71ada261e02bc59a6,2026-09-29T03:31:17Z,tools/square.py,tools/studies/seed-search-1447/square.py,2026-09-27T06:14:11Z,"yes: written 2026-09-27T06:14:11Z, before the freeze 2026-09-28T16:15:12Z",
chain-0826,squares-PHerc0826-seed2939.csv,chain-0826/evidence/squares-PHerc0826-seed2939.csv,copied,0c77ffbbb0a3dd52f06dc4776aa4c4b72d8fb64ba371e9c16fb13add1efb61e3,2026-09-29T03:31:17Z,tools/square.py,tools/studies/seed-search-1447/square.py,2026-09-27T06:08:35Z,"yes: written 2026-09-27T06:08:35Z, before the freeze 2026-09-28T16:15:12Z",
chain-0826,squares-PHerc0826-seed2974.csv,chain-0826/evidence/squares-PHerc0826-seed2974.csv,copied,d329a5a4d5f4d7392f35795c1813473b86b064b0ae3b0ac661686c8e092828bc,2026-09-29T03:31:17Z,tools/square.py,tools/studies/seed-search-1447/square.py,2026-09-27T09:23:04Z,"yes: written 2026-09-27T09:23:04Z, before the freeze 2026-09-28T16:15:12Z",
chain-0826,squares-PHerc0826-seed300.csv,chain-0826/evidence/squares-PHerc0826-seed300.csv,copied,331fa4008a0f3df091351c5732f0633c868a957846a4cbcc83f986134e3c0f62,2026-09-29T03:31:17Z,tools/square.py,tools/studies/seed-search-1447/square.py,2026-09-26T20:31:46Z,"yes: written 2026-09-26T20:31:46Z, before the freeze 2026-09-28T16:15:12Z",
chain-0826,squares-PHerc0826-seed3048.csv,chain-0826/evidence/squares-PHerc0826-seed3048.csv,copied,6cb1bf7bf097e425efbb8badb0d7a48ed1ef55e28f1e2b2d074924dbba3d5cd0,2026-09-29T03:31:17Z,tools/square.py,tools/studies/seed-search-1447/square.py,2026-09-27T18:50:31Z,"yes: written 2026-09-27T18:50:31Z, before the freeze 2026-09-28T16:15:12Z",
chain-0826,squares-PHerc0826-seed314.csv,chain-0826/evidence/squares-PHerc0826-seed314.csv,copied,8a6228ad3b0bedfa6c336d08502b97fe6a982e0392f45b14203a2c6696bfdaf3,2026-09-29T03:31:17Z,tools/square.py,tools/studies/seed-search-1447/square.py,2026-09-26T20:13:50Z,"yes: written 2026-09-26T20:13:50Z, before the freeze 2026-09-28T16:15:12Z",
chain-0826,squares-PHerc0826-seed3149.csv,chain-0826/evidence/squares-PHerc0826-seed3149.csv,copied,a06396e8eb254776d8f8f5c395fe932d4442f4392f83524fc7a82dd59be5b262,2026-09-29T03:31:17Z,tools/square.py,tools/studies/seed-search-1447/square.py,2026-09-27T06:43:50Z,"yes: written 2026-09-27T06:43:50Z, before the freeze 2026-09-28T16:15:12Z",
chain-0826,squares-PHerc0826-seed3167.csv,chain-0826/evidence/squares-PHerc0826-seed3167.csv,copied,3022cc67a9e7d9ffb5da893c96c86e38c260c2dbcf70af4d05f2d9aa441df8ff,2026-09-29T03:31:17Z,tools/square.py,tools/studies/seed-search-1447/square.py,2026-09-27T17:24:00Z,"yes: written 2026-09-27T17:24:00Z, before the freeze 2026-09-28T16:15:12Z",
chain-0826,squares-PHerc0826-seed321.csv,chain-0826/evidence/squares-PHerc0826-seed321.csv,copied,03cd5beab976007f072ecd6a0971f2f90a85e337c8ce1601ee8f29d940a1c77d,2026-09-29T03:31:17Z,tools/square.py,tools/studies/seed-search-1447/square.py,2026-09-26T20:31:30Z,"yes: written 2026-09-26T20:31:30Z, before the freeze 2026-09-28T16:15:12Z",
chain-0826,squares-PHerc0826-seed3412.csv,chain-0826/evidence/squares-PHerc0826-seed3412.csv,copied,272894d7fdf78f46b4ae7ae9e788a0f1fc0fb25847719457e6cc1b38d969cfde,2026-09-29T03:31:17Z,tools/square.py,tools/studies/seed-search-1447/square.py,2026-09-27T03:42:55Z,"yes: written 2026-09-27T03:42:55Z, before the freeze 2026-09-28T16:15:12Z",
chain-0826,squares-PHerc0826-seed3490.csv,chain-0826/evidence/squares-PHerc0826-seed3490.csv,copied,344819fb01051b6458a0c488f71cac4dc55c89c833fdc07aa5bd4dadcb452092,2026-09-29T03:31:17Z,tools/square.py,tools/studies/seed-search-1447/square.py,2026-09-27T04:24:01Z,"yes: written 2026-09-27T04:24:01Z, before the freeze 2026-09-28T16:15:12Z",
chain-0826,squares-PHerc0826-seed3509.csv,chain-0826/evidence/squares-PHerc0826-seed3509.csv,copied,b11333ad3d9bd85a9022c3d91119e16d1349c628e6c4b5e344eb7160a5c13e84,2026-09-29T03:31:17Z,tools/square.py,tools/studies/seed-search-1447/square.py,2026-09-27T03:44:44Z,"yes: written 2026-09-27T03:44:44Z, before the freeze 2026-09-28T16:15:12Z",
chain-0826,squares-PHerc0826-seed3607.csv,chain-0826/evidence/squares-PHerc0826-seed3607.csv,copied,15bc9c645c451ec3897f41105537c2adfd27161f395459bc8bd139bf5531db05,2026-09-29T03:31:17Z,tools/square.py,tools/studies/seed-search-1447/square.py,2026-09-27T04:45:56Z,"yes: written 2026-09-27T04:45:56Z, before the freeze 2026-09-28T16:15:12Z",
chain-0826,squares-PHerc0826-seed3648.csv,chain-0826/evidence/squares-PHerc0826-seed3648.csv,copied,6ba6d97fb1f6eb70b4f61d3b6b4aa0638151920a47bc24c2a65706feb14dabcf,2026-09-29T03:31:17Z,tools/square.py,tools/studies/seed-search-1447/square.py,2026-09-27T17:58:09Z,"yes: written 2026-09-27T17:58:09Z, before the freeze 2026-09-28T16:15:12Z",
chain-0826,squares-PHerc0826-seed3839.csv,chain-0826/evidence/squares-PHerc0826-seed3839.csv,copied,85f1694bf8112a8bdca51d537fe196d9f45f73c462d1e4f1e996748d5f1f3e75,2026-09-29T03:31:17Z,tools/square.py,tools/studies/seed-search-1447/square.py,2026-09-27T05:45:10Z,"yes: written 2026-09-27T05:45:10Z, before the freeze 2026-09-28T16:15:12Z",
chain-0826,squares-PHerc0826-seed3880.csv,chain-0826/evidence/squares-PHerc0826-seed3880.csv,copied,ea1c8c633446ddfffdd30b4d81688c0a3f8a7d6de5910deac14be9b2c3208dcc,2026-09-29T03:31:17Z,tools/square.py,tools/studies/seed-search-1447/square.py,2026-09-27T05:45:22Z,"yes: written 2026-09-27T05:45:22Z, before the freeze 2026-09-28T16:15:12Z",
chain-0826,squares-PHerc0826-seed3911.csv,chain-0826/evidence/squares-PHerc0826-seed3911.csv,copied,25703b6eff7c98c9dee6c4e61489d47b329b9737a52fa474499bb95eb8f27aab,2026-09-29T03:31:17Z,tools/square.py,tools/studies/seed-search-1447/square.py,2026-09-27T04:12:20Z,"yes: written 2026-09-27T04:12:20Z, before the freeze 2026-09-28T16:15:12Z",
chain-0826,squares-PHerc0826-seed3950.csv,chain-0826/evidence/squares-PHerc0826-seed3950.csv,copied,6d5f45f6c3c25abaf553a1cda033228263c44bdc3287e3bcb41ae18ac717b350,2026-09-29T03:31:17Z,tools/square.py,tools/studies/seed-search-1447/square.py,2026-09-27T04:22:36Z,"yes: written 2026-09-27T04:22:36Z, before the freeze 2026-09-28T16:15:12Z",
chain-0826,squares-PHerc0826-seed3953.csv,chain-0826/evidence/squares-PHerc0826-seed3953.csv,copied,61918d4f17ce4c0bd1dabb0a3a4321463c9cbdcb4d32648dfabde2e691060c15,2026-09-29T03:31:17Z,tools/square.py,tools/studies/seed-search-1447/square.py,2026-09-27T17:16:54Z,"yes: written 2026-09-27T17:16:54Z, before the freeze 2026-09-28T16:15:12Z",
chain-0826,squares-PHerc0826-seed4009.csv,chain-0826/evidence/squares-PHerc0826-seed4009.csv,copied,a9b4cbd54598d8af7a5d8cba2632c3e6c9a77cf3a4b68262f8c36c780d402cd3,2026-09-29T03:31:17Z,tools/square.py,tools/studies/seed-search-1447/square.py,2026-09-27T05:26:16Z,"yes: written 2026-09-27T05:26:16Z, before the freeze 2026-09-28T16:15:12Z",
chain-0826,squares-PHerc0826-seed4058.csv,chain-0826/evidence/squares-PHerc0826-seed4058.csv,copied,7f47d5499cef9fbc0828cbdc1e4294526254e4df1209938025ea8924630beae2,2026-09-29T03:31:17Z,tools/square.py,tools/studies/seed-search-1447/square.py,2026-09-27T04:00:21Z,"yes: written 2026-09-27T04:00:21Z, before the freeze 2026-09-28T16:15:12Z",
chain-0826,squares-PHerc0826-seed4062.csv,chain-0826/evidence/squares-PHerc0826-seed4062.csv,copied,29790a42e41b5ef87d008e812880ba1475e699d87df6fa13e6f7503556d5321f,2026-09-29T03:31:17Z,tools/square.py,tools/studies/seed-search-1447/square.py,2026-09-27T19:06:24Z,"yes: written 2026-09-27T19:06:24Z, before the freeze 2026-09-28T16:15:12Z",
chain-0826,squares-PHerc0826-seed4202.csv,chain-0826/evidence/squares-PHerc0826-seed4202.csv,copied,0af0227d41fe3c31fc7948117c01ec5fe959209eb3a2aaef72e7a48e5123bc86,2026-09-29T03:31:17Z,tools/square.py,tools/studies/seed-search-1447/square.py,2026-09-27T17:25:13Z,"yes: written 2026-09-27T17:25:13Z, before the freeze 2026-09-28T16:15:12Z",
chain-0826,squares-PHerc0826-seed4343.csv,chain-0826/evidence/squares-PHerc0826-seed4343.csv,copied,25307a88a86c2ccd7c1e601e336132cdb46b57f8479a4dc31624efeb4837b0b5,2026-09-29T03:31:17Z,tools/square.py,tools/studies/seed-search-1447/square.py,2026-09-27T19:02:33Z,"yes: written 2026-09-27T19:02:33Z, before the freeze 2026-09-28T16:15:12Z",
chain-0826,squares-PHerc0826-seed4391.csv,chain-0826/evidence/squares-PHerc0826-seed4391.csv,copied,e5eea66de1a1d148f8c3ea6e396b810c5e80fc99a434c41a18aa05b759d54d01,2026-09-29T03:31:17Z,tools/square.py,tools/studies/seed-search-1447/square.py,2026-09-27T04:13:37Z,"yes: written 2026-09-27T04:13:37Z, before the freeze 2026-09-28T16:15:12Z",
chain-0826,squares-PHerc0826-seed4440.csv,chain-0826/evidence/squares-PHerc0826-seed4440.csv,copied,90db800a0509bad4ccda1cf3caae63dc3301c213f5b0d5724fe20e6f0abee63e,2026-09-29T03:31:17Z,tools/square.py,tools/studies/seed-search-1447/square.py,2026-09-27T04:46:25Z,"yes: written 2026-09-27T04:46:25Z, before the freeze 2026-09-28T16:15:12Z",
chain-0826,squares-PHerc0826-seed4480.csv,chain-0826/evidence/squares-PHerc0826-seed4480.csv,copied,34348e06b11c80b6b821bf735d8a0a0ca42cde086e798cdc012fe9d7418f8270,2026-09-29T03:31:17Z,tools/square.py,tools/studies/seed-search-1447/square.py,2026-09-27T19:09:20Z,"yes: written 2026-09-27T19:09:20Z, before the freeze 2026-09-28T16:15:12Z",
chain-0826,squares-PHerc0826-seed4490.csv,chain-0826/evidence/squares-PHerc0826-seed4490.csv,copied,e0755f8873e1616c6e99131729bb497da37eae9bb9769715f0edb41796ed073a,2026-09-29T03:31:17Z,tools/square.py,tools/studies/seed-search-1447/square.py,2026-09-27T04:12:44Z,"yes: written 2026-09-27T04:12:44Z, before the freeze 2026-09-28T16:15:12Z",
chain-0826,squares-PHerc0826-seed4494.csv,chain-0826/evidence/squares-PHerc0826-seed4494.csv,copied,1d7128f3a62987db10cc5408e64fef3fb1bd976f59a9018e2c72ff1a83f54a07,2026-09-29T03:31:17Z,tools/square.py,tools/studies/seed-search-1447/square.py,2026-09-27T06:40:53Z,"yes: written 2026-09-27T06:40:53Z, before the freeze 2026-09-28T16:15:12Z",
chain-0826,squares-PHerc0826-seed4595.csv,chain-0826/evidence/squares-PHerc0826-seed4595.csv,copied,1011510da6b854c8847b571be1acf5e6267624f8230e1a1f48101982f8ee497d,2026-09-29T03:31:17Z,tools/square.py,tools/studies/seed-search-1447/square.py,2026-09-27T04:15:36Z,"yes: written 2026-09-27T04:15:36Z, before the freeze 2026-09-28T16:15:12Z",
chain-0826,squares-PHerc0826-seed4667.csv,chain-0826/evidence/squares-PHerc0826-seed4667.csv,copied,520ef94321bef18537f9298b573216fff4931521697f370b8af239eb90ae15ee,2026-09-29T03:31:17Z,tools/square.py,tools/studies/seed-search-1447/square.py,2026-09-27T18:44:06Z,"yes: written 2026-09-27T18:44:06Z, before the freeze 2026-09-28T16:15:12Z",
chain-0826,squares-PHerc0826-seed4690.csv,chain-0826/evidence/squares-PHerc0826-seed4690.csv,copied,ee198973f6bf7f9e9f99269a54f75c801c71aae244a11506538fab8079e29549,2026-09-29T03:31:17Z,tools/square.py,tools/studies/seed-search-1447/square.py,2026-09-27T17:47:10Z,"yes: written 2026-09-27T17:47:10Z, before the freeze 2026-09-28T16:15:12Z",
chain-0826,squares-PHerc0826-seed4695.csv,chain-0826/evidence/squares-PHerc0826-seed4695.csv,copied,c47859cb0de306fe1094fcdb74fcace09b00b7bd2cf1b2d299896cbcdffda75c,2026-09-29T03:31:17Z,tools/square.py,tools/studies/seed-search-1447/square.py,2026-09-27T17:36:26Z,"yes: written 2026-09-27T17:36:26Z, before the freeze 2026-09-28T16:15:12Z",
chain-0826,squares-PHerc0826-seed4732.csv,chain-0826/evidence/squares-PHerc0826-seed4732.csv,copied,7f699417f86254a946b96e5aee0d8b7f15ba2e58a32f64856923fc6510c92edd,2026-09-29T03:31:17Z,tools/square.py,tools/studies/seed-search-1447/square.py,2026-09-27T05:07:02Z,"yes: written 2026-09-27T05:07:02Z, before the freeze 2026-09-28T16:15:12Z",
chain-0826,squares-PHerc0826-seed4813.csv,chain-0826/evidence/squares-PHerc0826-seed4813.csv,copied,b7a988dfca9e601ed3870008468c9a599ac9e7f9eb86024cf3bb3088f5372439,2026-09-29T03:31:17Z,tools/square.py,tools/studies/seed-search-1447/square.py,2026-09-27T05:25:54Z,"yes: written 2026-09-27T05:25:54Z, before the freeze 2026-09-28T16:15:12Z",
chain-0826,squares-PHerc0826-seed485.csv,chain-0826/evidence/squares-PHerc0826-seed485.csv,copied,546d880674ef5e352d6427ec88e4f7ae480f9bcaa8943b48f83bbb66d7f8ff14,2026-09-29T03:31:17Z,tools/square.py,tools/studies/seed-search-1447/square.py,2026-09-26T21:06:30Z,"yes: written 2026-09-26T21:06:30Z, before the freeze 2026-09-28T16:15:12Z",
chain-0826,squares-PHerc0826-seed4868.csv,chain-0826/evidence/squares-PHerc0826-seed4868.csv,copied,51a26cd9398b492f485c3c26fe25afd55e1a789ed5d7d63901208d9bd1437da9,2026-09-29T03:31:17Z,tools/square.py,tools/studies/seed-search-1447/square.py,2026-09-27T04:42:17Z,"yes: written 2026-09-27T04:42:17Z, before the freeze 2026-09-28T16:15:12Z",
chain-0826,squares-PHerc0826-seed4960.csv,chain-0826/evidence/squares-PHerc0826-seed4960.csv,copied,d9ba6797a99f616bf0759e4ff15484e6577e5d31120a439fc3f30a8204ef4280,2026-09-29T03:31:17Z,tools/square.py,tools/studies/seed-search-1447/square.py,2026-09-27T04:27:40Z,"yes: written 2026-09-27T04:27:40Z, before the freeze 2026-09-28T16:15:12Z",
chain-0826,squares-PHerc0826-seed5104.csv,chain-0826/evidence/squares-PHerc0826-seed5104.csv,copied,1f8d36db8e81839fb0a4739421049e6aa323a80e4969c710b71095aa2e9b506a,2026-09-29T03:31:17Z,tools/square.py,tools/studies/seed-search-1447/square.py,2026-09-27T18:47:04Z,"yes: written 2026-09-27T18:47:04Z, before the freeze 2026-09-28T16:15:12Z",
chain-0826,squares-PHerc0826-seed5171.csv,chain-0826/evidence/squares-PHerc0826-seed5171.csv,copied,93c081790c3bedc53bb558a1bbdaf22d0d92f1aaaa46c23102bd9ad2492d1c84,2026-09-29T03:31:17Z,tools/square.py,tools/studies/seed-search-1447/square.py,2026-09-27T05:39:30Z,"yes: written 2026-09-27T05:39:30Z, before the freeze 2026-09-28T16:15:12Z",
chain-0826,squares-PHerc0826-seed5198.csv,chain-0826/evidence/squares-PHerc0826-seed5198.csv,copied,c6c3044142bdb2064c12632aee082bac508acc933d9774b1c6ab696981fcdea5,2026-09-29T03:31:17Z,tools/square.py,tools/studies/seed-search-1447/square.py,2026-09-27T04:32:28Z,"yes: written 2026-09-27T04:32:28Z, before the freeze 2026-09-28T16:15:12Z",
chain-0826,squares-PHerc0826-seed5262.csv,chain-0826/evidence/squares-PHerc0826-seed5262.csv,copied,220ae99a3c5e073066d520b64f71cd576615d478fb8602d91186351c40602db0,2026-09-29T03:31:17Z,tools/square.py,tools/studies/seed-search-1447/square.py,2026-09-27T04:43:02Z,"yes: written 2026-09-27T04:43:02Z, before the freeze 2026-09-28T16:15:12Z",
chain-0826,squares-PHerc0826-seed5349.csv,chain-0826/evidence/squares-PHerc0826-seed5349.csv,copied,7fb636cb0bcaa090552fffda8a17d6d32233ee2ba3b1446e4fd7ba1648801a00,2026-09-29T03:31:17Z,tools/square.py,tools/studies/seed-search-1447/square.py,2026-09-27T04:40:15Z,"yes: written 2026-09-27T04:40:15Z, before the freeze 2026-09-28T16:15:12Z",
chain-0826,squares-PHerc0826-seed5351.csv,chain-0826/evidence/squares-PHerc0826-seed5351.csv,copied,bc7295f401112b176c770863238d30d2cb10f3a3cc59b188793a0082caf478c4,2026-09-29T03:31:17Z,tools/square.py,tools/studies/seed-search-1447/square.py,2026-09-27T18:46:36Z,"yes: written 2026-09-27T18:46:36Z, before the freeze 2026-09-28T16:15:12Z",
chain-0826,squares-PHerc0826-seed5364.csv,chain-0826/evidence/squares-PHerc0826-seed5364.csv,copied,188ebfdc21abcab3129b66e8d49d9ce3b9aa2bd5edd7f6a49149ec2b731c1a3c,2026-09-29T03:31:17Z,tools/square.py,tools/studies/seed-search-1447/square.py,2026-09-27T17:18:28Z,"yes: written 2026-09-27T17:18:28Z, before the freeze 2026-09-28T16:15:12Z",
chain-0826,squares-PHerc0826-seed5382.csv,chain-0826/evidence/squares-PHerc0826-seed5382.csv,copied,30be98af1747e3d098a9f0bf0d6559e317bb68fc0303b0e86454baab367e15b8,2026-09-29T03:31:17Z,tools/square.py,tools/studies/seed-search-1447/square.py,2026-09-27T09:28:11Z,"yes: written 2026-09-27T09:28:11Z, before the freeze 2026-09-28T16:15:12Z",
chain-0826,squares-PHerc0826-seed5608.csv,chain-0826/evidence/squares-PHerc0826-seed5608.csv,copied,3022f22af87ed14e40af9e151237ea44d4abd3c6e1114e840b0603f94915dacb,2026-09-29T03:31:17Z,tools/square.py,tools/studies/seed-search-1447/square.py,2026-09-27T04:47:04Z,"yes: written 2026-09-27T04:47:04Z, before the freeze 2026-09-28T16:15:12Z",
chain-0826,squares-PHerc0826-seed5611.csv,chain-0826/evidence/squares-PHerc0826-seed5611.csv,copied,9ed95784ab2e93dc16b4ddd7dbd2df09b99de6c30b91e473f02060685e520d6c,2026-09-29T03:31:17Z,tools/square.py,tools/studies/seed-search-1447/square.py,2026-09-27T05:20:58Z,"yes: written 2026-09-27T05:20:58Z, before the freeze 2026-09-28T16:15:12Z",
chain-0826,squares-PHerc0826-seed5630.csv,chain-0826/evidence/squares-PHerc0826-seed5630.csv,copied,4bf4c1eddf05549aabd0b068c86b692bd8ab7be72fba03f8190b9ef5a09b10e1,2026-09-29T03:31:17Z,tools/square.py,tools/studies/seed-search-1447/square.py,2026-09-27T09:32:31Z,"yes: written 2026-09-27T09:32:31Z, before the freeze 2026-09-28T16:15:12Z",
chain-0826,squares-PHerc0826-seed5649.csv,chain-0826/evidence/squares-PHerc0826-seed5649.csv,copied,f1fda5a64de5fe272d7bb3cf3e682b4df036303a67d703ef265dbe28eefc119b,2026-09-29T03:31:17Z,tools/square.py,tools/studies/seed-search-1447/square.py,2026-09-27T04:45:34Z,"yes: written 2026-09-27T04:45:34Z, before the freeze 2026-09-28T16:15:12Z",
chain-0826,squares-PHerc0826-seed5702.csv,chain-0826/evidence/squares-PHerc0826-seed5702.csv,copied,233b46e28a0e0c765d19d8a1cdb3b6caba5b3ef3622a5ad991dc5c4fa534482f,2026-09-29T03:31:17Z,tools/square.py,tools/studies/seed-search-1447/square.py,2026-09-27T05:30:20Z,"yes: written 2026-09-27T05:30:20Z, before the freeze 2026-09-28T16:15:12Z",
chain-0826,squares-PHerc0826-seed5728.csv,chain-0826/evidence/squares-PHerc0826-seed5728.csv,copied,aa23c37473cf915eee2bd3a510b139cb18d180bf2fd05870802c59d0f150338d,2026-09-29T03:31:17Z,tools/square.py,tools/studies/seed-search-1447/square.py,2026-09-27T18:57:42Z,"yes: written 2026-09-27T18:57:42Z, before the freeze 2026-09-28T16:15:12Z",
chain-0826,squares-PHerc0826-seed5770.csv,chain-0826/evidence/squares-PHerc0826-seed5770.csv,copied,3cdff7464c444f864ee78e87cd61d77b921f706a2a32f8baea7b56af063e90ba,2026-09-29T03:31:17Z,tools/square.py,tools/studies/seed-search-1447/square.py,2026-09-27T04:53:39Z,"yes: written 2026-09-27T04:53:39Z, before the freeze 2026-09-28T16:15:12Z",
chain-0826,squares-PHerc0826-seed5812.csv,chain-0826/evidence/squares-PHerc0826-seed5812.csv,copied,1991c2c7a06beb9c28f9522ce05d62c888c6c1307458504242bd30dbe4258602,2026-09-29T03:31:17Z,tools/square.py,tools/studies/seed-search-1447/square.py,2026-09-27T17:30:49Z,"yes: written 2026-09-27T17:30:49Z, before the freeze 2026-09-28T16:15:12Z",
chain-0826,squares-PHerc0826-seed5835.csv,chain-0826/evidence/squares-PHerc0826-seed5835.csv,copied,a31cd7fde1380a06a3964b985a487f49e3c955b73ea67144a50c983f402ae56a,2026-09-29T03:31:17Z,tools/square.py,tools/studies/seed-search-1447/square.py,2026-09-27T18:49:55Z,"yes: written 2026-09-27T18:49:55Z, before the freeze 2026-09-28T16:15:12Z",
chain-0826,squares-PHerc0826-seed5989.csv,chain-0826/evidence/squares-PHerc0826-seed5989.csv,copied,698a3b86d48a3391def0040845aa6b46670af0c57cb18ecf2a0ce0ccd8c1d89f,2026-09-29T03:31:17Z,tools/square.py,tools/studies/seed-search-1447/square.py,2026-09-27T17:17:56Z,"yes: written 2026-09-27T17:17:56Z, before the freeze 2026-09-28T16:15:12Z",
chain-0826,squares-PHerc0826-seed6013.csv,chain-0826/evidence/squares-PHerc0826-seed6013.csv,copied,9db3416fd52b7e5acb4af3948305656a66670150abc5139df9616a6a3390b0b4,2026-09-29T03:31:17Z,tools/square.py,tools/studies/seed-search-1447/square.py,2026-09-27T06:19:34Z,"yes: written 2026-09-27T06:19:34Z, before the freeze 2026-09-28T16:15:12Z",
chain-0826,squares-PHerc0826-seed6181.csv,chain-0826/evidence/squares-PHerc0826-seed6181.csv,copied,0bc87b1d6cb7ab8a9b2e6efaf0af136316e2966ec3fde0f538292ed3f5e4f7bf,2026-09-29T03:31:17Z,tools/square.py,tools/studies/seed-search-1447/square.py,2026-09-27T09:32:39Z,"yes: written 2026-09-27T09:32:39Z, before the freeze 2026-09-28T16:15:12Z",
chain-0826,squares-PHerc0826-seed6206.csv,chain-0826/evidence/squares-PHerc0826-seed6206.csv,copied,49a6d6ae4af2c05073002a87bc543c23378c1fa3c203466fcc6176ff975a69eb,2026-09-29T03:31:17Z,tools/square.py,tools/studies/seed-search-1447/square.py,2026-09-27T05:08:39Z,"yes: written 2026-09-27T05:08:39Z, before the freeze 2026-09-28T16:15:12Z",
chain-0826,squares-PHerc0826-seed6209.csv,chain-0826/evidence/squares-PHerc0826-seed6209.csv,copied,aaf9034351799a933507645df77bb07b3a5aa37876464eb860c8e11f09fb234b,2026-09-29T03:31:17Z,tools/square.py,tools/studies/seed-search-1447/square.py,2026-09-27T05:32:26Z,"yes: written 2026-09-27T05:32:26Z, before the freeze 2026-09-28T16:15:12Z",
chain-0826,squares-PHerc0826-seed6237.csv,chain-0826/evidence/squares-PHerc0826-seed6237.csv,copied,a243cae7e9490475aacfeb67920d8ed412c1840a21ccddc4e21772d5ccfaebb7,2026-09-29T03:31:17Z,tools/square.py,tools/studies/seed-search-1447/square.py,2026-09-27T05:59:47Z,"yes: written 2026-09-27T05:59:47Z, before the freeze 2026-09-28T16:15:12Z",
chain-0826,squares-PHerc0826-seed6273.csv,chain-0826/evidence/squares-PHerc0826-seed6273.csv,copied,6dd327fdd61dc13a279145fd7c69311bfbfea5c209ac5ea01020fa49b2c87faa,2026-09-29T03:31:17Z,tools/square.py,tools/studies/seed-search-1447/square.py,2026-09-27T17:13:34Z,"yes: written 2026-09-27T17:13:34Z, before the freeze 2026-09-28T16:15:12Z",
chain-0826,squares-PHerc0826-seed633.csv,chain-0826/evidence/squares-PHerc0826-seed633.csv,copied,e4d70ba2acf28e4281f6444db0f027497bf71f81b3b4f49c2d53e9557e666e6f,2026-09-29T03:31:17Z,tools/square.py,tools/studies/seed-search-1447/square.py,2026-09-26T21:09:00Z,"yes: written 2026-09-26T21:09:00Z, before the freeze 2026-09-28T16:15:12Z",
chain-0826,squares-PHerc0826-seed6343.csv,chain-0826/evidence/squares-PHerc0826-seed6343.csv,copied,ba933164c2cf376394ad1d69b0b63febf76be5db5ca680a0b520c12ca51ebeec,2026-09-29T03:31:17Z,tools/square.py,tools/studies/seed-search-1447/square.py,2026-09-27T05:31:48Z,"yes: written 2026-09-27T05:31:48Z, before the freeze 2026-09-28T16:15:12Z",
chain-0826,squares-PHerc0826-seed6346.csv,chain-0826/evidence/squares-PHerc0826-seed6346.csv,copied,011d2736ed8245c49e844e97b1237853450c73a495ac25367565a59eb4eed29b,2026-09-29T03:31:17Z,tools/square.py,tools/studies/seed-search-1447/square.py,2026-09-27T05:33:13Z,"yes: written 2026-09-27T05:33:13Z, before the freeze 2026-09-28T16:15:12Z",
chain-0826,squares-PHerc0826-seed6365.csv,chain-0826/evidence/squares-PHerc0826-seed6365.csv,copied,435215c0bb2a574175fb49a277595a1ec30a5fee0ead7639f7dea590846e9a62,2026-09-29T03:31:17Z,tools/square.py,tools/studies/seed-search-1447/square.py,2026-09-27T06:01:52Z,"yes: written 2026-09-27T06:01:52Z, before the freeze 2026-09-28T16:15:12Z",
chain-0826,squares-PHerc0826-seed6376.csv,chain-0826/evidence/squares-PHerc0826-seed6376.csv,copied,de4b4dc6023883572eaa89299549c73c4c77c8509ffd025c52ded36b9835eb50,2026-09-29T03:31:17Z,tools/square.py,tools/studies/seed-search-1447/square.py,2026-09-27T06:29:01Z,"yes: written 2026-09-27T06:29:01Z, before the freeze 2026-09-28T16:15:12Z",
chain-0826,squares-PHerc0826-seed6403.csv,chain-0826/evidence/squares-PHerc0826-seed6403.csv,excluded,,,tools/square.py,tools/studies/seed-search-1447/square.py,2026-09-29T01:12:26Z,no: growth_generation_cap=72000; downstream_patch_limit=80000; seed_at_run_time=withheld in runs/PHerc0826-seed6403.csv,
chain-0826,squares-PHerc0826-seed6405.csv,chain-0826/evidence/squares-PHerc0826-seed6405.csv,copied,f74e32fba5f38071e3ed453d3ff5ca96fd10578b62feaf3493c0d5b97a2248ba,2026-09-29T03:31:17Z,tools/square.py,tools/studies/seed-search-1447/square.py,2026-09-28T02:21:44Z,"yes: written 2026-09-28T02:21:44Z, before the freeze 2026-09-28T16:15:12Z",
chain-0826,squares-PHerc0826-seed6409.csv,chain-0826/evidence/squares-PHerc0826-seed6409.csv,copied,bed47ef52745683e1b773ab07fc7bdf26bbee63fbdf625ba6ce738fa0d96ae5d,2026-09-29T03:31:17Z,tools/square.py,tools/studies/seed-search-1447/square.py,2026-09-28T01:53:27Z,"yes: written 2026-09-28T01:53:27Z, before the freeze 2026-09-28T16:15:12Z",
chain-0826,squares-PHerc0826-seed6412.csv,chain-0826/evidence/squares-PHerc0826-seed6412.csv,copied,cf172799990f4a8380de383c849e7ec51273509b68517f3f8bfc00ce44a114bf,2026-09-29T03:31:17Z,tools/square.py,tools/studies/seed-search-1447/square.py,2026-09-28T05:21:53Z,"yes: written 2026-09-28T05:21:53Z, before the freeze 2026-09-28T16:15:12Z",
chain-0826,squares-PHerc0826-seed6414.csv,chain-0826/evidence/squares-PHerc0826-seed6414.csv,copied,82a926631f4f3d4a35f23bea288135e1fca458eca84e0d4662f94e71b6e55908,2026-09-29T03:31:17Z,tools/square.py,tools/studies/seed-search-1447/square.py,2026-09-28T04:49:38Z,"yes: written 2026-09-28T04:49:38Z, before the freeze 2026-09-28T16:15:12Z",
chain-0826,squares-PHerc0826-seed6415.csv,chain-0826/evidence/squares-PHerc0826-seed6415.csv,copied,0e0b03dc38322ef651127cd3b5a1c7238aee4d43258c1abf1033230bbb708365,2026-09-29T03:31:17Z,tools/square.py,tools/studies/seed-search-1447/square.py,2026-09-28T05:21:40Z,"yes: written 2026-09-28T05:21:40Z, before the freeze 2026-09-28T16:15:12Z",
chain-0826,squares-PHerc0826-seed6416.csv,chain-0826/evidence/squares-PHerc0826-seed6416.csv,copied,83887f3262474b96dc2ca2e39616ef093e69f1229a6a8687a5a0999a33a3e527,2026-09-29T03:31:17Z,tools/square.py,tools/studies/seed-search-1447/square.py,2026-09-28T03:12:15Z,"yes: written 2026-09-28T03:12:15Z, before the freeze 2026-09-28T16:15:12Z",
chain-0826,squares-PHerc0826-seed6423.csv,chain-0826/evidence/squares-PHerc0826-seed6423.csv,copied,f40ca14d85f418289c37b42b1b824a33b28af6b3b20df145b846a2eb125b3f5c,2026-09-29T03:31:17Z,tools/square.py,tools/studies/seed-search-1447/square.py,2026-09-28T05:12:43Z,"yes: written 2026-09-28T05:12:43Z, before the freeze 2026-09-28T16:15:12Z",
chain-0826,squares-PHerc0826-seed6429.csv,chain-0826/evidence/squares-PHerc0826-seed6429.csv,copied,a81dc5784414acd361a350d0e344b89f2fc130fcbb5299decf59984f9d844a1f,2026-09-29T03:31:17Z,tools/square.py,tools/studies/seed-search-1447/square.py,2026-09-28T02:11:30Z,"yes: written 2026-09-28T02:11:30Z, before the freeze 2026-09-28T16:15:12Z",
chain-0826,squares-PHerc0826-seed6430.csv,chain-0826/evidence/squares-PHerc0826-seed6430.csv,copied,ab42bcf90815394813ea1cedd3f959059d12e14326cfd6302176a28006a16f97,2026-09-29T03:31:17Z,tools/square.py,tools/studies/seed-search-1447/square.py,2026-09-27T23:49:35Z,"yes: written 2026-09-27T23:49:35Z, before the freeze 2026-09-28T16:15:12Z",
chain-0826,squares-PHerc0826-seed6440.csv,chain-0826/evidence/squares-PHerc0826-seed6440.csv,copied,acd8ee92c9d48662baffc80658dc684da1832288b9b5891492ce1f4fbe26d86e,2026-09-29T03:31:17Z,tools/square.py,tools/studies/seed-search-1447/square.py,2026-09-28T01:51:42Z,"yes: written 2026-09-28T01:51:42Z, before the freeze 2026-09-28T16:15:12Z",
chain-0826,squares-PHerc0826-seed6449.csv,chain-0826/evidence/squares-PHerc0826-seed6449.csv,excluded,,,tools/square.py,tools/studies/seed-search-1447/square.py,2026-09-28T19:25:11Z,no: growth_generation_cap=72000; downstream_patch_limit=80000; seed_at_run_time=withheld in runs/PHerc0826-seed6449.csv,
chain-0826,squares-PHerc0826-seed6455.csv,chain-0826/evidence/squares-PHerc0826-seed6455.csv,excluded,,,tools/square.py,tools/studies/seed-search-1447/square.py,2026-09-28T19:44:53Z,no: growth_generation_cap=72000; downstream_patch_limit=80000; seed_at_run_time=withheld in runs/PHerc0826-seed6455.csv,
chain-0826,squares-PHerc0826-seed6457.csv,chain-0826/evidence/squares-PHerc0826-seed6457.csv,excluded,,,tools/square.py,tools/studies/seed-search-1447/square.py,2026-09-28T19:24:14Z,no: growth_generation_cap=72000; downstream_patch_limit=80000; seed_at_run_time=withheld in runs/PHerc0826-seed6457.csv,
chain-0826,squares-PHerc0826-seed6458.csv,chain-0826/evidence/squares-PHerc0826-seed6458.csv,copied,bac3790260402ef4b29ada55872c23df67d78efa2729102741c0402fbddb0867,2026-09-29T03:31:17Z,tools/square.py,tools/studies/seed-search-1447/square.py,2026-09-28T04:42:54Z,"yes: written 2026-09-28T04:42:54Z, before the freeze 2026-09-28T16:15:12Z",
chain-0826,squares-PHerc0826-seed6459.csv,chain-0826/evidence/squares-PHerc0826-seed6459.csv,excluded,,,tools/square.py,tools/studies/seed-search-1447/square.py,2026-09-28T20:56:37Z,no: growth_generation_cap=72000; downstream_patch_limit=80000; seed_at_run_time=withheld in runs/PHerc0826-seed6459.csv,
chain-0826,squares-PHerc0826-seed6462.csv,chain-0826/evidence/squares-PHerc0826-seed6462.csv,excluded,,,tools/square.py,tools/studies/seed-search-1447/square.py,2026-09-28T20:52:06Z,no: growth_generation_cap=72000; downstream_patch_limit=80000; seed_at_run_time=withheld in runs/PHerc0826-seed6462.csv,
chain-0826,squares-PHerc0826-seed6464.csv,chain-0826/evidence/squares-PHerc0826-seed6464.csv,excluded,,,tools/square.py,tools/studies/seed-search-1447/square.py,2026-09-28T22:10:47Z,no: growth_generation_cap=72000; downstream_patch_limit=80000; seed_at_run_time=withheld in runs/PHerc0826-seed6464.csv,
chain-0826,squares-PHerc0826-seed6465.csv,chain-0826/evidence/squares-PHerc0826-seed6465.csv,copied,ffd322bbe1f4a3d6ac83050ab543d49670ab6afed99c3b58f6a75c22667c935f,2026-09-29T03:31:17Z,tools/square.py,tools/studies/seed-search-1447/square.py,2026-09-27T22:39:15Z,"yes: written 2026-09-27T22:39:15Z, before the freeze 2026-09-28T16:15:12Z",
chain-0826,squares-PHerc0826-seed6469.csv,chain-0826/evidence/squares-PHerc0826-seed6469.csv,copied,c006b1a97e1c49c67b831923e13978aa686e529f19e81b4dfa1033c914ea6aef,2026-09-29T03:31:17Z,tools/square.py,tools/studies/seed-search-1447/square.py,2026-09-28T03:08:09Z,"yes: written 2026-09-28T03:08:09Z, before the freeze 2026-09-28T16:15:12Z",
chain-0826,squares-PHerc0826-seed6473.csv,chain-0826/evidence/squares-PHerc0826-seed6473.csv,copied,a78d512ae1ade2cead00fdd518fdc42b96c438a35284899e98f0138c355b2e63,2026-09-29T03:31:17Z,tools/square.py,tools/studies/seed-search-1447/square.py,2026-09-27T23:55:35Z,"yes: written 2026-09-27T23:55:35Z, before the freeze 2026-09-28T16:15:12Z",
chain-0826,squares-PHerc0826-seed6475.csv,chain-0826/evidence/squares-PHerc0826-seed6475.csv,excluded,,,tools/square.py,tools/studies/seed-search-1447/square.py,2026-09-28T18:04:09Z,no: growth_generation_cap=72000; downstream_patch_limit=80000; seed_at_run_time=withheld in runs/PHerc0826-seed6475.csv,
chain-0826,squares-PHerc0826-seed6477.csv,chain-0826/evidence/squares-PHerc0826-seed6477.csv,copied,da46e07f734e73fac8657821494356a761e361f864f51e0e30d8b588c62602e6,2026-09-29T03:31:17Z,tools/square.py,tools/studies/seed-search-1447/square.py,2026-09-28T02:36:47Z,"yes: written 2026-09-28T02:36:47Z, before the freeze 2026-09-28T16:15:12Z",
chain-0826,squares-PHerc0826-seed6478.csv,chain-0826/evidence/squares-PHerc0826-seed6478.csv,excluded,,,tools/square.py,tools/studies/seed-search-1447/square.py,2026-09-28T20:56:55Z,no: growth_generation_cap=72000; downstream_patch_limit=80000; seed_at_run_time=withheld in runs/PHerc0826-seed6478.csv,
chain-0826,squares-PHerc0826-seed6486.csv,chain-0826/evidence/squares-PHerc0826-seed6486.csv,excluded,,,tools/square.py,tools/studies/seed-search-1447/square.py,2026-09-28T21:06:08Z,no: growth_generation_cap=72000; downstream_patch_limit=80000; seed_at_run_time=withheld in runs/PHerc0826-seed6486.csv,
chain-0826,squares-PHerc0826-seed6487.csv,chain-0826/evidence/squares-PHerc0826-seed6487.csv,copied,ff45f58f7ead776448f6c9cf614f428ac2a49a4689d4c516e4538fd86c69bfb1,2026-09-29T03:31:17Z,tools/square.py,tools/studies/seed-search-1447/square.py,2026-09-28T02:27:18Z,"yes: written 2026-09-28T02:27:18Z, before the freeze 2026-09-28T16:15:12Z",
chain-0826,squares-PHerc0826-seed6489.csv,chain-0826/evidence/squares-PHerc0826-seed6489.csv,excluded,,,tools/square.py,tools/studies/seed-search-1447/square.py,2026-09-28T19:41:37Z,no: growth_generation_cap=72000; downstream_patch_limit=80000; seed_at_run_time=withheld in runs/PHerc0826-seed6489.csv,
chain-0826,squares-PHerc0826-seed6496.csv,chain-0826/evidence/squares-PHerc0826-seed6496.csv,excluded,,,tools/square.py,tools/studies/seed-search-1447/square.py,2026-09-28T19:31:00Z,no: growth_generation_cap=72000; downstream_patch_limit=80000; seed_at_run_time=withheld in runs/PHerc0826-seed6496.csv,
chain-0826,squares-PHerc0826-seed6516.csv,chain-0826/evidence/squares-PHerc0826-seed6516.csv,excluded,,,tools/square.py,tools/studies/seed-search-1447/square.py,2026-09-29T00:27:12Z,no: growth_generation_cap=72000; downstream_patch_limit=80000; seed_at_run_time=withheld in runs/PHerc0826-seed6516.csv,
chain-0826,squares-PHerc0826-seed6522.csv,chain-0826/evidence/squares-PHerc0826-seed6522.csv,copied,2cf27f1c76211c33f0c1d2847b6b7af036eb04394f67267a6a03e74792037860,2026-09-29T03:31:17Z,tools/square.py,tools/studies/seed-search-1447/square.py,2026-09-28T05:13:05Z,"yes: written 2026-09-28T05:13:05Z, before the freeze 2026-09-28T16:15:12Z",
chain-0826,squares-PHerc0826-seed6523.csv,chain-0826/evidence/squares-PHerc0826-seed6523.csv,copied,70229be8710c2d806e5efe15ad7dedc8508501202ad4485df6ac84de5f6b8b8f,2026-09-29T03:31:17Z,tools/square.py,tools/studies/seed-search-1447/square.py,2026-09-28T05:08:35Z,"yes: written 2026-09-28T05:08:35Z, before the freeze 2026-09-28T16:15:12Z",
chain-0826,squares-PHerc0826-seed6527.csv,chain-0826/evidence/squares-PHerc0826-seed6527.csv,excluded,,,tools/square.py,tools/studies/seed-search-1447/square.py,2026-09-28T20:29:08Z,no: growth_generation_cap=72000; downstream_patch_limit=80000; seed_at_run_time=withheld in runs/PHerc0826-seed6527.csv,
chain-0826,squares-PHerc0826-seed653.csv,chain-0826/evidence/squares-PHerc0826-seed653.csv,copied,efabb4dd511df64defe4a8e2fd763e1147df055a977fd28ff8bba2b84504562d,2026-09-29T03:31:17Z,tools/square.py,tools/studies/seed-search-1447/square.py,2026-09-26T20:55:02Z,"yes: written 2026-09-26T20:55:02Z, before the freeze 2026-09-28T16:15:12Z",
chain-0826,squares-PHerc0826-seed6531.csv,chain-0826/evidence/squares-PHerc0826-seed6531.csv,copied,a7e9757c3c8fa4171f7b036c4b17acbe385ffab4c8a3454eaa16b54382f20b73,2026-09-29T03:31:17Z,tools/square.py,tools/studies/seed-search-1447/square.py,2026-09-28T01:51:55Z,"yes: written 2026-09-28T01:51:55Z, before the freeze 2026-09-28T16:15:12Z",
chain-0826,squares-PHerc0826-seed6532.csv,chain-0826/evidence/squares-PHerc0826-seed6532.csv,copied,85cb362b07f5013b370b8107a31fae30e38b3da0ac8a6ce9ca30b6dde22d0359,2026-09-29T03:31:17Z,tools/square.py,tools/studies/seed-search-1447/square.py,2026-09-28T01:56:52Z,"yes: written 2026-09-28T01:56:52Z, before the freeze 2026-09-28T16:15:12Z",
chain-0826,squares-PHerc0826-seed6536.csv,chain-0826/evidence/squares-PHerc0826-seed6536.csv,excluded,,,tools/square.py,tools/studies/seed-search-1447/square.py,2026-09-28T19:15:39Z,no: growth_generation_cap=72000; downstream_patch_limit=80000; seed_at_run_time=withheld in runs/PHerc0826-seed6536.csv,
chain-0826,squares-PHerc0826-seed6553.csv,chain-0826/evidence/squares-PHerc0826-seed6553.csv,copied,a7607b88107b6c99cb69faa246c0dde20b291a52e638fd7f5a8b92d54097384c,2026-09-29T03:31:17Z,tools/square.py,tools/studies/seed-search-1447/square.py,2026-09-27T22:51:10Z,"yes: written 2026-09-27T22:51:10Z, before the freeze 2026-09-28T16:15:12Z",
chain-0826,squares-PHerc0826-seed6555.csv,chain-0826/evidence/squares-PHerc0826-seed6555.csv,excluded,,,tools/square.py,tools/studies/seed-search-1447/square.py,2026-09-28T19:25:49Z,no: growth_generation_cap=72000; downstream_patch_limit=80000; seed_at_run_time=withheld in runs/PHerc0826-seed6555.csv,
chain-0826,squares-PHerc0826-seed6557.csv,chain-0826/evidence/squares-PHerc0826-seed6557.csv,copied,f8af7b9edeca2e20f319c5057c20b3faaa291ff6efcb5409c29e7b2aed42b5db,2026-09-29T03:31:17Z,tools/square.py,tools/studies/seed-search-1447/square.py,2026-09-28T02:31:46Z,"yes: written 2026-09-28T02:31:46Z, before the freeze 2026-09-28T16:15:12Z",
chain-0826,squares-PHerc0826-seed6562.csv,chain-0826/evidence/squares-PHerc0826-seed6562.csv,copied,0564db60767753256778b223de4fc83d4840a90feb631a0c36139353aa7e6b35,2026-09-29T03:31:17Z,tools/square.py,tools/studies/seed-search-1447/square.py,2026-09-27T23:09:05Z,"yes: written 2026-09-27T23:09:05Z, before the freeze 2026-09-28T16:15:12Z",
chain-0826,squares-PHerc0826-seed6565.csv,chain-0826/evidence/squares-PHerc0826-seed6565.csv,copied,258d54e2a67bdbe01ee93897553ddcebc180515f9c7acef90eb8460226a395df,2026-09-29T03:31:17Z,tools/square.py,tools/studies/seed-search-1447/square.py,2026-09-28T01:57:17Z,"yes: written 2026-09-28T01:57:17Z, before the freeze 2026-09-28T16:15:12Z",
chain-0826,squares-PHerc0826-seed6569.csv,chain-0826/evidence/squares-PHerc0826-seed6569.csv,excluded,,,tools/square.py,tools/studies/seed-search-1447/square.py,2026-09-29T00:55:52Z,no: growth_generation_cap=72000; downstream_patch_limit=80000; seed_at_run_time=withheld in runs/PHerc0826-seed6569.csv,
chain-0826,squares-PHerc0826-seed6572.csv,chain-0826/evidence/squares-PHerc0826-seed6572.csv,copied,b09e47bae335baa23c90cf75be915062d9e3ef70dfcad03232185c8b2e01ccef,2026-09-29T03:31:17Z,tools/square.py,tools/studies/seed-search-1447/square.py,2026-09-28T03:06:54Z,"yes: written 2026-09-28T03:06:54Z, before the freeze 2026-09-28T16:15:12Z",
chain-0826,squares-PHerc0826-seed6578.csv,chain-0826/evidence/squares-PHerc0826-seed6578.csv,excluded,,,tools/square.py,tools/studies/seed-search-1447/square.py,2026-09-29T01:27:14Z,no: growth_generation_cap=72000; downstream_patch_limit=80000; seed_at_run_time=withheld in runs/PHerc0826-seed6578.csv,
chain-0826,squares-PHerc0826-seed6579.csv,chain-0826/evidence/squares-PHerc0826-seed6579.csv,copied,ff2a5e81355aed81356739635fe0c5dc892704fb37a3f97e88f15f4c0174b635,2026-09-29T03:31:17Z,tools/square.py,tools/studies/seed-search-1447/square.py,2026-09-28T02:22:50Z,"yes: written 2026-09-28T02:22:50Z, before the freeze 2026-09-28T16:15:12Z",
chain-0826,squares-PHerc0826-seed6581.csv,chain-0826/evidence/squares-PHerc0826-seed6581.csv,excluded,,,tools/square.py,tools/studies/seed-search-1447/square.py,2026-09-28T20:25:52Z,no: growth_generation_cap=72000; downstream_patch_limit=80000; seed_at_run_time=withheld in runs/PHerc0826-seed6581.csv,
chain-0826,squares-PHerc0826-seed6582.csv,chain-0826/evidence/squares-PHerc0826-seed6582.csv,copied,5438f4217dbd04b1fbba5ebf18f81a98a5601af3116b694e7babc54a3284561f,2026-09-29T03:31:17Z,tools/square.py,tools/studies/seed-search-1447/square.py,2026-09-28T02:51:24Z,"yes: written 2026-09-28T02:51:24Z, before the freeze 2026-09-28T16:15:12Z",
chain-0826,squares-PHerc0826-seed6584.csv,chain-0826/evidence/squares-PHerc0826-seed6584.csv,copied,171f7818579ffadf2aa698f3b9543db25a5f7a9521dcc9003e669ab3357e9734,2026-09-29T03:31:17Z,tools/square.py,tools/studies/seed-search-1447/square.py,2026-09-28T00:09:10Z,"yes: written 2026-09-28T00:09:10Z, before the freeze 2026-09-28T16:15:12Z",
chain-0826,squares-PHerc0826-seed6595.csv,chain-0826/evidence/squares-PHerc0826-seed6595.csv,copied,f9ba28ef1edd1836ac88d6e780d8d002f5abaddae2ec7f46611c24a256ee3a01,2026-09-29T03:31:17Z,tools/square.py,tools/studies/seed-search-1447/square.py,2026-09-28T03:11:20Z,"yes: written 2026-09-28T03:11:20Z, before the freeze 2026-09-28T16:15:12Z",
chain-0826,squares-PHerc0826-seed6596.csv,chain-0826/evidence/squares-PHerc0826-seed6596.csv,copied,b3fab91b67b24d50790f4fae6353c7896bf5857eaac56f204ef056d4d57f573b,2026-09-29T03:31:17Z,tools/square.py,tools/studies/seed-search-1447/square.py,2026-09-28T04:49:40Z,"yes: written 2026-09-28T04:49:40Z, before the freeze 2026-09-28T16:15:12Z",
chain-0826,squares-PHerc0826-seed6597.csv,chain-0826/evidence/squares-PHerc0826-seed6597.csv,copied,53cd80fb4dd18b3acc0f8b7d6fe00f287a0241e5fd12ce38aae8622fcec87bb7,2026-09-29T03:31:17Z,tools/square.py,tools/studies/seed-search-1447/square.py,2026-09-28T02:43:53Z,"yes: written 2026-09-28T02:43:53Z, before the freeze 2026-09-28T16:15:12Z",
chain-0826,squares-PHerc0826-seed6602.csv,chain-0826/evidence/squares-PHerc0826-seed6602.csv,excluded,,,tools/square.py,tools/studies/seed-search-1447/square.py,2026-09-28T19:49:36Z,no: growth_generation_cap=72000; downstream_patch_limit=80000; seed_at_run_time=withheld in runs/PHerc0826-seed6602.csv,
chain-0826,squares-PHerc0826-seed6609.csv,chain-0826/evidence/squares-PHerc0826-seed6609.csv,copied,048f710da211f5c383c819c7838c498c8f2ca091f41334864276ca62c4d2a293,2026-09-29T03:31:17Z,tools/square.py,tools/studies/seed-search-1447/square.py,2026-09-28T03:20:37Z,"yes: written 2026-09-28T03:20:37Z, before the freeze 2026-09-28T16:15:12Z",
chain-0826,squares-PHerc0826-seed6611.csv,chain-0826/evidence/squares-PHerc0826-seed6611.csv,copied,f3983e59211c2e29706710cb382f1366aed0fc3a103a902260b12e5f03579625,2026-09-29T03:31:17Z,tools/square.py,tools/studies/seed-search-1447/square.py,2026-09-28T03:20:08Z,"yes: written 2026-09-28T03:20:08Z, before the freeze 2026-09-28T16:15:12Z",
chain-0826,squares-PHerc0826-seed6616.csv,chain-0826/evidence/squares-PHerc0826-seed6616.csv,excluded,,,tools/square.py,tools/studies/seed-search-1447/square.py,2026-09-28T20:10:00Z,no: growth_generation_cap=72000; downstream_patch_limit=80000; seed_at_run_time=withheld in runs/PHerc0826-seed6616.csv,
chain-0826,squares-PHerc0826-seed6623.csv,chain-0826/evidence/squares-PHerc0826-seed6623.csv,copied,6ff84d2ec652557a3f9cd2845b56093468a4596954d57608eecd57fe6446218f,2026-09-29T03:31:17Z,tools/square.py,tools/studies/seed-search-1447/square.py,2026-09-28T01:56:37Z,"yes: written 2026-09-28T01:56:37Z, before the freeze 2026-09-28T16:15:12Z",
chain-0826,squares-PHerc0826-seed6626.csv,chain-0826/evidence/squares-PHerc0826-seed6626.csv,copied,36079f872cb362a4656844a73414ddb4c348d5676e97ac5e887b4acacaa1a4de,2026-09-29T03:31:17Z,tools/square.py,tools/studies/seed-search-1447/square.py,2026-09-27T23:01:56Z,"yes: written 2026-09-27T23:01:56Z, before the freeze 2026-09-28T16:15:12Z",
chain-0826,squares-PHerc0826-seed6629.csv,chain-0826/evidence/squares-PHerc0826-seed6629.csv,copied,4ed49443dd3b258f450bcb961073fbdbfcc02479932e81c470f9baf54e303f3b,2026-09-29T03:31:17Z,tools/square.py,tools/studies/seed-search-1447/square.py,2026-09-28T02:14:29Z,"yes: written 2026-09-28T02:14:29Z, before the freeze 2026-09-28T16:15:12Z",
chain-0826,squares-PHerc0826-seed6631.csv,chain-0826/evidence/squares-PHerc0826-seed6631.csv,copied,ed7ca2ae1bc71cc440135f2dcff121a8cd73d482e0fc9ffb6de5cee7120dec60,2026-09-29T03:31:17Z,tools/square.py,tools/studies/seed-search-1447/square.py,2026-09-27T22:57:17Z,"yes: written 2026-09-27T22:57:17Z, before the freeze 2026-09-28T16:15:12Z",
chain-0826,squares-PHerc0826-seed6638.csv,chain-0826/evidence/squares-PHerc0826-seed6638.csv,excluded,,,tools/square.py,tools/studies/seed-search-1447/square.py,2026-09-28T21:29:52Z,no: growth_generation_cap=72000; downstream_patch_limit=80000; seed_at_run_time=withheld in runs/PHerc0826-seed6638.csv,
chain-0826,squares-PHerc0826-seed6642.csv,chain-0826/evidence/squares-PHerc0826-seed6642.csv,excluded,,,tools/square.py,tools/studies/seed-search-1447/square.py,2026-09-28T20:57:43Z,no: growth_generation_cap=72000; downstream_patch_limit=80000; seed_at_run_time=withheld in runs/PHerc0826-seed6642.csv,
chain-0826,squares-PHerc0826-seed6643.csv,chain-0826/evidence/squares-PHerc0826-seed6643.csv,copied,3a963c31068fd99d87d02ef2eac9be47cfcdcd69e7ed5e7c61b2dfa54e218fcb,2026-09-29T03:31:17Z,tools/square.py,tools/studies/seed-search-1447/square.py,2026-09-28T05:30:11Z,"yes: written 2026-09-28T05:30:11Z, before the freeze 2026-09-28T16:15:12Z",
chain-0826,squares-PHerc0826-seed6644.csv,chain-0826/evidence/squares-PHerc0826-seed6644.csv,excluded,,,tools/square.py,tools/studies/seed-search-1447/square.py,2026-09-28T19:01:53Z,no: growth_generation_cap=72000; downstream_patch_limit=80000; seed_at_run_time=withheld in runs/PHerc0826-seed6644.csv,
chain-0826,squares-PHerc0826-seed6654.csv,chain-0826/evidence/squares-PHerc0826-seed6654.csv,copied,d8bba1c5b780f2a22c03f0beea32729f1a9ad17bbced2477b11f4c935bf84202,2026-09-29T03:31:17Z,tools/square.py,tools/studies/seed-search-1447/square.py,2026-09-28T01:55:44Z,"yes: written 2026-09-28T01:55:44Z, before the freeze 2026-09-28T16:15:12Z",
chain-0826,squares-PHerc0826-seed6656.csv,chain-0826/evidence/squares-PHerc0826-seed6656.csv,copied,cd8ab0f52bb2c0c2fa8dbdcdcae94bed1fb5ff38968586dde88966fa01fa7e5e,2026-09-29T03:31:17Z,tools/square.py,tools/studies/seed-search-1447/square.py,2026-09-28T02:32:47Z,"yes: written 2026-09-28T02:32:47Z, before the freeze 2026-09-28T16:15:12Z",
chain-0826,squares-PHerc0826-seed6657.csv,chain-0826/evidence/squares-PHerc0826-seed6657.csv,copied,4ede078ce8d596e2854e78d958689cfb49b0cb3dc90b83162d80883f1a532eb6,2026-09-29T03:31:17Z,tools/square.py,tools/studies/seed-search-1447/square.py,2026-09-28T02:49:00Z,"yes: written 2026-09-28T02:49:00Z, before the freeze 2026-09-28T16:15:12Z",
chain-0826,squares-PHerc0826-seed6660.csv,chain-0826/evidence/squares-PHerc0826-seed6660.csv,copied,9dc94bde78a80ae06276007aac8504f4942ef3e23287ff76408660527da2ac4f,2026-09-29T03:31:17Z,tools/square.py,tools/studies/seed-search-1447/square.py,2026-09-27T23:56:21Z,"yes: written 2026-09-27T23:56:21Z, before the freeze 2026-09-28T16:15:12Z",
chain-0826,squares-PHerc0826-seed6661.csv,chain-0826/evidence/squares-PHerc0826-seed6661.csv,copied,d1fd18069a869f466be34d96960ef41bef46f33c6ecb83804d4bd5021dfe688f,2026-09-29T03:31:17Z,tools/square.py,tools/studies/seed-search-1447/square.py,2026-09-28T04:54:06Z,"yes: written 2026-09-28T04:54:06Z, before the freeze 2026-09-28T16:15:12Z",
chain-0826,squares-PHerc0826-seed6664.csv,chain-0826/evidence/squares-PHerc0826-seed6664.csv,excluded,,,tools/square.py,tools/studies/seed-search-1447/square.py,2026-09-29T00:46:20Z,no: growth_generation_cap=72000; downstream_patch_limit=80000; seed_at_run_time=withheld in runs/PHerc0826-seed6664.csv,
chain-0826,squares-PHerc0826-seed6668.csv,chain-0826/evidence/squares-PHerc0826-seed6668.csv,excluded,,,tools/square.py,tools/studies/seed-search-1447/square.py,2026-09-28T21:52:21Z,no: growth_generation_cap=72000; downstream_patch_limit=80000; seed_at_run_time=withheld in runs/PHerc0826-seed6668.csv,
chain-0826,squares-PHerc0826-seed6672.csv,chain-0826/evidence/squares-PHerc0826-seed6672.csv,excluded,,,tools/square.py,tools/studies/seed-search-1447/square.py,2026-09-28T20:32:53Z,no: growth_generation_cap=72000; downstream_patch_limit=80000; seed_at_run_time=withheld in runs/PHerc0826-seed6672.csv,
chain-0826,squares-PHerc0826-seed6674.csv,chain-0826/evidence/squares-PHerc0826-seed6674.csv,excluded,,,tools/square.py,tools/studies/seed-search-1447/square.py,2026-09-28T20:36:26Z,no: growth_generation_cap=72000; downstream_patch_limit=80000; seed_at_run_time=withheld in runs/PHerc0826-seed6674.csv,
chain-0826,squares-PHerc0826-seed6677.csv,chain-0826/evidence/squares-PHerc0826-seed6677.csv,excluded,,,tools/square.py,tools/studies/seed-search-1447/square.py,2026-09-28T20:50:20Z,no: growth_generation_cap=72000; downstream_patch_limit=80000; seed_at_run_time=withheld in runs/PHerc0826-seed6677.csv,
chain-0826,squares-PHerc0826-seed6679.csv,chain-0826/evidence/squares-PHerc0826-seed6679.csv,copied,adc60bb8cfd98e985bfc49e56d0f2fb071949c6fceb44a506a1a5cf72003924c,2026-09-29T03:31:17Z,tools/square.py,tools/studies/seed-search-1447/square.py,2026-09-28T02:51:34Z,"yes: written 2026-09-28T02:51:34Z, before the freeze 2026-09-28T16:15:12Z",
chain-0826,squares-PHerc0826-seed6680.csv,chain-0826/evidence/squares-PHerc0826-seed6680.csv,excluded,,,tools/square.py,tools/studies/seed-search-1447/square.py,2026-09-28T20:27:45Z,no: growth_generation_cap=72000; downstream_patch_limit=80000; seed_at_run_time=withheld in runs/PHerc0826-seed6680.csv,
chain-0826,squares-PHerc0826-seed6685.csv,chain-0826/evidence/squares-PHerc0826-seed6685.csv,excluded,,,tools/square.py,tools/studies/seed-search-1447/square.py,2026-09-28T21:57:46Z,no: growth_generation_cap=72000; downstream_patch_limit=80000; seed_at_run_time=withheld in runs/PHerc0826-seed6685.csv,
chain-0826,squares-PHerc0826-seed6689.csv,chain-0826/evidence/squares-PHerc0826-seed6689.csv,copied,bcb22e55da2a1e404fef6d5c47d5b30a6c2f83b7f887371fccf4ca17b7c22136,2026-09-29T03:31:17Z,tools/square.py,tools/studies/seed-search-1447/square.py,2026-09-27T23:10:06Z,"yes: written 2026-09-27T23:10:06Z, before the freeze 2026-09-28T16:15:12Z",
chain-0826,squares-PHerc0826-seed6690.csv,chain-0826/evidence/squares-PHerc0826-seed6690.csv,excluded,,,tools/square.py,tools/studies/seed-search-1447/square.py,2026-09-28T19:45:59Z,no: growth_generation_cap=72000; downstream_patch_limit=80000; seed_at_run_time=withheld in runs/PHerc0826-seed6690.csv,
chain-0826,squares-PHerc0826-seed6691.csv,chain-0826/evidence/squares-PHerc0826-seed6691.csv,copied,8da14774e6538da9c43a136b3f65e184805bcf713ab98ec58c0c82618cdf708e,2026-09-29T03:31:17Z,tools/square.py,tools/studies/seed-search-1447/square.py,2026-09-27T23:34:48Z,"yes: written 2026-09-27T23:34:48Z, before the freeze 2026-09-28T16:15:12Z",
chain-0826,squares-PHerc0826-seed6693.csv,chain-0826/evidence/squares-PHerc0826-seed6693.csv,copied,3d49a2f96adb2885437770ca85dea10cb4e922c139b649fa450e9f0652dd5fa0,2026-09-29T03:31:17Z,tools/square.py,tools/studies/seed-search-1447/square.py,2026-09-27T22:40:41Z,"yes: written 2026-09-27T22:40:41Z, before the freeze 2026-09-28T16:15:12Z",
chain-0826,squares-PHerc0826-seed6697.csv,chain-0826/evidence/squares-PHerc0826-seed6697.csv,copied,3465a729ce7e676233143a979f785015e522b2764730ef853ac5cf563a9c083d,2026-09-29T03:31:17Z,tools/square.py,tools/studies/seed-search-1447/square.py,2026-09-27T23:47:13Z,"yes: written 2026-09-27T23:47:13Z, before the freeze 2026-09-28T16:15:12Z",
chain-0826,squares-PHerc0826-seed6699.csv,chain-0826/evidence/squares-PHerc0826-seed6699.csv,copied,66a4e271a8a2d9c823a37dc7da4d7683d657bf8d415e4810c4cafc45fc0670e8,2026-09-29T03:31:17Z,tools/square.py,tools/studies/seed-search-1447/square.py,2026-09-27T23:06:19Z,"yes: written 2026-09-27T23:06:19Z, before the freeze 2026-09-28T16:15:12Z",
chain-0826,squares-PHerc0826-seed6700.csv,chain-0826/evidence/squares-PHerc0826-seed6700.csv,copied,ca10f3252c70572490df2a5ec4c5a77cdd8694a6b6cb436dec67f4e99ea08b99,2026-09-29T03:31:17Z,tools/square.py,tools/studies/seed-search-1447/square.py,2026-09-27T23:55:47Z,"yes: written 2026-09-27T23:55:47Z, before the freeze 2026-09-28T16:15:12Z",
chain-0826,squares-PHerc0826-seed6701.csv,chain-0826/evidence/squares-PHerc0826-seed6701.csv,copied,5c14fd6d2d34db02bd931ad8fa46af29bf1a3e205e02f43e581189f2659f1250,2026-09-29T03:31:17Z,tools/square.py,tools/studies/seed-search-1447/square.py,2026-09-27T23:49:23Z,"yes: written 2026-09-27T23:49:23Z, before the freeze 2026-09-28T16:15:12Z",
chain-0826,squares-PHerc0826-seed6703.csv,chain-0826/evidence/squares-PHerc0826-seed6703.csv,copied,63d67a02d52db15d72135e25fb53ca3a851b7aa4333a87dfa33903ca3cb9124f,2026-09-29T03:31:17Z,tools/square.py,tools/studies/seed-search-1447/square.py,2026-09-27T22:51:58Z,"yes: written 2026-09-27T22:51:58Z, before the freeze 2026-09-28T16:15:12Z",
chain-0826,squares-PHerc0826-seed6708.csv,chain-0826/evidence/squares-PHerc0826-seed6708.csv,copied,843fcfcb22aae90d0f9e04f6bcd1b4a566a4594cecf6092eb655d5073197f499,2026-09-29T03:31:17Z,tools/square.py,tools/studies/seed-search-1447/square.py,2026-09-28T03:08:09Z,"yes: written 2026-09-28T03:08:09Z, before the freeze 2026-09-28T16:15:12Z",
chain-0826,squares-PHerc0826-seed6709.csv,chain-0826/evidence/squares-PHerc0826-seed6709.csv,copied,29d19e84a6f73b0f77e82d832501051d4f8ce999dfa48cc1ee554a8e12d7372d,2026-09-29T03:31:17Z,tools/square.py,tools/studies/seed-search-1447/square.py,2026-09-27T23:40:14Z,"yes: written 2026-09-27T23:40:14Z, before the freeze 2026-09-28T16:15:12Z",
chain-0826,squares-PHerc0826-seed6710.csv,chain-0826/evidence/squares-PHerc0826-seed6710.csv,copied,f648dbe9bf866423c9d9be02aa96b7d1de23d4a28a0cd844dfe9788324ddf024,2026-09-29T03:31:17Z,tools/square.py,tools/studies/seed-search-1447/square.py,2026-09-28T02:10:08Z,"yes: written 2026-09-28T02:10:08Z, before the freeze 2026-09-28T16:15:12Z",
chain-0826,squares-PHerc0826-seed6711.csv,chain-0826/evidence/squares-PHerc0826-seed6711.csv,copied,389516ed717813a8f9e15e1c6ab9659e7f5fda191623de0b72c5f900499ea4bd,2026-09-29T03:31:17Z,tools/square.py,tools/studies/seed-search-1447/square.py,2026-09-28T01:54:15Z,"yes: written 2026-09-28T01:54:15Z, before the freeze 2026-09-28T16:15:12Z",
chain-0826,squares-PHerc0826-seed6718.csv,chain-0826/evidence/squares-PHerc0826-seed6718.csv,excluded,,,tools/square.py,tools/studies/seed-search-1447/square.py,2026-09-28T21:57:56Z,no: growth_generation_cap=72000; downstream_patch_limit=80000; seed_at_run_time=withheld in runs/PHerc0826-seed6718.csv,
chain-0826,squares-PHerc0826-seed6719.csv,chain-0826/evidence/squares-PHerc0826-seed6719.csv,excluded,,,tools/square.py,tools/studies/seed-search-1447/square.py,2026-09-28T17:20:09Z,no: growth_generation_cap=72000; downstream_patch_limit=80000; seed_at_run_time=withheld in runs/PHerc0826-seed6719.csv,
chain-0826,squares-PHerc0826-seed6721.csv,chain-0826/evidence/squares-PHerc0826-seed6721.csv,excluded,,,tools/square.py,tools/studies/seed-search-1447/square.py,2026-09-28T21:14:53Z,no: growth_generation_cap=72000; downstream_patch_limit=80000; seed_at_run_time=withheld in runs/PHerc0826-seed6721.csv,
chain-0826,squares-PHerc0826-seed6726.csv,chain-0826/evidence/squares-PHerc0826-seed6726.csv,excluded,,,tools/square.py,tools/studies/seed-search-1447/square.py,2026-09-28T20:01:55Z,no: growth_generation_cap=72000; downstream_patch_limit=80000; seed_at_run_time=withheld in runs/PHerc0826-seed6726.csv,
chain-0826,squares-PHerc0826-seed6727.csv,chain-0826/evidence/squares-PHerc0826-seed6727.csv,excluded,,,tools/square.py,tools/studies/seed-search-1447/square.py,2026-09-28T19:59:08Z,no: growth_generation_cap=72000; downstream_patch_limit=80000; seed_at_run_time=withheld in runs/PHerc0826-seed6727.csv,
chain-0826,squares-PHerc0826-seed6729.csv,chain-0826/evidence/squares-PHerc0826-seed6729.csv,excluded,,,tools/square.py,tools/studies/seed-search-1447/square.py,2026-09-29T01:07:33Z,no: growth_generation_cap=72000; downstream_patch_limit=80000; seed_at_run_time=withheld in runs/PHerc0826-seed6729.csv,
chain-0826,squares-PHerc0826-seed6731.csv,chain-0826/evidence/squares-PHerc0826-seed6731.csv,excluded,,,tools/square.py,tools/studies/seed-search-1447/square.py,2026-09-28T17:34:43Z,no: growth_generation_cap=72000; downstream_patch_limit=80000; seed_at_run_time=withheld in runs/PHerc0826-seed6731.csv,
chain-0826,squares-PHerc0826-seed6732.csv,chain-0826/evidence/squares-PHerc0826-seed6732.csv,excluded,,,tools/square.py,tools/studies/seed-search-1447/square.py,2026-09-28T17:27:59Z,no: growth_generation_cap=72000; downstream_patch_limit=80000; seed_at_run_time=withheld in runs/PHerc0826-seed6732.csv,
chain-0826,squares-PHerc0826-seed6733.csv,chain-0826/evidence/squares-PHerc0826-seed6733.csv,excluded,,,tools/square.py,tools/studies/seed-search-1447/square.py,2026-09-28T17:26:27Z,no: growth_generation_cap=72000; downstream_patch_limit=80000; seed_at_run_time=withheld in runs/PHerc0826-seed6733.csv,
chain-0826,squares-PHerc0826-seed6736.csv,chain-0826/evidence/squares-PHerc0826-seed6736.csv,excluded,,,tools/square.py,tools/studies/seed-search-1447/square.py,2026-09-28T17:51:34Z,no: growth_generation_cap=72000; downstream_patch_limit=80000; seed_at_run_time=withheld in runs/PHerc0826-seed6736.csv,
chain-0826,squares-PHerc0826-seed6737.csv,chain-0826/evidence/squares-PHerc0826-seed6737.csv,excluded,,,tools/square.py,tools/studies/seed-search-1447/square.py,2026-09-28T20:10:46Z,no: growth_generation_cap=72000; downstream_patch_limit=80000; seed_at_run_time=withheld in runs/PHerc0826-seed6737.csv,
chain-0826,squares-PHerc0826-seed6739.csv,chain-0826/evidence/squares-PHerc0826-seed6739.csv,excluded,,,tools/square.py,tools/studies/seed-search-1447/square.py,2026-09-28T20:14:21Z,no: growth_generation_cap=72000; downstream_patch_limit=80000; seed_at_run_time=withheld in runs/PHerc0826-seed6739.csv,
chain-0826,squares-PHerc0826-seed6742.csv,chain-0826/evidence/squares-PHerc0826-seed6742.csv,excluded,,,tools/square.py,tools/studies/seed-search-1447/square.py,2026-09-28T20:19:28Z,no: growth_generation_cap=72000; downstream_patch_limit=80000; seed_at_run_time=withheld in runs/PHerc0826-seed6742.csv,
chain-0826,squares-PHerc0826-seed6743.csv,chain-0826/evidence/squares-PHerc0826-seed6743.csv,excluded,,,tools/square.py,tools/studies/seed-search-1447/square.py,2026-09-28T19:29:59Z,no: growth_generation_cap=72000; downstream_patch_limit=80000; seed_at_run_time=withheld in runs/PHerc0826-seed6743.csv,
chain-0826,squares-PHerc0826-seed6748.csv,chain-0826/evidence/squares-PHerc0826-seed6748.csv,excluded,,,tools/square.py,tools/studies/seed-search-1447/square.py,2026-09-28T22:05:28Z,no: growth_generation_cap=72000; downstream_patch_limit=80000; seed_at_run_time=withheld in runs/PHerc0826-seed6748.csv,
chain-0826,squares-PHerc0826-seed6750.csv,chain-0826/evidence/squares-PHerc0826-seed6750.csv,excluded,,,tools/square.py,tools/studies/seed-search-1447/square.py,2026-09-28T22:10:57Z,no: growth_generation_cap=72000; downstream_patch_limit=80000; seed_at_run_time=withheld in runs/PHerc0826-seed6750.csv,
chain-0826,squares-PHerc0826-seed6752.csv,chain-0826/evidence/squares-PHerc0826-seed6752.csv,excluded,,,tools/square.py,tools/studies/seed-search-1447/square.py,2026-09-28T17:55:31Z,no: growth_generation_cap=72000; downstream_patch_limit=80000; seed_at_run_time=withheld in runs/PHerc0826-seed6752.csv,
chain-0826,squares-PHerc0826-seed6753.csv,chain-0826/evidence/squares-PHerc0826-seed6753.csv,excluded,,,tools/square.py,tools/studies/seed-search-1447/square.py,2026-09-28T22:36:59Z,no: growth_generation_cap=72000; downstream_patch_limit=80000; seed_at_run_time=withheld in runs/PHerc0826-seed6753.csv,
chain-0826,squares-PHerc0826-seed6754.csv,chain-0826/evidence/squares-PHerc0826-seed6754.csv,excluded,,,tools/square.py,tools/studies/seed-search-1447/square.py,2026-09-28T22:40:11Z,no: growth_generation_cap=72000; downstream_patch_limit=80000; seed_at_run_time=withheld in runs/PHerc0826-seed6754.csv,
chain-0826,squares-PHerc0826-seed6757.csv,chain-0826/evidence/squares-PHerc0826-seed6757.csv,excluded,,,tools/square.py,tools/studies/seed-search-1447/square.py,2026-09-28T22:49:31Z,no: growth_generation_cap=72000; downstream_patch_limit=80000; seed_at_run_time=withheld in runs/PHerc0826-seed6757.csv,
chain-0826,squares-PHerc0826-seed6761.csv,chain-0826/evidence/squares-PHerc0826-seed6761.csv,excluded,,,tools/square.py,tools/studies/seed-search-1447/square.py,2026-09-28T22:54:55Z,no: growth_generation_cap=72000; downstream_patch_limit=80000; seed_at_run_time=withheld in runs/PHerc0826-seed6761.csv,
chain-0826,squares-PHerc0826-seed6762.csv,chain-0826/evidence/squares-PHerc0826-seed6762.csv,excluded,,,tools/square.py,tools/studies/seed-search-1447/square.py,2026-09-28T23:48:30Z,no: growth_generation_cap=72000; downstream_patch_limit=80000; seed_at_run_time=withheld in runs/PHerc0826-seed6762.csv,
chain-0826,squares-PHerc0826-seed6763.csv,chain-0826/evidence/squares-PHerc0826-seed6763.csv,excluded,,,tools/square.py,tools/studies/seed-search-1447/square.py,2026-09-28T23:51:04Z,no: growth_generation_cap=72000; downstream_patch_limit=80000; seed_at_run_time=withheld in runs/PHerc0826-seed6763.csv,
chain-0826,squares-PHerc0826-seed6770.csv,chain-0826/evidence/squares-PHerc0826-seed6770.csv,excluded,,,tools/square.py,tools/studies/seed-search-1447/square.py,2026-09-28T22:28:19Z,no: growth_generation_cap=72000; downstream_patch_limit=80000; seed_at_run_time=withheld in runs/PHerc0826-seed6770.csv,
chain-0826,squares-PHerc0826-seed6774.csv,chain-0826/evidence/squares-PHerc0826-seed6774.csv,excluded,,,tools/square.py,tools/studies/seed-search-1447/square.py,2026-09-29T00:02:18Z,no: growth_generation_cap=72000; downstream_patch_limit=80000; seed_at_run_time=withheld in runs/PHerc0826-seed6774.csv,
chain-0826,squares-PHerc0826-seed6776.csv,chain-0826/evidence/squares-PHerc0826-seed6776.csv,excluded,,,tools/square.py,tools/studies/seed-search-1447/square.py,2026-09-29T00:48:40Z,no: growth_generation_cap=72000; downstream_patch_limit=80000; seed_at_run_time=withheld in runs/PHerc0826-seed6776.csv,
chain-0826,squares-PHerc0826-seed6777.csv,chain-0826/evidence/squares-PHerc0826-seed6777.csv,excluded,,,tools/square.py,tools/studies/seed-search-1447/square.py,2026-09-28T22:41:13Z,no: growth_generation_cap=72000; downstream_patch_limit=80000; seed_at_run_time=withheld in runs/PHerc0826-seed6777.csv,
chain-0826,squares-PHerc0826-seed6778.csv,chain-0826/evidence/squares-PHerc0826-seed6778.csv,excluded,,,tools/square.py,tools/studies/seed-search-1447/square.py,2026-09-29T00:00:56Z,no: growth_generation_cap=72000; downstream_patch_limit=80000; seed_at_run_time=withheld in runs/PHerc0826-seed6778.csv,
chain-0826,squares-PHerc0826-seed6780.csv,chain-0826/evidence/squares-PHerc0826-seed6780.csv,excluded,,,tools/square.py,tools/studies/seed-search-1447/square.py,2026-09-28T22:35:22Z,no: growth_generation_cap=72000; downstream_patch_limit=80000; seed_at_run_time=withheld in runs/PHerc0826-seed6780.csv,
chain-0826,squares-PHerc0826-seed6785.csv,chain-0826/evidence/squares-PHerc0826-seed6785.csv,excluded,,,tools/square.py,tools/studies/seed-search-1447/square.py,2026-09-29T00:28:36Z,no: growth_generation_cap=72000; downstream_patch_limit=80000; seed_at_run_time=withheld in runs/PHerc0826-seed6785.csv,
chain-0826,squares-PHerc0826-seed6791.csv,chain-0826/evidence/squares-PHerc0826-seed6791.csv,excluded,,,tools/square.py,tools/studies/seed-search-1447/square.py,2026-09-29T01:11:21Z,no: growth_generation_cap=72000; downstream_patch_limit=80000; seed_at_run_time=withheld in runs/PHerc0826-seed6791.csv,
chain-0826,squares-PHerc0826-seed6792.csv,chain-0826/evidence/squares-PHerc0826-seed6792.csv,excluded,,,tools/square.py,tools/studies/seed-search-1447/square.py,2026-09-29T01:35:25Z,no: growth_generation_cap=72000; downstream_patch_limit=80000; seed_at_run_time=withheld in runs/PHerc0826-seed6792.csv,
chain-0826,squares-PHerc0826-seed69.csv,chain-0826/evidence/squares-PHerc0826-seed69.csv,copied,f09cfd9667059a1cb10be82aa7a3609a4d97b9c06082f3121d7978ed6b47a99b,2026-09-29T03:31:17Z,tools/square.py,tools/studies/seed-search-1447/square.py,2026-09-26T20:43:12Z,"yes: written 2026-09-26T20:43:12Z, before the freeze 2026-09-28T16:15:12Z",
chain-0826,squares-PHerc0826-seed782.csv,chain-0826/evidence/squares-PHerc0826-seed782.csv,copied,732741d42b4e1c286f45bde9e5f6af00efd2eb847a616fbe35e87dad53ea0d3f,2026-09-29T03:31:17Z,tools/square.py,tools/studies/seed-search-1447/square.py,2026-09-26T21:17:52Z,"yes: written 2026-09-26T21:17:52Z, before the freeze 2026-09-28T16:15:12Z",
chain-0826,squares-PHerc0826-seed958.csv,chain-0826/evidence/squares-PHerc0826-seed958.csv,copied,68f350c04dbcdbecee21466c2242207f923495e99b7b5c44d2762bab759052ed,2026-09-29T03:31:17Z,tools/square.py,tools/studies/seed-search-1447/square.py,2026-09-26T21:34:49Z,"yes: written 2026-09-26T21:34:49Z, before the freeze 2026-09-28T16:15:12Z",
chain-0826,squares-PHerc0826-seed966.csv,chain-0826/evidence/squares-PHerc0826-seed966.csv,copied,e5b77a85fd168d7e2414774b5021f1620ed702053b10c2c3e8dc9e2b51e66e06,2026-09-29T03:31:17Z,tools/square.py,tools/studies/seed-search-1447/square.py,2026-09-26T21:20:21Z,"yes: written 2026-09-26T21:20:21Z, before the freeze 2026-09-28T16:15:12Z",
chain-0826,a2-cluster-reference.csv,chain-0826/evidence/a2-cluster-reference.csv,copied,7c74fe4e94c62c1b7bc94473ea7b11996bbad3ab0749b25572cd1bd70d4466c8,2026-09-29T03:31:17Z,chain-0826/tools/a2_cluster_seed.py,tools/studies/chain-0826/a2_cluster_seed.py,2026-09-26T08:52:05Z,"yes: written 2026-09-26T08:52:05Z, before the freeze 2026-09-28T16:15:12Z",
chain-0826,inputs/i5-coverage.csv,chain-0826/evidence/inputs/i5-coverage.csv,copied,8312a19e56f677bf18b9954f1e15999641fe827534cf10601f9803b7a31d8a8d,2026-09-29T03:31:17Z,chain-0826/tools/check_inputs_0826.py,tools/studies/chain-0826/check_inputs_0826.py,2026-09-26T08:37:16Z,"yes: written 2026-09-26T08:37:16Z, before the freeze 2026-09-28T16:15:12Z",
chain-0826,build-objects-check.csv,chain-0826/evidence/build-objects-check.csv,copied,0b21a91dbfea207ec289c36bdf027d61626ff2a3ca30167b1841f8a30de12921,2026-09-29T03:31:17Z,chain-0826/tools/build_objects_check.py,tools/studies/chain-0826/build_objects_check.py,2026-09-26T17:26:44Z,"yes: written 2026-09-26T17:26:44Z, before the freeze 2026-09-28T16:15:12Z",
growth-lto-pgo-1447,identity-0826-summary.csv,growth-lto-pgo-1447/evidence/identity-0826-summary.csv,copied,c9c0f8232f8fb61753340e29cbc88fa1400379e0e2a112c91032cd105c173a65,2026-09-29T03:31:17Z,growth-lto-pgo-1447/tools/identity_compare_arms.py,tools/studies/growth-lto-pgo-1447/identity_compare_arms.py,2026-09-27T07:35:52Z,not frozen,
growth-lto-pgo-1447,identity-0826-mlp.csv,growth-lto-pgo-1447/evidence/identity-0826-mlp.csv,copied,d3210ae6fb91c8fdfd6bfa689825a7c62d84296f3b0d75194bb322651f6d4cce,2026-09-29T03:31:17Z,growth-lto-pgo-1447/tools/identity_compare_arms.py,tools/studies/growth-lto-pgo-1447/identity_compare_arms.py,2026-09-27T07:35:52Z,not frozen,
growth-exact-fixes-88,clock-summary-PHerc0826-seed237.csv,growth-exact-fixes-88/evidence/clock-summary-PHerc0826-seed237.csv,copied,48b4000147934293763eb374060b7edf04fc90c3325245ed412864b46009488c,2026-09-29T03:31:17Z,growth-exact-fixes-88/tools/clock_summary_fixes.py,tools/studies/growth-exact-fixes-88/clock_summary_fixes.py,2026-09-27T12:28:30Z,not frozen,
growth-exact-fixes-88,clock-runs-PHerc0826-seed237.csv,growth-exact-fixes-88/evidence/clock-runs-PHerc0826-seed237.csv,copied,391098db282c9cf07b8511c5e80b69913a85eff5b447553417812d3610e2ca2f,2026-09-29T03:31:17Z,growth-exact-fixes-88/tools/clock_fixes.sh,tools/studies/growth-exact-fixes-88/clock_fixes.sh,2026-09-27T12:28:30Z,not frozen,
hot-lines-88,clock-summary.csv,hot-lines-88/evidence/clock-summary.csv,copied,d3c3aa93ae9d9307e15bbad1faee532e8345d38335a9913079985fe4b44ef92e,2026-09-29T03:31:17Z,hot-lines-88/tools/clock_summary_zl.py,tools/studies/hot-lines-88/clock_summary_zl.py,2026-09-27T13:20:57Z,not frozen,
hot-lines-88,clock-runs.csv,hot-lines-88/evidence/clock-runs.csv,copied,1ad224cc589401f8b9dbf4e880a70bbe4fe507f19d4d5d4db6df789b5dc88a81,2026-09-29T03:31:17Z,hot-lines-88/tools/clock_zl2.sh,tools/studies/hot-lines-88/clock_zl2.sh,2026-09-27T13:20:57Z,not frozen,
hot-lines-88,identity-l-summary.csv,hot-lines-88/evidence/identity-l-summary.csv,copied,4626576b64a70d200f682032aaebfb518d12addfbcfa331f61e661b9c4f1fbd0,2026-09-29T03:31:17Z,hot-lines-88/tools/identity_l.py,tools/studies/hot-lines-88/identity_l.py,2026-09-27T12:38:03Z,not frozen,internal marking removed and absolute paths cut
area-0826-90,union.csv,area-0826-90/evidence/union.csv,copied,8d5cc2819d9691bd26008a17b37890a8ba6bc6b4f489a5b93cdf68be172689de,2026-09-29T03:31:17Z,area-0826-90/tools/area90.py,tools/studies/area-0826-90/area90.py,2026-09-27T17:25:53Z,not frozen,
area-0826-90,one-lamina.csv,area-0826-90/evidence/one-lamina.csv,copied,4fdf33111336b23c2eaf85a7a345fc44839b21c5a8cdc35029481fcccf4cabf0,2026-09-29T03:31:17Z,area-0826-90/tools/lamina.py,tools/studies/area-0826-90/lamina.py,2026-09-27T18:59:50Z,not frozen,
area-0826-90,stevens-method.csv,area-0826-90/evidence/stevens-method.csv,copied,235270571325ed210543c70061a94546dbfbd9fd8a135b2aba385be6c817f891,2026-09-29T03:31:17Z,area-0826-90/tools/stevens_method.py,tools/studies/area-0826-90/stevens_method.py,2026-09-27T18:55:20Z,not frozen,internal marking removed and absolute paths cut
area-0826-90,stevens-method-0826.csv,area-0826-90/evidence/stevens-method-0826.csv,copied,d5d9e861779403483719a5c516706b1341398fba5ff150e0573930ef96a1294a,2026-09-29T03:31:17Z,area-0826-90/tools/stevens_method.py,tools/studies/area-0826-90/stevens_method.py,2026-09-27T18:55:20Z,not frozen,
area-0826-90,collection-four-6365.csv,area-0826-90/evidence/collection-four-6365.csv,copied,1c1f28794a9af7aa1f210516c9a445eb0735067c0fe5001593717f684168c82a,2026-09-29T03:31:17Z,area-0826-90/tools/stevens_method.py,tools/studies/area-0826-90/stevens_method.py,2026-09-28T05:10:11Z,not frozen,
area-0826-90,collection-control-6365.csv,area-0826-90/evidence/collection-control-6365.csv,copied,610522d1d920b9d7bf007f9d40567c399509dd974f282443ee83ad831e38b468,2026-09-29T03:31:17Z,area-0826-90/tools/stevens_method.py,tools/studies/area-0826-90/stevens_method.py,2026-09-27T22:41:36Z,not frozen,
area-0826-90,collection-setseed-seed6365.csv,area-0826-90/evidence/collection-setseed-seed6365.csv,copied,9b6bfc0fbdf0b7fadb78b3001295b6e0e8daf738304914ce89e84f47c99d6152,2026-09-29T03:31:17Z,area-0826-90/tools/stevens_method.py,tools/studies/area-0826-90/stevens_method.py,2026-09-27T23:08:34Z,not frozen,
area-0826-90,collection-setseed-seed2019.csv,area-0826-90/evidence/collection-setseed-seed2019.csv,copied,e13e52791c0110306d162121c0685f31dd2f162e894bc0372141b43c7b56849c,2026-09-29T03:31:17Z,area-0826-90/tools/stevens_method.py,tools/studies/area-0826-90/stevens_method.py,2026-09-27T23:54:39Z,not frozen,
area-0826-90,collection-setseed-seed5630.csv,area-0826-90/evidence/collection-setseed-seed5630.csv,copied,61e520fe7f8d2720729d9d36dd68f20392bb998baa9fa06eedc5b18460adaf03,2026-09-29T03:31:17Z,area-0826-90/tools/stevens_method.py,tools/studies/area-0826-90/stevens_method.py,2026-09-27T23:58:32Z,not frozen,
area-0826-90,squares-coll-setseed-seed6365.csv,area-0826-90/evidence/squares-coll-setseed-seed6365.csv,copied,add33a2cb46e957470cfc79eed3e04fc07a327358dd9c9ba9272873b5ceb21ff,2026-09-29T03:31:17Z,tools/square.py,tools/studies/seed-search-1447/square.py,2026-09-27T23:04:57Z,not frozen,
area-0826-90,traced-reference.csv,area-0826-90/evidence/traced-reference.csv,copied,85f2fa639c51f47e3ad4b3ccd91f4e2283e981bec7e7fc357667b392a7102878,2026-09-29T03:31:17Z,area-0826-90/tools/traced_sum.py,tools/studies/area-0826-90/traced_sum.py,2026-09-27T18:55:26Z,not frozen,
area-0826-90,road1b-seeds.csv,area-0826-90/evidence/road1b-seeds.csv,copied,f2870dc4a95121a8d39cc2e499f147cf75ed328be76b6c458b80f738d45049d5,2026-09-29T03:31:17Z,area-0826-90/tools/road1b_seeds.py,tools/studies/area-0826-90/road1b_seeds.py,2026-09-28T05:21:36Z,not frozen,internal marking removed and absolute paths cut
area-0826-90,collection-eight-6365.csv,area-0826-90/evidence/collection-eight-6365.csv,pending,,2026-09-29T03:31:17Z,,,,not frozen,
area-0826-90,road1b-memory.csv,area-0826-90/evidence/road1b-memory.csv,copied,bfe6f4acad97788b61d9126c3f7484caf91f2983425a5f5c03fcd16f8f57b904,2026-09-29T03:31:17Z,tools/road1b_memory.py,tools/studies/area-0826-90/road1b_memory.py,2026-09-28T15:52:44Z,not frozen,
nongrowth-profile-1447,build-objects-only.csv,nongrowth-profile-1447/evidence/build-objects-only.csv,copied,6905be14754daf8a669913f0fd25237237ad4480a89d27039cb616bdbcfefd71,2026-09-29T03:31:17Z,nongrowth-profile-1447/tools/objects_only.py,tools/studies/nongrowth-profile-1447/objects_only.py,2026-09-26T14:05:07Z,not frozen,
square20-0826-95,cap-check.csv,square20-0826-95/evidence/cap-check.csv,copied,1c9b6454fbfb76ebd4a8a77cc206c42348496e728a76c261c3eee24a41ce03fa,2026-09-29T03:31:17Z,square20-0826-95/tools/cap_and_size.py,tools/studies/square20-0826-95/cap_and_size.py,2026-09-28T12:40:34Z,not frozen,internal marking removed and absolute paths cut
square20-0826-95,runs-PHerc0826-seed1595.csv,square20-0826-95/evidence/runs-PHerc0826-seed1595.csv,copied,9a1ec4d491339a59f747011970e4b0dc5f6c393e62679ee211b9a5ec37ef4620,2026-09-29T03:31:17Z,square20-0826-95/tools/regrow72.sh,tools/studies/square20-0826-95/regrow72.sh,2026-09-28T16:08:03Z,not frozen,internal marking removed and absolute paths cut
square20-0826-95,runs-PHerc0826-seed1727.csv,square20-0826-95/evidence/runs-PHerc0826-seed1727.csv,copied,229723b6c221dfca5cde922d1949758d1566727349f5cedfed234d8c8a324c63,2026-09-29T03:31:17Z,square20-0826-95/tools/regrow72.sh,tools/studies/square20-0826-95/regrow72.sh,2026-09-28T13:53:22Z,not frozen,internal marking removed and absolute paths cut
square20-0826-95,runs-PHerc0826-seed1732.csv,square20-0826-95/evidence/runs-PHerc0826-seed1732.csv,copied,4c8f58e6b8f7f910523d336c0c5c4515ce9c09a3115ef7b9d2eac7d0c04d285a,2026-09-29T03:31:17Z,square20-0826-95/tools/regrow72.sh,tools/studies/square20-0826-95/regrow72.sh,2026-09-28T16:16:38Z,not frozen,internal marking removed and absolute paths cut
square20-0826-95,runs-PHerc0826-seed2259.csv,square20-0826-95/evidence/runs-PHerc0826-seed2259.csv,copied,6a37d85332c14b7dd1d4272be2d01ae07ff4a36c9efd871f6c00f0bf74c60180,2026-09-29T03:31:17Z,square20-0826-95/tools/regrow72.sh,tools/studies/square20-0826-95/regrow72.sh,2026-09-28T16:06:18Z,not frozen,internal marking removed and absolute paths cut
square20-0826-95,runs-PHerc0826-seed2441.csv,square20-0826-95/evidence/runs-PHerc0826-seed2441.csv,copied,a6e3d194b3b5286b766b09066e81ae5da9bbbb17966933200dc151ebd8e29393,2026-09-29T03:31:17Z,square20-0826-95/tools/regrow72.sh,tools/studies/square20-0826-95/regrow72.sh,2026-09-28T18:21:38Z,not frozen,internal marking removed and absolute paths cut
square20-0826-95,runs-PHerc0826-seed2604.csv,square20-0826-95/evidence/runs-PHerc0826-seed2604.csv,copied,36459202f4aa189c5dcc99b501746c5d35019175c7afbadb24a9921b160c922e,2026-09-29T03:31:17Z,square20-0826-95/tools/regrow72.sh,tools/studies/square20-0826-95/regrow72.sh,2026-09-28T13:47:29Z,not frozen,internal marking removed and absolute paths cut
square20-0826-95,runs-PHerc0826-seed3490.csv,square20-0826-95/evidence/runs-PHerc0826-seed3490.csv,copied,6a3092cd31f77ebb37b0c3bc4a14124696acb7af47189dc839c960429615c5ba,2026-09-29T03:31:17Z,square20-0826-95/tools/regrow72.sh,tools/studies/square20-0826-95/regrow72.sh,2026-09-28T16:45:36Z,not frozen,internal marking removed and absolute paths cut
square20-0826-95,runs-PHerc0826-seed3648.csv,square20-0826-95/evidence/runs-PHerc0826-seed3648.csv,copied,1fda5cbc21190d65442f6ee9f36d34bac88cb872408a88e9314dc735de9c85bf,2026-09-29T03:31:17Z,square20-0826-95/tools/regrow72.sh,tools/studies/square20-0826-95/regrow72.sh,2026-09-28T18:23:33Z,not frozen,internal marking removed and absolute paths cut
square20-0826-95,runs-PHerc0826-seed3839.csv,square20-0826-95/evidence/runs-PHerc0826-seed3839.csv,copied,ac3d9f7c93b1c8d5253f944e6032ae06076125b980eb430dfa5efc48f4700381,2026-09-29T03:31:17Z,square20-0826-95/tools/regrow72.sh,tools/studies/square20-0826-95/regrow72.sh,2026-09-28T17:36:19Z,not frozen,internal marking removed and absolute paths cut
square20-0826-95,runs-PHerc0826-seed4440.csv,square20-0826-95/evidence/runs-PHerc0826-seed4440.csv,copied,6b09374de190458824123c1069dc47e6ef7ff09d0584f0803c4348684f8f08f1,2026-09-29T03:31:17Z,square20-0826-95/tools/regrow72.sh,tools/studies/square20-0826-95/regrow72.sh,2026-09-28T14:02:43Z,not frozen,internal marking removed and absolute paths cut
square20-0826-95,runs-PHerc0826-seed4494.csv,square20-0826-95/evidence/runs-PHerc0826-seed4494.csv,copied,b015ba1fa82bae6278b18cfc652af26caafd138381d3d176380ecf7fd6d1695c,2026-09-29T03:31:17Z,square20-0826-95/tools/regrow72.sh,tools/studies/square20-0826-95/regrow72.sh,2026-09-28T18:19:09Z,not frozen,internal marking removed and absolute paths cut
square20-0826-95,runs-PHerc0826-seed5364.csv,square20-0826-95/evidence/runs-PHerc0826-seed5364.csv,copied,4561417184aa86558513bb1127a654c04de13cafb919b513629ef426b11e0f5d,2026-09-29T03:31:17Z,square20-0826-95/tools/regrow72.sh,tools/studies/square20-0826-95/regrow72.sh,2026-09-28T13:42:48Z,not frozen,internal marking removed and absolute paths cut
square20-0826-95,runs-PHerc0826-seed6273.csv,square20-0826-95/evidence/runs-PHerc0826-seed6273.csv,copied,e144f5837a5e1d1520177f18864700b09b360bfb4a5604420eedb0e3a97c9a67,2026-09-29T03:31:17Z,square20-0826-95/tools/regrow72.sh,tools/studies/square20-0826-95/regrow72.sh,2026-09-28T13:37:33Z,not frozen,internal marking removed and absolute paths cut
square20-0826-95,runs-PHerc0826-seed6477.csv,square20-0826-95/evidence/runs-PHerc0826-seed6477.csv,copied,1a4885e544ad598d8366a5479bc9c357b4113e0c1e890052b033065d8d0d4e33,2026-09-29T03:31:17Z,square20-0826-95/tools/regrow72.sh,tools/studies/square20-0826-95/regrow72.sh,2026-09-28T16:17:02Z,not frozen,internal marking removed and absolute paths cut
square20-0826-95,runs-PHerc0826-seed6584.csv,square20-0826-95/evidence/runs-PHerc0826-seed6584.csv,copied,5c8ca63dbd3c2cec275ba5586ef040def6f1d7dd6e4f3a2084fff277cb6fbd00,2026-09-29T03:31:17Z,square20-0826-95/tools/regrow72.sh,tools/studies/square20-0826-95/regrow72.sh,2026-09-28T16:50:32Z,not frozen,internal marking removed and absolute paths cut
square20-0826-95,identity-36000-PHerc0826-seed1595.csv,square20-0826-95/evidence/identity-36000-PHerc0826-seed1595.csv,copied,29470cfaf28d02cef3f587cd1260564c696505d167bfd8c409c6abef1561ab2c,2026-09-29T03:31:17Z,square20-0826-95/tools/regrow72.sh,tools/studies/square20-0826-95/regrow72.sh,2026-09-28T15:59:54Z,not frozen,
square20-0826-95,identity-36000-PHerc0826-seed1727.csv,square20-0826-95/evidence/identity-36000-PHerc0826-seed1727.csv,copied,19f8ab46102f2689816e31e86c7db2d707920e3976cd717ddd3e8fd99aee5931,2026-09-29T03:31:17Z,square20-0826-95/tools/regrow72.sh,tools/studies/square20-0826-95/regrow72.sh,2026-09-28T13:44:39Z,not frozen,
square20-0826-95,identity-36000-PHerc0826-seed1732.csv,square20-0826-95/evidence/identity-36000-PHerc0826-seed1732.csv,copied,c28a9aa183111d7b049ffe6fe8b53a3e74547dc74cd582acbfbe5f51a28fc5f6,2026-09-29T03:31:17Z,square20-0826-95/tools/regrow72.sh,tools/studies/square20-0826-95/regrow72.sh,2026-09-28T16:07:38Z,not frozen,
square20-0826-95,identity-36000-PHerc0826-seed2259.csv,square20-0826-95/evidence/identity-36000-PHerc0826-seed2259.csv,copied,4986c874f486e4616bc727308269bc974099f56384ba4855b78ddcfcb6c694db,2026-09-29T03:31:17Z,square20-0826-95/tools/regrow72.sh,tools/studies/square20-0826-95/regrow72.sh,2026-09-28T15:59:23Z,not frozen,
square20-0826-95,identity-36000-PHerc0826-seed2441.csv,square20-0826-95/evidence/identity-36000-PHerc0826-seed2441.csv,copied,0be474ad0a01a1cb199891c71ff1fc3ec6105e8baa8c0f56d8cdc2c7b469c1e2,2026-09-29T03:31:17Z,square20-0826-95/tools/regrow72.sh,tools/studies/square20-0826-95/regrow72.sh,2026-09-28T18:14:29Z,not frozen,
square20-0826-95,identity-36000-PHerc0826-seed2604.csv,square20-0826-95/evidence/identity-36000-PHerc0826-seed2604.csv,copied,717ed14f1ce4ae4af45560017a038b7e1ea28aaab64789ae9b54e1e3a9f136d6,2026-09-29T03:31:17Z,square20-0826-95/tools/regrow72.sh,tools/studies/square20-0826-95/regrow72.sh,2026-09-28T13:40:24Z,not frozen,
square20-0826-95,identity-36000-PHerc0826-seed3490.csv,square20-0826-95/evidence/identity-36000-PHerc0826-seed3490.csv,copied,9d96fb630a2ed263108684c18f4e034e0b9900f3f2b97458c2e474856c71fb77,2026-09-29T03:31:17Z,square20-0826-95/tools/regrow72.sh,tools/studies/square20-0826-95/regrow72.sh,2026-09-28T16:40:00Z,not frozen,
square20-0826-95,identity-36000-PHerc0826-seed3648.csv,square20-0826-95/evidence/identity-36000-PHerc0826-seed3648.csv,copied,27606e157e507e69ebed0ebc5e6bb2e082fe08d30209095f3eb0e20303f3dd4c,2026-09-29T03:31:17Z,square20-0826-95/tools/regrow72.sh,tools/studies/square20-0826-95/regrow72.sh,2026-09-28T18:16:12Z,not frozen,
square20-0826-95,identity-36000-PHerc0826-seed3839.csv,square20-0826-95/evidence/identity-36000-PHerc0826-seed3839.csv,copied,bf75c45dad5a6fe1dffe282228457e1b15aaf8fd5dfc071fd30b313ea09e8694,2026-09-29T03:31:17Z,square20-0826-95/tools/regrow72.sh,tools/studies/square20-0826-95/regrow72.sh,2026-09-28T17:29:05Z,not frozen,
square20-0826-95,identity-36000-PHerc0826-seed4440.csv,square20-0826-95/evidence/identity-36000-PHerc0826-seed4440.csv,copied,e852a3e241b5da142ca82a37a78d811e47af567e2b3863768b5aab303e07751e,2026-09-29T03:31:17Z,square20-0826-95/tools/regrow72.sh,tools/studies/square20-0826-95/regrow72.sh,2026-09-28T13:55:13Z,not frozen,
square20-0826-95,identity-36000-PHerc0826-seed4494.csv,square20-0826-95/evidence/identity-36000-PHerc0826-seed4494.csv,copied,305f8bbe0049e847fae975dcc756c0046103d58ef5a51cbab88b431495377c8c,2026-09-29T03:31:17Z,square20-0826-95/tools/regrow72.sh,tools/studies/square20-0826-95/regrow72.sh,2026-09-28T18:10:59Z,not frozen,
square20-0826-95,identity-36000-PHerc0826-seed5364.csv,square20-0826-95/evidence/identity-36000-PHerc0826-seed5364.csv,copied,96f8d02636dbd90a20ea0a98b0d268fe04bf194715083b29d2b5b08b619ecb12,2026-09-29T03:31:17Z,square20-0826-95/tools/regrow72.sh,tools/studies/square20-0826-95/regrow72.sh,2026-09-28T13:35:03Z,not frozen,
square20-0826-95,identity-36000-PHerc0826-seed6273.csv,square20-0826-95/evidence/identity-36000-PHerc0826-seed6273.csv,copied,264915ea6909217988745c4d74803c25c9e09843b3ee6eca6131c412d8e0c937,2026-09-29T03:31:17Z,square20-0826-95/tools/regrow72.sh,tools/studies/square20-0826-95/regrow72.sh,2026-09-28T13:31:00Z,not frozen,
square20-0826-95,identity-36000-PHerc0826-seed6477.csv,square20-0826-95/evidence/identity-36000-PHerc0826-seed6477.csv,copied,ce5b38e0189729bf9dbe8bbaa369f189aa4c3081c36e845da10ddfd3bf822fda,2026-09-29T03:31:17Z,square20-0826-95/tools/regrow72.sh,tools/studies/square20-0826-95/regrow72.sh,2026-09-28T16:08:29Z,not frozen,
square20-0826-95,identity-36000-PHerc0826-seed6584.csv,square20-0826-95/evidence/identity-36000-PHerc0826-seed6584.csv,copied,f6348572d03e1eb3f061e6ac91da274ec7456bbd009b7625228484bd10c8049c,2026-09-29T03:31:17Z,square20-0826-95/tools/regrow72.sh,tools/studies/square20-0826-95/regrow72.sh,2026-09-28T16:43:40Z,not frozen,
square20-0826-95,squares-PHerc0826-seed1595.csv,square20-0826-95/evidence/squares-PHerc0826-seed1595.csv,copied,95b0b8e7d99b081ab444fd1690efdcafff34062b843b962a01679500c38368aa,2026-09-29T03:31:17Z,tools/square.py,tools/studies/seed-search-1447/square.py,2026-09-28T16:02:03Z,not frozen,
square20-0826-95,squares-PHerc0826-seed1727.csv,square20-0826-95/evidence/squares-PHerc0826-seed1727.csv,copied,962ca373552a611f62665ea4911a046a6bb996d615a4014ab41c2135fcf60a16,2026-09-29T03:31:17Z,tools/square.py,tools/studies/seed-search-1447/square.py,2026-09-28T13:46:20Z,not frozen,
square20-0826-95,squares-PHerc0826-seed1732.csv,square20-0826-95/evidence/squares-PHerc0826-seed1732.csv,copied,42a4364e7552024294a5ed2f9f73b8480b79721c4e4ac78cb4e1bb0e4be4914e,2026-09-29T03:31:17Z,tools/square.py,tools/studies/seed-search-1447/square.py,2026-09-28T16:09:03Z,not frozen,
square20-0826-95,squares-PHerc0826-seed2259.csv,square20-0826-95/evidence/squares-PHerc0826-seed2259.csv,copied,e6286b0058733951000c5b57a0880c252a0ebb3d4a3de0b9cb6fa12ec55d7912,2026-09-29T03:31:17Z,tools/square.py,tools/studies/seed-search-1447/square.py,2026-09-28T16:00:36Z,not frozen,
square20-0826-95,squares-PHerc0826-seed2441.csv,square20-0826-95/evidence/squares-PHerc0826-seed2441.csv,copied,5f74163c8aaec20a3c2b591faed4e9d3323399ae939d0acc82ac7b4bd7b1d8e8,2026-09-29T03:31:17Z,tools/square.py,tools/studies/seed-search-1447/square.py,2026-09-28T18:16:13Z,not frozen,
square20-0826-95,squares-PHerc0826-seed2604.csv,square20-0826-95/evidence/squares-PHerc0826-seed2604.csv,copied,e23b4446c7c1c278c958716a35ad86a03b28663967cd99ef857d3787458afbc7,2026-09-29T03:31:17Z,tools/square.py,tools/studies/seed-search-1447/square.py,2026-09-28T13:41:39Z,not frozen,
square20-0826-95,squares-PHerc0826-seed3490.csv,square20-0826-95/evidence/squares-PHerc0826-seed3490.csv,copied,c19305d89748ddd66e89eb180de28b40d659fc706ce17da9c9bf0d1f5f9dc537,2026-09-29T03:31:17Z,tools/square.py,tools/studies/seed-search-1447/square.py,2026-09-28T16:40:46Z,not frozen,
square20-0826-95,squares-PHerc0826-seed3648.csv,square20-0826-95/evidence/squares-PHerc0826-seed3648.csv,copied,721629eaf28dbe92b3e04de88ff0f03d1f650935ad9a1e28b87f4855f657ee39,2026-09-29T03:31:17Z,tools/square.py,tools/studies/seed-search-1447/square.py,2026-09-28T18:17:22Z,not frozen,
square20-0826-95,squares-PHerc0826-seed3839.csv,square20-0826-95/evidence/squares-PHerc0826-seed3839.csv,copied,ae173f4c580a59b221d3aa1feaf2a6cf2c947a1e8272ed36c2a3295b0fd618ea,2026-09-29T03:31:17Z,tools/square.py,tools/studies/seed-search-1447/square.py,2026-09-28T17:30:17Z,not frozen,
square20-0826-95,squares-PHerc0826-seed4440.csv,square20-0826-95/evidence/squares-PHerc0826-seed4440.csv,copied,d71751759101027d64dd18a7611e268f1b6b2810b5dba2bf49832c9783e04c51,2026-09-29T03:31:17Z,tools/square.py,tools/studies/seed-search-1447/square.py,2026-09-28T13:56:20Z,not frozen,
square20-0826-95,squares-PHerc0826-seed4494.csv,square20-0826-95/evidence/squares-PHerc0826-seed4494.csv,copied,62e50fc731f03594507d6890f80d2bef02f22a73f8254c4dd571beed560a218d,2026-09-29T03:31:17Z,tools/square.py,tools/studies/seed-search-1447/square.py,2026-09-28T18:12:39Z,not frozen,
square20-0826-95,squares-PHerc0826-seed5364.csv,square20-0826-95/evidence/squares-PHerc0826-seed5364.csv,copied,3304f2fff698cad8f2433e55d8d83b1b82979e5806942224313fb69c359d4484,2026-09-29T03:31:17Z,tools/square.py,tools/studies/seed-search-1447/square.py,2026-09-28T13:36:22Z,not frozen,
square20-0826-95,squares-PHerc0826-seed6273.csv,square20-0826-95/evidence/squares-PHerc0826-seed6273.csv,copied,494eea191fd742c3fe3e1c56fb2078d376cba364cf072e2ac115156f19c94564,2026-09-29T03:31:17Z,tools/square.py,tools/studies/seed-search-1447/square.py,2026-09-28T13:32:01Z,not frozen,
square20-0826-95,squares-PHerc0826-seed6477.csv,square20-0826-95/evidence/squares-PHerc0826-seed6477.csv,copied,2e9faa546cfd882c048b5dcefd3e2cc8e1ccdd0c47a6fb7e62bcb827568b1167,2026-09-29T03:31:17Z,tools/square.py,tools/studies/seed-search-1447/square.py,2026-09-28T16:09:52Z,not frozen,
square20-0826-95,squares-PHerc0826-seed6584.csv,square20-0826-95/evidence/squares-PHerc0826-seed6584.csv,copied,4f34c2b26a9ecf5f49b739494c4b24dfd3999e6d3fde53a7c86ecec3e4dad8a9,2026-09-29T03:31:17Z,tools/square.py,tools/studies/seed-search-1447/square.py,2026-09-28T16:44:43Z,not frozen,
square20-0826-95,a2-cluster/PHerc0826-seed1595.csv,square20-0826-95/evidence/a2-cluster/PHerc0826-seed1595.csv,copied,9591a0cb828e5b6350bd95f16ecbb0eb3b87f004fc6143c8a5d651d255e57ec2,2026-09-29T03:31:17Z,square20-0826-95/tools/a2_72.py,tools/studies/square20-0826-95/a2_72.py,2026-09-28T16:08:03Z,not frozen,
square20-0826-95,a2-cluster/PHerc0826-seed1727.csv,square20-0826-95/evidence/a2-cluster/PHerc0826-seed1727.csv,copied,bd80a57afbdc53c78837e0ba68c16e7cc1b89c7d73a3eeab5cc9041483186cd7,2026-09-29T03:31:17Z,square20-0826-95/tools/a2_72.py,tools/studies/square20-0826-95/a2_72.py,2026-09-28T13:53:22Z,not frozen,
square20-0826-95,a2-cluster/PHerc0826-seed1732.csv,square20-0826-95/evidence/a2-cluster/PHerc0826-seed1732.csv,copied,ab695fe1d51f024c306ffd49e1ea8cf7d360cae6f506f56a6d90bb45c0f85210,2026-09-29T03:31:17Z,square20-0826-95/tools/a2_72.py,tools/studies/square20-0826-95/a2_72.py,2026-09-28T16:16:37Z,not frozen,
square20-0826-95,a2-cluster/PHerc0826-seed2259.csv,square20-0826-95/evidence/a2-cluster/PHerc0826-seed2259.csv,copied,a9f8a543d4963c93b9df1c7f4c5a846154c35a741edb2be9b64d978d0439bdc0,2026-09-29T03:31:17Z,square20-0826-95/tools/a2_72.py,tools/studies/square20-0826-95/a2_72.py,2026-09-28T16:06:18Z,not frozen,
square20-0826-95,a2-cluster/PHerc0826-seed2441.csv,square20-0826-95/evidence/a2-cluster/PHerc0826-seed2441.csv,copied,72a76438d115055ef6bdeda629fc95ecf1232e6b585b34be6130587f03a6f59c,2026-09-29T03:31:17Z,square20-0826-95/tools/a2_72.py,tools/studies/square20-0826-95/a2_72.py,2026-09-28T18:21:37Z,not frozen,
square20-0826-95,a2-cluster/PHerc0826-seed2604.csv,square20-0826-95/evidence/a2-cluster/PHerc0826-seed2604.csv,copied,21e7c418278b46792d5d8dab4e39b3b53561dd6bb157469868b534545f0aa724,2026-09-29T03:31:17Z,square20-0826-95/tools/a2_72.py,tools/studies/square20-0826-95/a2_72.py,2026-09-28T13:47:29Z,not frozen,
square20-0826-95,a2-cluster/PHerc0826-seed3490.csv,square20-0826-95/evidence/a2-cluster/PHerc0826-seed3490.csv,copied,f2da2c78d73e064eb82528496728ef54b980653db8d24589a87c0421a2dee45a,2026-09-29T03:31:17Z,square20-0826-95/tools/a2_72.py,tools/studies/square20-0826-95/a2_72.py,2026-09-28T16:45:36Z,not frozen,
square20-0826-95,a2-cluster/PHerc0826-seed3648.csv,square20-0826-95/evidence/a2-cluster/PHerc0826-seed3648.csv,copied,1146de973a93a39bda0f7865315ccee54705bfc161d3875475cc3307bcfcb902,2026-09-29T03:31:17Z,square20-0826-95/tools/a2_72.py,tools/studies/square20-0826-95/a2_72.py,2026-09-28T18:23:33Z,not frozen,
square20-0826-95,a2-cluster/PHerc0826-seed3839.csv,square20-0826-95/evidence/a2-cluster/PHerc0826-seed3839.csv,copied,33855103d371b9572397ec5d47ef08c6d410027ef094909d0fb955d7aa973123,2026-09-29T03:31:17Z,square20-0826-95/tools/a2_72.py,tools/studies/square20-0826-95/a2_72.py,2026-09-28T17:36:18Z,not frozen,
square20-0826-95,a2-cluster/PHerc0826-seed4440.csv,square20-0826-95/evidence/a2-cluster/PHerc0826-seed4440.csv,copied,421e631f44d531d66a668600e35e7a4571691cfe44da1345f10afa535706a862,2026-09-29T03:31:17Z,square20-0826-95/tools/a2_72.py,tools/studies/square20-0826-95/a2_72.py,2026-09-28T14:02:42Z,not frozen,
square20-0826-95,a2-cluster/PHerc0826-seed4494.csv,square20-0826-95/evidence/a2-cluster/PHerc0826-seed4494.csv,copied,6f728095ad33041dc9be24dba3db38e6e28e717e198d21fafcca7bc424b787cb,2026-09-29T03:31:17Z,square20-0826-95/tools/a2_72.py,tools/studies/square20-0826-95/a2_72.py,2026-09-28T18:19:08Z,not frozen,
square20-0826-95,a2-cluster/PHerc0826-seed5364.csv,square20-0826-95/evidence/a2-cluster/PHerc0826-seed5364.csv,copied,d325beab8ef31c643f7805c1cc51dd085fc5a5ddefc6f0f883684c6da183b9ba,2026-09-29T03:31:17Z,square20-0826-95/tools/a2_72.py,tools/studies/square20-0826-95/a2_72.py,2026-09-28T13:42:48Z,not frozen,
square20-0826-95,a2-cluster/PHerc0826-seed6273.csv,square20-0826-95/evidence/a2-cluster/PHerc0826-seed6273.csv,copied,cd4d3b1a8f59b73d75f48f8c7410873543fd1e3fe263f7c4b34d8d9e3e804663,2026-09-29T03:31:17Z,square20-0826-95/tools/a2_72.py,tools/studies/square20-0826-95/a2_72.py,2026-09-28T13:37:32Z,not frozen,
square20-0826-95,a2-cluster/PHerc0826-seed6477.csv,square20-0826-95/evidence/a2-cluster/PHerc0826-seed6477.csv,copied,05a203c2d827b8e79156e804f116d7090d6bbe9079df5874c5c015192695fc2a,2026-09-29T03:31:17Z,square20-0826-95/tools/a2_72.py,tools/studies/square20-0826-95/a2_72.py,2026-09-28T16:17:02Z,not frozen,
square20-0826-95,a2-cluster/PHerc0826-seed6584.csv,square20-0826-95/evidence/a2-cluster/PHerc0826-seed6584.csv,copied,28db957163cdc34d094959b4003626b693d4c068a9aa63f4f3f6656d0b7d473d,2026-09-29T03:31:17Z,square20-0826-95/tools/a2_72.py,tools/studies/square20-0826-95/a2_72.py,2026-09-28T16:50:32Z,not frozen,
square20-0826-95,checks-PHerc0826-seed2604.csv,square20-0826-95/evidence/checks-PHerc0826-seed2604.csv,copied,539e60f54065722beb24ec7beae3783a5c95de8f385533daa698a6b3d190fdc0,2026-09-29T03:31:17Z,square20-0826-95/tools/checks_file.py,tools/studies/square20-0826-95/checks_file.py,2026-09-28T14:31:06Z,not frozen,
square20-0826-95,cap-check-next10.csv,square20-0826-95/evidence/cap-check-next10.csv,copied,7b11ed44ce0dafa8688a6076200817ca308b8811221b71e2b246531a56174d0d,2026-09-29T03:31:17Z,square20-0826-95/tools/cap_and_size_v2.py,tools/studies/square20-0826-95/cap_and_size_v2.py,2026-09-28T15:17:53Z,not frozen,
runtime-params-96,identity-summary.csv,runtime-params-96/evidence/identity-summary.csv,copied,9535ebfcde101990e40101a511cbc54ff4dcdbfd245a2c55ba19c49a75e76a95,2026-09-29T03:31:17Z,runtime-params-96/tools/identity_compare_runtime.py,tools/studies/runtime-params-96/identity_compare_runtime.py,2026-09-28T13:31:26Z,not frozen,
runtime-params-96,identity-0826-runtime.csv,runtime-params-96/evidence/identity-0826-runtime.csv,copied,b49ee6c726e0e03d0e7551cbe985b8b8941eb48cfc833680d9b3fa9a3af9829f,2026-09-29T03:31:17Z,runtime-params-96/tools/identity_compare_runtime.py,tools/studies/runtime-params-96/identity_compare_runtime.py,2026-09-28T13:31:26Z,not frozen,seed_from_environment: the seed point replaced by «x y z withheld»
stevens-changes-0826-91,arms.csv,stevens-changes-0826-91/evidence/arms.csv,copied,a60fc75bc2d882bc70364f907fe9af2dbf69d87719c16428d8e9bdc6cb8422c8,2026-09-29T03:31:17Z,stevens-changes-0826-91/tools/aggregate91.py,tools/studies/stevens-changes-0826-91/aggregate91.py,2026-09-28T14:08:20Z,not frozen,
stevens-changes-0826-91,per-run.csv,stevens-changes-0826-91/evidence/per-run.csv,copied,d0f0f70b427fcd16a4022a970a2d3f1f239e0c3f982ec2e171786415e1d302b1,2026-09-29T03:31:17Z,stevens-changes-0826-91/tools/aggregate91.py,tools/studies/stevens-changes-0826-91/aggregate91.py,2026-09-28T14:08:20Z,not frozen,
stevens-changes-0826-91,seeds.csv,stevens-changes-0826-91/evidence/seeds.csv,copied,5bb50a8adb07adca54927b28a3fa9011ff2d01d511094fc9f6b62c5394f2c97d,2026-09-29T03:31:17Z,stevens-changes-0826-91/tools/select_seeds.py,tools/studies/stevens-changes-0826-91/select_seeds.py,2026-09-28T05:52:56Z,not frozen,
search-yield-0826,yield.csv,search-yield-0826/evidence/yield.csv,copied,053b291789c49c7c62dfa827242b0ddef3dfeae635ee7fe056401aeb1a208fc5,2026-09-29T03:31:17Z,search-yield-0826/tools/yield.py,tools/studies/search-yield-0826/yield.py,2026-09-28T18:27:00Z,not frozen,internal marking removed and absolute paths cut
search-yield-0826,yield-seeds.csv,search-yield-0826/evidence/yield-seeds.csv,copied,5f68856c735271a2e98d8645448296f1cb6e42986d3a8c2c6ed8408b2a925aa8,2026-09-29T03:31:17Z,search-yield-0826/tools/yield.py,tools/studies/search-yield-0826/yield.py,2026-09-28T18:27:00Z,not frozen,internal marking removed and absolute paths cut
certified-piece-0826,fibre-score.csv,certified-piece-0826/evidence/fibre-score.csv,copied,20b09375649d4c3d9aae3b47ea65c6950a933619770ffc92edf19ce83ae9d315,2026-09-29T03:31:17Z,certified-piece-0826/tools/fibre.py,tools/studies/certified-piece-0826/fibre.py,2026-09-29T01:32:11Z,not frozen,internal marking removed and absolute paths cut
certified-piece-0826,fibre-ranking.csv,certified-piece-0826/evidence/fibre-ranking.csv,copied,63cd789996e194072494c4fb2419385d1c2df51ed0dd94d1d4d54d793644bf1b,2026-09-29T03:31:17Z,certified-piece-0826/tools/fibre2.py,tools/studies/certified-piece-0826/fibre2.py,2026-09-29T02:47:25Z,not frozen,internal marking removed and absolute paths cut
best-windows-0826,windows.csv,best-windows-0826/evidence/windows.csv,copied,fa7e1a6616f813c19787ec50647d0ddba34a6eee39643ed4d1ed77b74de5b4fa,2026-09-29T07:04:34Z,best-windows-0826/tools/bw.py,tools/studies/best-windows-0826/bw.py,2026-09-29T06:21:00Z,not frozen,internal marking removed and absolute paths cut
best-windows-0826,attempts.csv,best-windows-0826/evidence/attempts.csv,copied,6cbe74eb7245b9f963238a356ee4b7508c4b4d948aa81d8dd3666806975b22f3,2026-09-29T07:04:34Z,best-windows-0826/tools/bw.py,tools/studies/best-windows-0826/bw.py,2026-09-29T06:21:00Z,not frozen,internal marking removed and absolute paths cut
best-windows-0826,selftest.csv,best-windows-0826/evidence/selftest.csv,copied,e80b0814564add8c9d8d4abac2a45ce9e50e642b4bf0dac3acec0434ffdb7e99,2026-09-29T07:04:34Z,best-windows-0826/tools/bw.py,tools/studies/best-windows-0826/bw.py,2026-09-29T06:16:40Z,not frozen,
best-windows-0826,angles.csv,best-windows-0826/evidence/angles.csv,copied,8861afc1566afbe263e3be6d7b1acb188da669da78eeb528ddfe5bb6f09dcb49,2026-09-29T07:04:34Z,best-windows-0826/tools/align.py,tools/studies/best-windows-0826/align.py,2026-09-29T06:25:24Z,not frozen,internal marking removed and absolute paths cut
best-windows-0826,aligned.csv,best-windows-0826/evidence/aligned.csv,copied,c86cc0473a53cff62ce955572ee640e6f7f518831ad70f51ce9d4c21aebeafd2,2026-09-29T07:04:34Z,best-windows-0826/tools/align.py,tools/studies/best-windows-0826/align.py,2026-09-29T06:27:50Z,not frozen,centre_z
best-windows-0826,renders.csv,best-windows-0826/evidence/renders.csv,copied,90dc9785c46c1cb9bfb1577841caf120237651291c59aa6c296420b76795c23c,2026-09-29T07:04:34Z,best-windows-0826/tools/panels.py,tools/studies/best-windows-0826/panels.py,2026-09-29T06:35:22Z,not frozen,internal marking removed and absolute paths cut
best-windows-0826,straight.csv,best-windows-0826/evidence/straight.csv,copied,a19889b8488e42c99b23a24d809211b876c2b8c64985d1c8bac989f7fcde52e0,2026-09-29T07:04:34Z,best-windows-0826/tools/straight.py,tools/studies/best-windows-0826/straight.py,2026-09-29T06:48:01Z,not frozen,internal marking removed and absolute paths cut
positive-control-0139,verdict.csv,positive-control-0139/evidence/verdict.csv,copied,a64789d8830a5725d6afd54043919fcc1c75ddb73a37820384503261f09c0241,2026-09-29T14:10:54Z,positive-control-0139/tools/verdict.py,tools/studies/positive-control-0139/verdict.py,2026-09-29T13:15:47Z,not frozen,
positive-control-0139,control.csv,positive-control-0139/evidence/control.csv,copied,000193313d7569f6c5b0760ac8e4f3e7be983970c5c7a6c52506fb9c72cc56f1,2026-09-29T14:10:54Z,positive-control-0139/tools/score.py,tools/studies/positive-control-0139/score.py,2026-09-29T13:15:46Z,not frozen,internal marking removed and absolute paths cut
positive-control-0139,null-best.csv,positive-control-0139/evidence/null-best.csv,copied,6c9a49055c746de8f9c444ad3a87ba68f108680ca34eb12b1afabead941ee146,2026-09-29T14:10:54Z,positive-control-0139/tools/null_best.py,tools/studies/positive-control-0139/null_best.py,2026-09-29T11:04:30Z,not frozen,
positive-control-0139,labelfree-w016.csv,positive-control-0139/evidence/labelfree-w016.csv,copied,e8e33a5f3cff8c0f5b1f34c7dda0048b4cd75e465fe85cafbb4db956492fd563,2026-09-29T14:10:54Z,positive-control-0139/tools/labelfree_table.py,tools/studies/positive-control-0139/labelfree_table.py,2026-09-29T12:29:49Z,not frozen,
render-routes-0826,square-checks.csv,render-routes-0826/evidence/square-checks.csv,copied,d1c825616f2e2e4ffac439caaeadb349759db07d04b9ff46b9dade18fcef23ea,2026-09-29T15:58:31Z,render-routes-0826/tools/sq_checks.py,tools/studies/render-routes-0826/sq_checks.py,2026-09-29T14:35:30Z,not frozen,radius_median_vox; radius_p5_p95_vox
render-routes-0826,routes.csv,render-routes-0826/evidence/routes.csv,copied,0b9cd23054b80fb2c6a779dcf515ad53f48bf7afb5af6dd1b500578971fd2be6,2026-09-29T15:58:31Z,render-routes-0826/tools/routes.py,tools/studies/render-routes-0826/routes.py,2026-09-29T14:35:51Z,not frozen,regrid_r_med_vox; regrid_theta_span_deg; grid
render-routes-0826,old-square-on-r2c.csv,render-routes-0826/evidence/old-square-on-r2c.csv,copied,532228b4dfac98c4dad32d5be356d00c98020f52d6a385396516521ee2236a9d,2026-09-29T15:58:31Z,render-routes-0826/tools/old_square.py,tools/studies/render-routes-0826/old_square.py,2026-09-29T15:01:25Z,not frozen,
render-routes-0826,r2c-runs.csv,render-routes-0826/evidence/r2c-runs.csv,copied,1d5db6175f0af8c957a0a2b18cd9e29588de5720addee23c529de0d70d7e4c68,2026-09-29T15:58:31Z,render-routes-0826/tools/r2c_grow.sh,tools/studies/render-routes-0826/r2c_grow.sh,2026-09-29T14:15:23Z,not frozen,x; y; z
render-routes-0826,regrid-selftest.csv,render-routes-0826/evidence/regrid-selftest.csv,copied,09c22aaf0242b1087a287e4f3c12a7729b4b7c89c54d13a400b66c31fe71ae98,2026-09-29T15:58:31Z,render-routes-0826/tools/regrid_z.py,tools/studies/render-routes-0826/regrid_z.py,2026-09-29T07:34:27Z,not frozen,
render-routes-0826,aligned-square.csv,render-routes-0826/evidence/aligned-square.csv,copied,14898afdb5113c59dc778ca09fdc89ddfeaf1c215fe75a7e7ec5586fb1c80d91,2026-09-29T15:58:31Z,render-routes-0826/tools/align_square.py,tools/studies/render-routes-0826/align_square.py,2026-09-29T15:58:02Z,not frozen,internal marking removed and absolute paths cut
ink-v8in-0826,hf-files.csv,ink-v8in-0826/evidence/hf-files.csv,copied,6f654624d8776297195ad7f1133cb1f58d0dac2b136388302ea5b32e4f78b57d,2026-09-30T07:39:34Z,ink-v8in-0826/tools/hf_files.py,tools/studies/ink-v8in-0826/hf_files.py,2026-09-29T19:16:16Z,not frozen,
ink-v8in-0826,describe-v2.csv,ink-v8in-0826/evidence/describe-v2.csv,copied,967750c830f01b8653d5e68a2a8ab2b866b8a9fef08482441fb0477d9c719659,2026-09-30T07:39:34Z,ink-v8in-0826/tools/upright_full.py,tools/studies/ink-v8in-0826/upright_full.py,2026-09-30T00:26:24Z,not frozen,internal marking removed and absolute paths cut
ink-v8in-0826,ratio-calibration.csv,ink-v8in-0826/evidence/ratio-calibration.csv,copied,89ed1d1646963e4ea6bf0d012a463733077c9d5ce086a13df8357f4bb6c3bda7,2026-09-30T07:39:34Z,ink-v8in-0826/tools/ratio_cal.py,tools/studies/ink-v8in-0826/ratio_cal.py,2026-09-30T00:29:09Z,not frozen,internal marking removed and absolute paths cut
ink-v8in-0826-r2d,describe.csv,ink-v8in-0826-r2d/evidence/describe.csv,copied,4a4bc5ed66ee9b3f01cf3d2d62e8e82b060c1a2d6b7453d4fbb32cb026ff2462,2026-09-30T13:31:11Z,ink-v8in-0826-r2d/tools/stitch_r2d.py,tools/studies/ink-v8in-0826-r2d/stitch_r2d.py,2026-09-30T13:28:52Z,not frozen,
selftrain-v8in-0826,order-0139.csv,selftrain-v8in-0826/evidence/order-0139.csv,copied,7fd85364a62bfde46b81f1f5d27eb2e5ba0c954465d993235031ac3b4f344069,2026-09-30T07:39:34Z,selftrain-v8in-0826/tools/w016.py,tools/studies/selftrain-v8in-0826/w016.py,2026-09-29T21:31:06Z,not frozen,internal marking removed and absolute paths cut
cuts-2715,verdict.csv,cuts-2715/evidence/verdict.csv,copied,9b57d32b647b415abb19e774a45791ce07e868e134bab8c0dc200535254de14b,2026-09-30T09:25:06Z,cuts-2715/tools/sheetrun.py,tools/studies/cuts-2715/sheetrun.py,2026-09-30T09:17:04Z,not frozen,zc; eye; cut: the height in the cut's name withheld
cuts-2715,headline-cuts.csv,cuts-2715/evidence/headline-cuts.csv,copied,e40ca4e3a65b5f52a307b6f55a621adf71bd4f27005ae06d85bdeef2860aec23,2026-09-30T09:25:06Z,cuts-2715/tools/headline.py,tools/studies/cuts-2715/headline.py,2026-09-30T09:21:14Z,not frozen,zc; strip_png; box_png; zoom_png; cut: the height in the cut's name withheld
cuts-2715,headline-air.csv,cuts-2715/evidence/headline-air.csv,copied,3acca4572b3daf4185996f9bbdcda02506764cdb119311a75b57e37e49fac89e,2026-09-30T09:25:06Z,cuts-2715/tools/headline.py,tools/studies/cuts-2715/headline.py,2026-09-30T09:21:15Z,not frozen,zmin; zmax
cuts-2715,air-reference.csv,cuts-2715/evidence/air-reference.csv,copied,a855dbf794c5b90c707e4f002d834049c50499bc16fd9c0b0c74ab44091dc1bd,2026-09-30T09:25:06Z,cuts-2715/tools/air_ref.py,tools/studies/cuts-2715/air_ref.py,2026-09-30T09:22:07Z,not frozen,internal marking removed and absolute paths cut
cuts-2715,headline-eye.csv,cuts-2715/evidence/headline-eye.csv,copied,b1b9e4185dac30916b3b9caed39e8742339a181837f3be1ead880c1aea4f019d,2026-09-30T09:25:06Z,cuts-2715/tools/headline_eye.py,tools/studies/cuts-2715/headline_eye.py,2026-09-30T09:22:22Z,not frozen,cut: the height in the cut's name withheld
ink-finetune-k2,refcheck.csv,ink-finetune-k2/evidence/refcheck.csv,copied,8995cc70368f0082ecd5a01edad3e7ffb08a6f2b3a6a0939d57938fd00bc15a4,2026-09-29T15:41:28Z,ink-finetune-k2/tools/refcheck.py,tools/studies/ink-finetune-k2/refcheck.py,2026-09-29T07:23:49Z,not frozen,
