"# written by chain-0826/tools/ladder.sh: the draws of each batch that pass the seed rule, grown at the ladder cap of 120 s with SIMPAPER_SHARED_CHUNKS=128 SIMPAPER_FORCE_THREADS=1 OMP_WAIT_POLICY=passive; outcome is ladder_hundred.sh's classification; column group names the draw batch; cores_busy_at_start is over 10 s"
tool,utc,attempt,exit_code,killed_at_cap,wall_s,patches,outcome,binary_sha256_head,cores_busy_at_start,memavail_gb_at_start,ladder_in_flight_at_start,pred_chunk_share_255,group
tools/ladder.sh,2026-09-26T18:17:29Z,PHerc0826-seed02,0,no,6,42,ended by itself,83de15ad90e6b1fd,6.6,112,0,0.1433,batch-1-400-0826
tools/ladder.sh,2026-09-26T18:17:41Z,PHerc0826-seed03,1,no,0,0,no patch written,7d3eb3a825b18b6f,6.1,113,0,0.3848,batch-1-400-0826
tools/ladder.sh,2026-09-26T18:17:59Z,PHerc0826-seed07,1,no,0,0,no patch written,b2609528176f2898,6.6,113,0,0.3707,batch-1-400-0826
tools/ladder.sh,2026-09-26T18:18:18Z,PHerc0826-seed16,1,no,0,0,no patch written,d837a165d21429d7,6.2,113,0,0.1796,batch-1-400-0826
tools/ladder.sh,2026-09-26T18:18:36Z,PHerc0826-seed17,1,no,0,0,no patch written,cc353b0d6f5f61a2,4.8,114,0,0.0438,batch-1-400-0826
tools/ladder.sh,2026-09-26T18:18:54Z,PHerc0826-seed20,1,no,0,0,no patch written,d2cfecbf534c3502,0.5,115,0,0.1748,batch-1-400-0826
tools/ladder.sh,2026-09-26T18:19:12Z,PHerc0826-seed21,1,no,0,0,no patch written,cde117d263f2b12a,0.4,115,0,0.4481,batch-1-400-0826
tools/ladder.sh,2026-09-26T18:19:30Z,PHerc0826-seed23,1,no,0,0,no patch written,8e301c57403cff1a,0.3,116,0,0.2466,batch-1-400-0826
tools/ladder.sh,2026-09-26T18:19:50Z,PHerc0826-seed27,0,no,2,13,ended by itself,7f2836ff959d9cf5,0.2,115,0,0.1458,batch-1-400-0826
tools/ladder.sh,2026-09-26T18:20:42Z,PHerc0826-seed44,1,no,0,0,no patch written,0a820485eb615d62,2.9,112,2,0.2581,batch-1-400-0826
tools/ladder.sh,2026-09-26T18:21:01Z,PHerc0826-seed47,0,no,1,2,ended by itself,22253ba61f64c166,3.0,110,2,0.2461,batch-1-400-0826
tools/ladder.sh,2026-09-26T18:21:21Z,PHerc0826-seed40,0,no,75,382,ended by itself,98a732a0e09f0d91,0.2,115,0,0.1743,batch-1-400-0826
tools/ladder.sh,2026-09-26T18:21:37Z,PHerc0826-seed51,1,no,1,0,no patch written,e752ed7484ebea09,3.3,109,2,0.4437,batch-1-400-0826
tools/ladder.sh,2026-09-26T18:21:55Z,PHerc0826-seed52,1,no,0,0,no patch written,05f88184975419c6,3.1,108,2,0.3204,batch-1-400-0826
tools/ladder.sh,2026-09-26T18:22:01Z,PHerc0826-seed49,0,no,43,233,ended by itself,2c6f76e7ae89ac61,3.3,108,2,0.2377,batch-1-400-0826
tools/ladder.sh,2026-09-26T18:22:13Z,PHerc0826-seed53,1,no,0,0,no patch written,9a19c6b97fbdace8,1.8,111,1,0.3962,batch-1-400-0826
tools/ladder.sh,2026-09-26T18:22:24Z,PHerc0826-seed43,124,yes,120,0,still growing at the cap,c4a5d73781671de9,1.5,114,1,0.1333,batch-1-400-0826
tools/ladder.sh,2026-09-26T18:22:31Z,PHerc0826-seed55,1,no,0,0,no patch written,a3cbad5d32aed9d7,0.8,115,1,0.4060,batch-1-400-0826
tools/ladder.sh,2026-09-26T18:23:07Z,PHerc0826-seed70,1,no,0,0,no patch written,9e6472c2e2fbc9a8,2.2,113,1,0.1870,batch-1-400-0826
tools/ladder.sh,2026-09-26T18:23:25Z,PHerc0826-seed76,1,no,0,0,no patch written,c52004e75a611037,2.0,112,1,0.3821,batch-1-400-0826
tools/ladder.sh,2026-09-26T18:23:45Z,PHerc0826-seed77,0,no,2,8,ended by itself,1ca0f4ce0af86c52,2.2,112,1,0.1874,batch-1-400-0826
tools/ladder.sh,2026-09-26T18:24:01Z,PHerc0826-seed79,1,no,0,0,no patch written,6a718d6ce0257300,1.9,112,1,0.2552,batch-1-400-0826
tools/ladder.sh,2026-09-26T18:24:19Z,PHerc0826-seed81,1,no,0,0,no patch written,ca0dce33f4d0d537,2.1,111,1,0.4481,batch-1-400-0826
tools/ladder.sh,2026-09-26T18:24:38Z,PHerc0826-seed87,1,no,1,0,no patch written,dcbd2511319302c5,1.7,111,1,0.4344,batch-1-400-0826
tools/ladder.sh,2026-09-26T18:24:49Z,PHerc0826-seed69,124,yes,120,0,still growing at the cap,99aa253b4222bf83,0.8,115,0,0.2056,batch-1-400-0826
tools/ladder.sh,2026-09-26T18:24:56Z,PHerc0826-seed90,1,no,0,0,no patch written,cf68f24db5567ab6,2.5,115,1,0.3845,batch-1-400-0826
tools/ladder.sh,2026-09-26T18:25:14Z,PHerc0826-seed95,1,no,0,0,no patch written,97af50851c264c9a,0.1,116,0,0.1938,batch-1-400-0826
tools/ladder.sh,2026-09-26T18:25:36Z,PHerc0826-seed97,0,no,4,19,ended by itself,720f05bf6f3ab400,0.2,116,0,0.2329,batch-1-400-0826
tools/ladder.sh,2026-09-26T18:25:50Z,PHerc0826-seed98,1,no,0,0,no patch written,982cfe13ad03a8c3,0.2,116,0,0.4481,batch-1-400-0826
tools/ladder.sh,2026-09-26T18:26:08Z,PHerc0826-seed100,1,no,0,0,no patch written,0f5ecc087c4f975a,0.1,116,0,0.3848,batch-1-400-0826
tools/ladder.sh,2026-09-26T18:26:26Z,PHerc0826-seed101,1,no,0,0,no patch written,6c5cbbbd9bc84eab,0.1,116,0,0.2750,batch-1-400-0826
tools/ladder.sh,2026-09-26T18:27:20Z,PHerc0826-seed105,1,no,0,0,no patch written,878ec35c25dba37f,0.1,115,0,0.2796,batch-1-400-0826
tools/ladder.sh,2026-09-26T18:27:38Z,PHerc0826-seed108,1,no,0,0,no patch written,a171f2f3a9e29c37,0.2,115,0,0.2191,batch-1-400-0826
tools/ladder.sh,2026-09-26T18:28:14Z,PHerc0826-seed115,1,no,0,0,no patch written,4e522b4147b18c5d,3.0,114,1,0.2860,batch-1-400-0826
tools/ladder.sh,2026-09-26T18:28:32Z,PHerc0826-seed121,1,no,0,0,no patch written,f93594284120eb85,3.0,113,1,0.3379,batch-1-400-0826
tools/ladder.sh,2026-09-26T18:28:51Z,PHerc0826-seed131,1,no,1,0,no patch written,a938b167897c170b,3.0,112,1,0.3821,batch-1-400-0826
tools/ladder.sh,2026-09-26T18:29:09Z,PHerc0826-seed137,1,no,0,0,no patch written,ceeeed69a737f57f,3.1,110,1,0.1223,batch-1-400-0826
tools/ladder.sh,2026-09-26T18:29:27Z,PHerc0826-seed142,1,no,0,0,no patch written,c8a9bca6f563435b,3.1,110,1,0.3725,batch-1-400-0826
tools/ladder.sh,2026-09-26T18:29:45Z,PHerc0826-seed143,1,no,0,0,no patch written,2aea47a01a522191,3.2,110,1,0.2310,batch-1-400-0826
tools/ladder.sh,2026-09-26T18:29:56Z,PHerc0826-seed109,124,yes,120,0,still growing at the cap,f97d5720646eb5de,0.5,115,0,0.0751,batch-1-400-0826
tools/ladder.sh,2026-09-26T18:30:03Z,PHerc0826-seed144,1,no,0,0,no patch written,c68b20e2aa25968f,1.1,115,1,0.3050,batch-1-400-0826
tools/ladder.sh,2026-09-26T18:30:21Z,PHerc0826-seed147,1,no,0,0,no patch written,62a337ef110d5635,0.1,116,0,0.2555,batch-1-400-0826
tools/ladder.sh,2026-09-26T18:30:39Z,PHerc0826-seed150,1,no,0,0,no patch written,c8e541988505c93b,1.0,116,0,0.4509,batch-1-400-0826
tools/ladder.sh,2026-09-26T18:31:15Z,PHerc0826-seed156,1,no,0,0,no patch written,1912da56a8b76093,1.6,113,1,0.4294,batch-1-400-0826
tools/ladder.sh,2026-09-26T18:31:33Z,PHerc0826-seed162,1,no,0,0,no patch written,a6df6b53c9c01082,1.5,112,1,0.2557,batch-1-400-0826
tools/ladder.sh,2026-09-26T18:31:51Z,PHerc0826-seed164,1,no,0,0,no patch written,dfa1776429d36139,1.4,111,1,0.2573,batch-1-400-0826
tools/ladder.sh,2026-09-26T18:32:09Z,PHerc0826-seed167,1,no,0,0,no patch written,3677ea68d4651171,1.3,111,1,0.2603,batch-1-400-0826
tools/ladder.sh,2026-09-26T18:32:27Z,PHerc0826-seed168,1,no,0,0,no patch written,f60ce2a57f5cd78d,1.6,111,1,0.1787,batch-1-400-0826
tools/ladder.sh,2026-09-26T18:32:45Z,PHerc0826-seed177,1,no,0,0,no patch written,5154b62981b7bb89,1.4,111,1,0.3022,batch-1-400-0826
tools/ladder.sh,2026-09-26T18:32:57Z,PHerc0826-seed151,124,yes,120,0,still growing at the cap,79a8ead6adbefeba,0.1,116,0,0.2536,batch-1-400-0826
tools/ladder.sh,2026-09-26T18:33:03Z,PHerc0826-seed179,1,no,0,0,no patch written,9cb37410da8bbbf9,0.7,116,1,0.2835,batch-1-400-0826
tools/ladder.sh,2026-09-26T18:33:21Z,PHerc0826-seed180,1,no,0,0,no patch written,99413721b0048ce6,0.1,116,0,0.1619,batch-1-400-0826
tools/ladder.sh,2026-09-26T18:33:39Z,PHerc0826-seed181,1,no,0,0,no patch written,f198aa03a0ede477,0.1,116,0,0.4834,batch-1-400-0826
tools/ladder.sh,2026-09-26T18:33:57Z,PHerc0826-seed182,1,no,0,0,no patch written,21450e990a9374df,0.1,115,0,0.1988,batch-1-400-0826
tools/ladder.sh,2026-09-26T18:34:15Z,PHerc0826-seed187,1,no,0,0,no patch written,d968c0f32665e513,0.1,116,0,0.3229,batch-1-400-0826
tools/ladder.sh,2026-09-26T18:34:33Z,PHerc0826-seed188,1,no,0,0,no patch written,14b4c81bbbb06678,7.8,114,0,0.2336,batch-1-400-0826
tools/ladder.sh,2026-09-26T18:34:51Z,PHerc0826-seed189,1,no,0,0,no patch written,c82eabde88d4267d,8.0,114,0,0.3193,batch-1-400-0826
tools/ladder.sh,2026-09-26T18:35:09Z,PHerc0826-seed191,1,no,0,0,no patch written,9b6cb2e2fe268e18,3.6,113,0,0.2902,batch-1-400-0826
tools/ladder.sh,2026-09-26T18:35:28Z,PHerc0826-seed192,1,no,1,0,no patch written,55f9d1911da7c31d,7.9,114,0,0.3778,batch-1-400-0826
tools/ladder.sh,2026-09-26T18:35:46Z,PHerc0826-seed193,1,no,0,0,no patch written,74c7576ed9b56dec,3.8,115,0,0.3725,batch-1-400-0826
tools/ladder.sh,2026-09-26T18:36:04Z,PHerc0826-seed199,1,no,0,0,no patch written,7db8db9241a6b7f4,8.0,114,0,0.2311,batch-1-400-0826
tools/ladder.sh,2026-09-26T18:36:23Z,PHerc0826-seed201,1,no,0,0,no patch written,8a16bb24cce10dbb,7.8,114,0,0.2480,batch-1-400-0826
tools/ladder.sh,2026-09-26T18:36:41Z,PHerc0826-seed204,1,no,0,0,no patch written,8968d6f71139ea5d,6.9,114,0,0.4481,batch-1-400-0826
tools/ladder.sh,2026-09-26T18:37:38Z,PHerc0826-seed206,1,no,0,0,no patch written,e7989a86fa56d646,7.9,114,0,0.0703,batch-1-400-0826
tools/ladder.sh,2026-09-26T18:37:56Z,PHerc0826-seed207,1,no,0,0,no patch written,5c35856c59ce1f12,3.0,114,0,0.1802,batch-1-400-0826
tools/ladder.sh,2026-09-26T18:38:15Z,PHerc0826-seed208,1,no,1,0,no patch written,c72d67f6f2744ffb,7.9,113,0,0.2290,batch-1-400-0826
tools/ladder.sh,2026-09-26T18:38:33Z,PHerc0826-seed211,1,no,0,0,no patch written,cd53344c83ebf4bc,7.2,115,0,0.3742,batch-1-400-0826
tools/ladder.sh,2026-09-26T18:38:51Z,PHerc0826-seed212,1,no,0,0,no patch written,cdefa3245a90bb2a,7.7,113,0,0.1622,batch-1-400-0826
tools/ladder.sh,2026-09-26T18:39:09Z,PHerc0826-seed213,1,no,0,0,no patch written,b81afff0526eb3f7,7.9,114,0,0.2552,batch-1-400-0826
tools/ladder.sh,2026-09-26T18:39:28Z,PHerc0826-seed214,1,no,0,0,no patch written,5a63afc1e6c26df8,2.9,114,0,0.3821,batch-1-400-0826
tools/ladder.sh,2026-09-26T18:39:46Z,PHerc0826-seed217,1,no,0,0,no patch written,2b5ae3086586160e,7.9,114,0,0.3342,batch-1-400-0826
tools/ladder.sh,2026-09-26T18:40:04Z,PHerc0826-seed221,1,no,0,0,no patch written,7e7c3c8ade2c60bb,3.7,115,0,0.1916,batch-1-400-0826
tools/ladder.sh,2026-09-26T18:40:23Z,PHerc0826-seed222,1,no,0,0,no patch written,ac8c3d448163d8f1,7.9,114,0,0.2344,batch-1-400-0826
tools/ladder.sh,2026-09-26T18:40:41Z,PHerc0826-seed226,1,no,0,0,no patch written,5e7c4faf3dcf361d,7.9,114,0,0.2552,batch-1-400-0826
tools/ladder.sh,2026-09-26T18:40:59Z,PHerc0826-seed230,1,no,0,0,no patch written,5593fd1c0a2a9f01,4.9,114,0,0.2572,batch-1-400-0826
tools/ladder.sh,2026-09-26T18:41:17Z,PHerc0826-seed231,1,no,0,0,no patch written,d02a9de345a39b2c,7.9,114,0,0.3707,batch-1-400-0826
tools/ladder.sh,2026-09-26T18:41:54Z,PHerc0826-seed238,1,no,0,0,no patch written,7947e2aae8f22b38,9.3,112,1,0.2608,batch-1-400-0826
tools/ladder.sh,2026-09-26T18:42:12Z,PHerc0826-seed240,1,no,0,0,no patch written,92d74ce8cecc5fb8,8.6,112,1,0.1753,batch-1-400-0826
tools/ladder.sh,2026-09-26T18:42:31Z,PHerc0826-seed245,1,no,1,0,no patch written,7da51a9d78e98b39,8.6,110,1,0.3229,batch-1-400-0826
tools/ladder.sh,2026-09-26T18:42:49Z,PHerc0826-seed247,1,no,0,0,no patch written,26f354e44bcfed58,9.4,110,1,0.2545,batch-1-400-0826
tools/ladder.sh,2026-09-26T18:43:07Z,PHerc0826-seed248,1,no,0,0,no patch written,850c8baa975679c8,3.7,110,1,0.2018,batch-1-400-0826
tools/ladder.sh,2026-09-26T18:43:36Z,PHerc0826-seed237,124,yes,121,0,still growing at the cap,676379d3e5468f50,2.5,114,0,0.1745,batch-1-400-0826
tools/ladder.sh,2026-09-26T18:43:44Z,PHerc0826-seed254,1,no,0,0,no patch written,a9c22fa523640194,6.2,113,2,0.1245,batch-1-400-0826
tools/ladder.sh,2026-09-26T18:43:55Z,PHerc0826-seed250,0,no,29,155,ended by itself,6404e3c4ff8ee42e,9.3,110,1,0.1888,batch-1-400-0826
tools/ladder.sh,2026-09-26T18:44:02Z,PHerc0826-seed261,1,no,0,0,no patch written,789396aa67f3507c,8.4,113,1,0.2621,batch-1-400-0826
tools/ladder.sh,2026-09-26T18:44:23Z,PHerc0826-seed265,0,no,2,13,ended by itself,db8d279182d5f39b,8.0,114,0,0.2025,batch-1-400-0826
tools/ladder.sh,2026-09-26T18:44:39Z,PHerc0826-seed268,1,no,0,0,no patch written,cc2115a6dc553cf0,5.0,113,0,0.3679,batch-1-400-0826
tools/ladder.sh,2026-09-26T18:44:57Z,PHerc0826-seed269,1,no,0,0,no patch written,2975dbf648692ffe,8.0,114,0,0.3204,batch-1-400-0826
tools/ladder.sh,2026-09-26T18:45:15Z,PHerc0826-seed272,1,no,0,0,no patch written,87dc685e5c966b4a,1.4,115,0,0.2018,batch-1-400-0826
tools/ladder.sh,2026-09-26T18:45:33Z,PHerc0826-seed275,1,no,0,0,no patch written,e9016f186abe653c,0.2,115,0,0.4674,batch-1-400-0826
tools/ladder.sh,2026-09-26T18:45:51Z,PHerc0826-seed277,1,no,0,0,no patch written,35e10380ffee0d4c,0.1,115,0,0.3707,batch-1-400-0826
tools/ladder.sh,2026-09-26T18:46:09Z,PHerc0826-seed278,1,no,0,0,no patch written,b15409fee4bd257d,0.2,115,0,0.1748,batch-1-400-0826
tools/ladder.sh,2026-09-26T18:46:27Z,PHerc0826-seed281,1,no,0,0,no patch written,c676f89a79b61476,0.2,115,0,0.2796,batch-1-400-0826
tools/ladder.sh,2026-09-26T18:47:21Z,PHerc0826-seed283,0,no,36,237,ended by itself,b0160d683c425eee,0.1,115,0,0.1834,batch-1-400-0826
tools/ladder.sh,2026-09-26T18:47:39Z,PHerc0826-seed287,1,no,0,0,no patch written,412b5d9de8c53647,0.1,115,0,0.2646,batch-1-400-0826
tools/ladder.sh,2026-09-26T18:47:57Z,PHerc0826-seed297,1,no,0,0,no patch written,aea9151df42b5646,0.4,115,0,0.2860,batch-1-400-0826
tools/ladder.sh,2026-09-26T18:48:33Z,PHerc0826-seed310,1,no,0,0,no patch written,32018f921cefee36,1.5,114,1,0.1294,batch-1-400-0826
tools/ladder.sh,2026-09-26T18:48:51Z,PHerc0826-seed311,1,no,0,0,no patch written,df731758dfa5c1fa,1.5,112,1,0.4294,batch-1-400-0826
tools/ladder.sh,2026-09-26T18:49:09Z,PHerc0826-seed312,1,no,0,0,no patch written,716f84e7f6a84ef9,1.4,111,1,0.3193,batch-1-400-0826
tools/ladder.sh,2026-09-26T18:49:45Z,PHerc0826-seed315,1,no,0,0,no patch written,f9e0a0730643d503,3.1,109,2,0.3289,batch-1-400-0826
tools/ladder.sh,2026-09-26T18:50:15Z,PHerc0826-seed300,124,yes,120,0,still growing at the cap,5facb1613a2a29cc,0.1,115,0,0.1298,batch-1-400-0826
tools/ladder.sh,2026-09-26T18:50:39Z,PHerc0826-seed324,1,no,0,0,no patch written,5da6af7c7d066be0,4.3,107,3,0.3414,batch-1-400-0826
tools/ladder.sh,2026-09-26T18:50:50Z,PHerc0826-seed323,0,no,29,192,ended by itself,8867ee7070e0fc1b,3.5,110,3,0.2056,batch-1-400-0826
tools/ladder.sh,2026-09-26T18:50:57Z,PHerc0826-seed325,1,no,0,0,no patch written,0a7fafcd1149fc21,3.3,108,3,0.3050,batch-1-400-0826
tools/ladder.sh,2026-09-26T18:51:15Z,PHerc0826-seed330,1,no,0,0,no patch written,8d84589af9d1b567,2.8,107,2,0.1966,batch-1-400-0826
tools/ladder.sh,2026-09-26T18:51:27Z,PHerc0826-seed314,124,yes,120,0,still growing at the cap,c689199dde7935b7,1.4,111,1,0.1953,batch-1-400-0826
tools/ladder.sh,2026-09-26T18:51:33Z,PHerc0826-seed335,1,no,0,0,no patch written,27635ec79d6fca60,2.1,111,2,0.2533,batch-1-400-0826
tools/ladder.sh,2026-09-26T18:51:51Z,PHerc0826-seed337,1,no,0,0,no patch written,626ded2f63d0b6a8,1.4,111,1,0.2334,batch-1-400-0826
tools/ladder.sh,2026-09-26T18:52:03Z,PHerc0826-seed321,124,yes,120,0,still growing at the cap,d1580809b1b0aa91,2.9,108,2,0.2231,batch-1-400-0826
tools/ladder.sh,2026-09-26T18:52:12Z,PHerc0826-seed343,0,no,3,17,ended by itself,49240fc4871bd40a,0.6,116,1,0.1968,batch-1-400-0826
tools/ladder.sh,2026-09-26T18:52:27Z,PHerc0826-seed344,1,no,0,0,no patch written,473c38b20462c915,0.1,115,0,0.1787,batch-1-400-0826
tools/ladder.sh,2026-09-26T18:52:45Z,PHerc0826-seed345,1,no,0,0,no patch written,30a6cd11340044a3,0.1,116,0,0.2552,batch-1-400-0826
tools/ladder.sh,2026-09-26T18:53:03Z,PHerc0826-seed347,1,no,0,0,no patch written,30d03348cbf70827,0.1,116,0,0.1619,batch-1-400-0826
tools/ladder.sh,2026-09-26T18:53:36Z,PHerc0826-seed350,0,no,15,80,ended by itself,f17833fb7248d8da,0.1,116,0,0.2533,batch-1-400-0826
tools/ladder.sh,2026-09-26T18:53:39Z,PHerc0826-seed351,1,no,0,0,no patch written,8b268239f05bedeb,1.0,116,1,0.1854,batch-1-400-0826
tools/ladder.sh,2026-09-26T18:53:57Z,PHerc0826-seed356,1,no,0,0,no patch written,74acf961f17009f7,0.1,116,0,0.1433,batch-1-400-0826
tools/ladder.sh,2026-09-26T18:54:15Z,PHerc0826-seed361,1,no,0,0,no patch written,b26f3c7fadb0072d,0.0,116,0,0.2336,batch-1-400-0826
tools/ladder.sh,2026-09-26T18:54:33Z,PHerc0826-seed367,1,no,0,0,no patch written,05b8b1fd2f3b2cd4,0.0,116,0,0.1856,batch-1-400-0826
tools/ladder.sh,2026-09-26T18:54:51Z,PHerc0826-seed370,1,no,0,0,no patch written,6d10668286a64b72,0.0,116,0,0.3204,batch-1-400-0826
tools/ladder.sh,2026-09-26T18:55:14Z,PHerc0826-seed374,0,no,5,26,ended by itself,587de18ce37c7bc9,0.0,116,0,0.1301,batch-1-400-0826
tools/ladder.sh,2026-09-26T18:55:27Z,PHerc0826-seed376,1,no,0,0,no patch written,6f0401a53d5461a7,0.0,115,0,0.1433,batch-1-400-0826
tools/ladder.sh,2026-09-26T18:55:45Z,PHerc0826-seed383,1,no,0,0,no patch written,7669d0c1b7ee522c,0.0,116,0,0.2646,batch-1-400-0826
tools/ladder.sh,2026-09-26T18:56:06Z,PHerc0826-seed385,0,no,3,15,ended by itself,7905d40c214999d4,0.0,116,0,0.2147,batch-1-400-0826
tools/ladder.sh,2026-09-26T18:56:21Z,PHerc0826-seed386,1,no,0,0,no patch written,b316cd8b75cbcfcd,0.1,116,0,0.3821,batch-1-400-0826
tools/ladder.sh,2026-09-26T18:56:39Z,PHerc0826-seed387,1,no,0,0,no patch written,28b3ec351b1b696d,0.1,116,0,0.2835,batch-1-400-0826
tools/ladder.sh,2026-09-26T18:57:11Z,PHerc0826-seed389,0,no,14,50,ended by itself,d889fc27913925cc,0.1,116,0,0.2147,batch-1-400-0826
tools/ladder.sh,2026-09-26T18:57:51Z,PHerc0826-seed393,1,no,1,0,no patch written,dd8c7cef18962168,0.7,115,0,0.2231,batch-1-400-0826
tools/ladder.sh,2026-09-26T20:30:53Z,PHerc0826-seed406,1,no,0,0,no patch written,49d639d2137f4d54,6.3,107,0,0.1952,batch-401-2400-0826
tools/ladder.sh,2026-09-26T20:31:11Z,PHerc0826-seed408,1,no,0,0,no patch written,ab511a5aa38866d6,7.5,107,0,0.2147,batch-401-2400-0826
tools/ladder.sh,2026-09-26T20:31:30Z,PHerc0826-seed417,1,no,1,0,no patch written,bb7e68c30a3554b9,5.4,107,0,0.2987,batch-401-2400-0826
tools/ladder.sh,2026-09-26T20:31:48Z,PHerc0826-seed419,1,no,0,0,no patch written,f082dedd98b4e9d5,3.5,107,0,0.1953,batch-401-2400-0826
tools/ladder.sh,2026-09-26T20:32:26Z,PHerc0826-seed420,0,no,20,119,ended by itself,fecf632deafe9453,3.4,108,0,0.1998,batch-401-2400-0826
tools/ladder.sh,2026-09-26T20:32:44Z,PHerc0826-seed430,139,no,2,0,no patch written,df8f815145b6cc21,4.8,107,1,0.0368,batch-401-2400-0826
tools/ladder.sh,2026-09-26T20:33:11Z,PHerc0826-seed432,0,no,11,71,ended by itself,9e70576e799d999c,4.8,106,1,0.1944,batch-401-2400-0826
tools/ladder.sh,2026-09-26T20:33:20Z,PHerc0826-seed433,139,no,2,0,no patch written,1535e526b0e64d77,5.3,105,2,0.1512,batch-401-2400-0826
tools/ladder.sh,2026-09-26T20:33:36Z,PHerc0826-seed434,1,no,0,0,no patch written,e3be1c5eef16a8fb,4.7,104,1,0.1135,batch-401-2400-0826
tools/ladder.sh,2026-09-26T20:33:50Z,PHerc0826-seed422,0,no,86,587,ended by itself,212a1b94dc1ab61b,4.6,107,1,0.0855,batch-401-2400-0826
tools/ladder.sh,2026-09-26T20:33:55Z,PHerc0826-seed435,1,no,1,0,no patch written,f70a1fa8880a5b4b,4.0,109,1,0.2235,batch-401-2400-0826
tools/ladder.sh,2026-09-26T20:34:13Z,PHerc0826-seed436,1,no,0,0,no patch written,ea6e3508a1fbebd4,3.4,109,0,0.1832,batch-401-2400-0826
tools/ladder.sh,2026-09-26T20:34:31Z,PHerc0826-seed440,0,no,0,1,ended by itself,c880cf1bb97a9865,3.4,109,0,0.2970,batch-401-2400-0826
tools/ladder.sh,2026-09-26T20:34:49Z,PHerc0826-seed442,1,no,0,0,no patch written,6f4ea145c77395a8,3.5,109,0,0.1178,batch-401-2400-0826
tools/ladder.sh,2026-09-26T20:35:16Z,PHerc0826-seed444,0,no,9,42,ended by itself,b5191f82a57e1f8b,3.4,109,0,0.1997,batch-401-2400-0826
tools/ladder.sh,2026-09-26T20:35:25Z,PHerc0826-seed446,1,no,0,0,no patch written,2b3f1b566616f239,3.5,109,1,0.2098,batch-401-2400-0826
tools/ladder.sh,2026-09-26T20:35:47Z,PHerc0826-seed450,0,no,4,18,ended by itself,2ed9b550b206cdcc,3.5,109,0,0.2046,batch-401-2400-0826
tools/ladder.sh,2026-09-26T20:36:02Z,PHerc0826-seed452,1,no,1,0,no patch written,291aa17334c9a797,3.4,109,0,0.2311,batch-401-2400-0826
tools/ladder.sh,2026-09-26T20:36:20Z,PHerc0826-seed454,1,no,1,0,no patch written,472d38130dd11303,3.4,109,0,0.2621,batch-401-2400-0826
tools/ladder.sh,2026-09-26T20:36:38Z,PHerc0826-seed459,1,no,1,0,no patch written,1dc16ed23001eb4e,2.7,109,0,0.1223,batch-401-2400-0826
tools/ladder.sh,2026-09-26T20:37:02Z,PHerc0826-seed461,0,no,6,41,ended by itself,faa5703b97faf106,2.4,109,0,0.1939,batch-401-2400-0826
tools/ladder.sh,2026-09-26T20:37:14Z,PHerc0826-seed462,1,no,0,0,no patch written,4acdee2b9a19c55d,2.4,109,0,0.0894,batch-401-2400-0826
tools/ladder.sh,2026-09-26T20:37:32Z,PHerc0826-seed463,1,no,0,0,no patch written,509605777c89a460,2.4,109,0,0.2670,batch-401-2400-0826
tools/ladder.sh,2026-09-26T20:37:53Z,PHerc0826-seed464,0,no,3,18,ended by itself,a9acfabb4ec2adf0,1.4,110,0,0.1874,batch-401-2400-0826
tools/ladder.sh,2026-09-26T20:38:08Z,PHerc0826-seed465,1,no,0,0,no patch written,0f22b2c6e73469e6,1.4,110,0,0.2406,batch-401-2400-0826
tools/ladder.sh,2026-09-26T20:38:26Z,PHerc0826-seed469,1,no,0,0,no patch written,7e9fb1354d0a2917,1.4,110,0,0.2294,batch-401-2400-0826
tools/ladder.sh,2026-09-26T20:38:44Z,PHerc0826-seed475,1,no,0,0,no patch written,3712ef82e865634e,1.4,110,0,0.1581,batch-401-2400-0826
tools/ladder.sh,2026-09-26T20:39:02Z,PHerc0826-seed483,1,no,0,0,no patch written,362832de54dcffc3,1.4,110,0,0.2422,batch-401-2400-0826
tools/ladder.sh,2026-09-26T20:39:57Z,PHerc0826-seed494,0,no,19,123,ended by itself,7e4ad8c8a9b0bf5c,2.9,108,1,0.1575,batch-401-2400-0826
tools/ladder.sh,2026-09-26T20:39:59Z,PHerc0826-seed501,0,no,3,7,ended by itself,b850828d3a0feada,4.1,105,2,0.2609,batch-401-2400-0826
tools/ladder.sh,2026-09-26T20:41:14Z,PHerc0826-seed521,1,no,0,0,no patch written,80e9df5644bb3a86,4.3,103,2,0.2695,batch-401-2400-0826
tools/ladder.sh,2026-09-26T20:41:18Z,PHerc0826-seed511,139,no,23,0,no patch written,72c8a4b094951713,2.8,105,1,0.0751,batch-401-2400-0826
tools/ladder.sh,2026-09-26T20:41:20Z,PHerc0826-seed485,124,yes,120,0,still growing at the cap,1cb6347a3679cf1f,1.4,110,0,0.1537,batch-401-2400-0826
tools/ladder.sh,2026-09-26T20:41:32Z,PHerc0826-seed526,1,no,0,0,no patch written,3091307bb6ebce79,1.4,110,0,0.2378,batch-401-2400-0826
tools/ladder.sh,2026-09-26T20:41:57Z,PHerc0826-seed539,0,no,7,39,ended by itself,6769fe5fcc99aaf1,1.4,110,0,0.2522,batch-401-2400-0826
tools/ladder.sh,2026-09-26T20:42:08Z,PHerc0826-seed548,1,no,0,0,no patch written,6a746e1c4c9d6022,1.4,114,0,0.2066,batch-401-2400-0826
tools/ladder.sh,2026-09-26T20:42:27Z,PHerc0826-seed557,0,no,1,4,ended by itself,0c65689d3ebf6e6d,3.8,113,0,0.1748,batch-401-2400-0826
tools/ladder.sh,2026-09-26T20:42:44Z,PHerc0826-seed560,1,no,0,0,no patch written,48ee8cb1a20b349d,4.2,113,0,0.2835,batch-401-2400-0826
tools/ladder.sh,2026-09-26T20:43:02Z,PHerc0826-seed564,1,no,0,0,no patch written,cf9775c62bbba03f,2.0,113,0,0.2880,batch-401-2400-0826
tools/ladder.sh,2026-09-26T20:43:20Z,PHerc0826-seed566,1,no,0,0,no patch written,a910f8f5add0c5aa,2.8,112,0,0.2349,batch-401-2400-0826
tools/ladder.sh,2026-09-26T20:43:38Z,PHerc0826-seed574,1,no,0,0,no patch written,58f2d52e7038bc59,2.5,111,0,0.2072,batch-401-2400-0826
tools/ladder.sh,2026-09-26T20:43:56Z,PHerc0826-seed576,1,no,0,0,no patch written,c5106d30e3b15b21,2.5,111,0,0.0868,batch-401-2400-0826
tools/ladder.sh,2026-09-26T20:44:14Z,PHerc0826-seed579,1,no,0,0,no patch written,647cf8a2dffbf775,2.4,111,0,0.2970,batch-401-2400-0826
tools/ladder.sh,2026-09-26T20:44:51Z,PHerc0826-seed597,0,no,0,1,ended by itself,ea384fef9e9b20a8,3.8,108,1,0.2499,batch-401-2400-0826
tools/ladder.sh,2026-09-26T20:45:01Z,PHerc0826-seed596,0,no,29,161,ended by itself,f44cbdbfadebfb14,2.5,110,0,0.1134,batch-401-2400-0826
tools/ladder.sh,2026-09-26T20:45:09Z,PHerc0826-seed603,1,no,0,0,no patch written,7766a48948aef258,2.7,110,1,0.0855,batch-401-2400-0826
tools/ladder.sh,2026-09-26T20:45:27Z,PHerc0826-seed604,1,no,0,0,no patch written,9b322d189bbbe041,2.4,110,0,0.2072,batch-401-2400-0826
tools/ladder.sh,2026-09-26T20:45:45Z,PHerc0826-seed614,1,no,0,0,no patch written,457cd0b5a054deba,2.4,110,0,0.1894,batch-401-2400-0826
tools/ladder.sh,2026-09-26T20:46:03Z,PHerc0826-seed621,1,no,0,0,no patch written,fde011dc22508693,2.4,110,0,0.2191,batch-401-2400-0826
tools/ladder.sh,2026-09-26T20:46:21Z,PHerc0826-seed625,1,no,0,0,no patch written,1ca745f444597af6,2.4,110,0,0.2750,batch-401-2400-0826
tools/ladder.sh,2026-09-26T20:46:39Z,PHerc0826-seed629,1,no,0,0,no patch written,db21b1590f6e08af,2.5,110,0,0.2860,batch-401-2400-0826
tools/ladder.sh,2026-09-26T20:46:57Z,PHerc0826-seed631,1,no,0,0,no patch written,e915d69447f1585a,2.5,110,0,0.2678,batch-401-2400-0826
tools/ladder.sh,2026-09-26T20:47:33Z,PHerc0826-seed635,1,no,0,0,no patch written,389fe7a303ed440f,3.8,108,1,0.2098,batch-401-2400-0826
tools/ladder.sh,2026-09-26T20:47:51Z,PHerc0826-seed642,1,no,0,0,no patch written,d41dc0105f7cad84,3.9,107,1,0.2421,batch-401-2400-0826
tools/ladder.sh,2026-09-26T20:48:09Z,PHerc0826-seed646,1,no,0,0,no patch written,db8e12fca2b5b2b3,2.9,107,1,0.2564,batch-401-2400-0826
tools/ladder.sh,2026-09-26T20:48:45Z,PHerc0826-seed667,1,no,0,0,no patch written,a312fed8d846d339,4.1,104,2,0.1778,batch-401-2400-0826
tools/ladder.sh,2026-09-26T20:49:03Z,PHerc0826-seed669,1,no,0,0,no patch written,bfecca19cc1d50a3,4.0,104,2,0.1916,batch-401-2400-0826
tools/ladder.sh,2026-09-26T20:49:15Z,PHerc0826-seed633,124,yes,120,0,still growing at the cap,b785ae314b6803fa,2.5,110,0,0.2036,batch-401-2400-0826
tools/ladder.sh,2026-09-26T20:49:21Z,PHerc0826-seed672,1,no,0,0,no patch written,d3c779a32408259f,3.4,107,2,0.1135,batch-401-2400-0826
tools/ladder.sh,2026-09-26T20:49:39Z,PHerc0826-seed685,1,no,0,0,no patch written,d6bc8eacfa71868d,2.6,107,1,0.2066,batch-401-2400-0826
tools/ladder.sh,2026-09-26T20:49:58Z,PHerc0826-seed687,0,no,1,2,ended by itself,7c88199b48fb36d9,3.7,106,1,0.1223,batch-401-2400-0826
tools/ladder.sh,2026-09-26T20:50:27Z,PHerc0826-seed653,124,yes,120,0,still growing at the cap,059f0d2540f63b3b,2.8,106,1,0.1726,batch-401-2400-0826
tools/ladder.sh,2026-09-26T20:50:54Z,PHerc0826-seed688,1,no,0,0,no patch written,b79259638e73a2dc,2.8,108,0,0.2267,batch-401-2400-0826
tools/ladder.sh,2026-09-26T20:51:12Z,PHerc0826-seed690,1,no,0,0,no patch written,3feeb4b061540289,2.9,107,0,0.2847,batch-401-2400-0826
tools/ladder.sh,2026-09-26T20:51:30Z,PHerc0826-seed694,1,no,0,0,no patch written,acb8e5dc251f7a24,2.9,106,0,0.2683,batch-401-2400-0826
tools/ladder.sh,2026-09-26T20:52:02Z,PHerc0826-seed695,0,no,14,74,ended by itself,62baf34fee263355,2.8,106,0,0.2193,batch-401-2400-0826
tools/ladder.sh,2026-09-26T20:52:24Z,PHerc0826-seed710,1,no,0,0,no patch written,491b5c8d458ad038,5.2,103,1,0.2147,batch-401-2400-0826
tools/ladder.sh,2026-09-26T20:52:26Z,PHerc0826-seed699,0,no,20,102,ended by itself,1c89d3adcd34edce,3.4,105,1,0.1856,batch-401-2400-0826
tools/ladder.sh,2026-09-26T20:52:42Z,PHerc0826-seed717,1,no,0,0,no patch written,733445a0675206da,3.7,104,0,0.1559,batch-401-2400-0826
tools/ladder.sh,2026-09-26T20:53:01Z,PHerc0826-seed723,0,no,1,6,ended by itself,c031970c5de2ad3f,3.0,105,0,0.2925,batch-401-2400-0826
tools/ladder.sh,2026-09-26T20:53:18Z,PHerc0826-seed726,1,no,0,0,no patch written,c053a911ffa3b0b7,4.1,103,0,0.2847,batch-401-2400-0826
tools/ladder.sh,2026-09-26T20:53:36Z,PHerc0826-seed734,1,no,0,0,no patch written,6034234a2a91dae3,4.3,103,0,0.2522,batch-401-2400-0826
tools/ladder.sh,2026-09-26T20:53:54Z,PHerc0826-seed744,1,no,0,0,no patch written,beb7e878ca2a8929,4.0,102,0,0.2084,batch-401-2400-0826
tools/ladder.sh,2026-09-26T20:54:12Z,PHerc0826-seed757,1,no,0,0,no patch written,a3ffcb5562a7de52,4.2,102,0,0.1943,batch-401-2400-0826
tools/ladder.sh,2026-09-26T20:54:30Z,PHerc0826-seed768,1,no,0,0,no patch written,b7a758bfc9d01c1c,4.1,102,0,0.1573,batch-401-2400-0826
tools/ladder.sh,2026-09-26T20:54:48Z,PHerc0826-seed775,1,no,0,0,no patch written,0c8e5f39f44cca85,4.0,102,0,0.2750,batch-401-2400-0826
tools/ladder.sh,2026-09-26T20:55:06Z,PHerc0826-seed777,1,no,0,0,no patch written,204d4b126fc6be1e,4.1,105,0,0.2204,batch-401-2400-0826
tools/ladder.sh,2026-09-26T20:55:24Z,PHerc0826-seed779,1,no,0,0,no patch written,679c2e02f29e6c12,3.7,105,0,0.2198,batch-401-2400-0826
tools/ladder.sh,2026-09-26T20:56:00Z,PHerc0826-seed796,1,no,0,0,no patch written,15304ecdc9e06ad5,4.3,103,1,0.2455,batch-401-2400-0826
tools/ladder.sh,2026-09-26T20:56:18Z,PHerc0826-seed799,1,no,0,0,no patch written,53f2b71965ffbb42,4.3,102,1,0.2156,batch-401-2400-0826
tools/ladder.sh,2026-09-26T20:56:36Z,PHerc0826-seed801,1,no,0,0,no patch written,0cc3c7e9297cc0c4,4.1,101,1,0.2413,batch-401-2400-0826
tools/ladder.sh,2026-09-26T20:56:55Z,PHerc0826-seed814,0,no,1,2,ended by itself,67e9574f698e0b65,4.1,101,1,0.2681,batch-401-2400-0826
tools/ladder.sh,2026-09-26T20:57:19Z,PHerc0826-seed820,0,no,7,36,ended by itself,016777d15bb4da13,4.1,101,1,0.2412,batch-401-2400-0826
tools/ladder.sh,2026-09-26T20:57:40Z,PHerc0826-seed826,0,no,10,56,ended by itself,d89aa60f2a3a7470,4.1,101,1,0.2311,batch-401-2400-0826
tools/ladder.sh,2026-09-26T20:57:42Z,PHerc0826-seed782,124,yes,120,0,still growing at the cap,c58641ea29b03fa2,3.7,105,0,0.2066,batch-401-2400-0826
tools/ladder.sh,2026-09-26T20:57:49Z,PHerc0826-seed827,1,no,1,0,no patch written,92cb08d798e00db1,3.5,105,2,0.2695,batch-401-2400-0826
tools/ladder.sh,2026-09-26T20:58:07Z,PHerc0826-seed829,1,no,1,0,no patch written,100d8e56634a3388,2.6,105,0,0.0616,batch-401-2400-0826
tools/ladder.sh,2026-09-26T20:58:28Z,PHerc0826-seed831,0,no,4,13,ended by itself,a5185c7d5968ab50,2.7,105,0,0.1865,batch-401-2400-0826
tools/ladder.sh,2026-09-26T20:58:45Z,PHerc0826-seed847,1,no,0,0,no patch written,1ccbc18c284a5865,3.7,105,0,0.1299,batch-401-2400-0826
tools/ladder.sh,2026-09-26T20:59:03Z,PHerc0826-seed865,1,no,0,0,no patch written,e70b113a1031a260,3.8,104,0,0.2860,batch-401-2400-0826
tools/ladder.sh,2026-09-26T20:59:22Z,PHerc0826-seed866,0,no,1,4,ended by itself,eb6128e01b234353,3.0,105,0,0.2078,batch-401-2400-0826
tools/ladder.sh,2026-09-26T20:59:39Z,PHerc0826-seed870,1,no,0,0,no patch written,5456f90b21f787e7,4.2,103,0,0.1290,batch-401-2400-0826
tools/ladder.sh,2026-09-26T20:59:57Z,PHerc0826-seed885,1,no,0,0,no patch written,768b82dd8a1b886f,4.2,101,0,0.2280,batch-401-2400-0826
tools/ladder.sh,2026-09-26T21:01:01Z,PHerc0826-seed890,0,no,6,32,ended by itself,57bde30d17e609b9,4.4,100,0,0.1333,batch-401-2400-0826
tools/ladder.sh,2026-09-26T21:01:16Z,PHerc0826-seed891,1,no,1,0,no patch written,84403b6dcbff5e42,4.1,100,0,0.1353,batch-401-2400-0826
tools/ladder.sh,2026-09-26T21:01:49Z,PHerc0826-seed905,1,no,0,0,no patch written,59b5207f426925ce,3.7,100,0,0.2206,batch-401-2400-0826
tools/ladder.sh,2026-09-26T21:02:19Z,PHerc0826-seed906,0,no,4,20,ended by itself,346281e7ca27a69c,4.4,100,0,0.1035,batch-401-2400-0826
tools/ladder.sh,2026-09-26T21:02:43Z,PHerc0826-seed909,1,no,0,0,no patch written,9c5cd180ca351bed,4.5,100,0,0.2214,batch-401-2400-0826
tools/ladder.sh,2026-09-26T21:03:10Z,PHerc0826-seed914,1,no,0,0,no patch written,68e9cf48ba89a354,4.4,100,0,0.2609,batch-401-2400-0826
tools/ladder.sh,2026-09-26T21:03:38Z,PHerc0826-seed915,1,no,0,0,no patch written,44da7746c4bc4e51,4.5,100,0,0.2725,batch-401-2400-0826
tools/ladder.sh,2026-09-26T21:04:01Z,PHerc0826-seed922,1,no,0,0,no patch written,8f5284d117f0017d,4.3,100,0,0.1448,batch-401-2400-0826
tools/ladder.sh,2026-09-26T21:04:29Z,PHerc0826-seed926,1,no,0,0,no patch written,7583649aed992ed5,4.4,100,0,0.2235,batch-401-2400-0826
tools/ladder.sh,2026-09-26T21:04:51Z,PHerc0826-seed927,1,no,0,0,no patch written,a8185d546a93a9b3,4.2,100,0,0.2294,batch-401-2400-0826
tools/ladder.sh,2026-09-26T21:05:35Z,PHerc0826-seed928,0,no,8,51,ended by itself,2fd475911ec17bf2,6.0,104,0,0.2520,batch-401-2400-0826
tools/ladder.sh,2026-09-26T21:05:53Z,PHerc0826-seed929,1,no,0,0,no patch written,1a5bf8bbcb41c969,6.2,104,0,0.2681,batch-401-2400-0826
tools/ladder.sh,2026-09-26T21:06:21Z,PHerc0826-seed930,0,no,3,15,ended by itself,6280bc1a28f11e7d,4.0,105,0,0.1998,batch-401-2400-0826
tools/ladder.sh,2026-09-26T21:07:30Z,PHerc0826-seed935,1,no,1,0,no patch written,279a4d50c1694cff,5.4,103,1,0.1894,batch-401-2400-0826
tools/ladder.sh,2026-09-26T21:07:56Z,PHerc0826-seed939,1,no,0,0,no patch written,a564610cbc5f66a4,5.6,101,1,0.2564,batch-401-2400-0826
tools/ladder.sh,2026-09-26T21:08:28Z,PHerc0826-seed940,0,no,7,50,ended by itself,f55daaf57c0a4faa,7.5,104,1,0.0598,batch-401-2400-0826
tools/ladder.sh,2026-09-26T21:08:47Z,PHerc0826-seed948,1,no,1,0,no patch written,4a570c2be4ac7a93,4.3,104,1,0.1877,batch-401-2400-0826
tools/ladder.sh,2026-09-26T21:09:02Z,PHerc0826-seed932,124,yes,120,0,still growing at the cap,57ae5b6d5dcd964a,3.9,105,0,0.1448,batch-401-2400-0826
tools/ladder.sh,2026-09-26T21:11:08Z,PHerc0826-seed967,0,no,4,19,ended by itself,c228e9788e38a883,5.7,97,3,0.2310,batch-401-2400-0826
tools/ladder.sh,2026-09-26T21:11:09Z,PHerc0826-seed958,124,yes,120,0,still growing at the cap,d4ebceab4ab498d8,4.3,109,1,0.1953,batch-401-2400-0826
tools/ladder.sh,2026-09-26T21:11:28Z,PHerc0826-seed969,1,no,0,0,no patch written,585ba128f2900828,7.1,100,2,0.2558,batch-401-2400-0826
tools/ladder.sh,2026-09-26T21:11:36Z,PHerc0826-seed959,124,yes,120,0,still growing at the cap,69a3258bd1eafa73,5.3,107,1,0.2112,batch-401-2400-0826
tools/ladder.sh,2026-09-26T21:11:58Z,PHerc0826-seed979,0,no,0,1,ended by itself,83faf6ec3dd3259c,5.4,102,1,0.0855,batch-401-2400-0826
tools/ladder.sh,2026-09-26T21:12:01Z,PHerc0826-seed966,124,yes,122,0,still growing at the cap,4e06a15bdfa5d931,7.2,103,2,0.2747,batch-401-2400-0826
tools/ladder.sh,2026-09-26T21:12:30Z,PHerc0826-seed980,1,no,0,0,no patch written,86373abdee1ee245,4.1,105,0,0.2360,batch-401-2400-0826
tools/ladder.sh,2026-09-26T21:13:06Z,PHerc0826-seed990,1,no,0,0,no patch written,3fefac679c6d2ff0,3.5,105,0,0.0479,batch-401-2400-0826
tools/ladder.sh,2026-09-26T21:13:32Z,PHerc0826-seed992,1,no,0,0,no patch written,74a614a5cec3d0e5,3.3,110,0,0.2406,batch-401-2400-0826
tools/ladder.sh,2026-09-26T21:13:59Z,PHerc0826-seed1000,139,no,2,0,no patch written,610290238debf55d,3.7,108,0,0.2835,batch-401-2400-0826
tools/ladder.sh,2026-09-26T21:14:22Z,PHerc0826-seed1003,1,no,0,0,no patch written,6a05043ea0ef4306,1.5,107,0,0.1938,batch-401-2400-0826
tools/ladder.sh,2026-09-26T21:14:47Z,PHerc0826-seed1009,1,no,0,0,no patch written,e7151d0825f34348,3.0,106,0,0.0363,batch-401-2400-0826
tools/ladder.sh,2026-09-26T21:15:10Z,PHerc0826-seed1010,1,no,1,0,no patch written,d6b96b752e4c3213,3.0,106,0,0.2805,batch-401-2400-0826
tools/ladder.sh,2026-09-26T21:15:36Z,PHerc0826-seed1011,1,no,1,0,no patch written,0ca009bd2c43ee11,3.6,105,0,0.1832,batch-401-2400-0826
tools/ladder.sh,2026-09-26T21:16:03Z,PHerc0826-seed1018,1,no,0,0,no patch written,adafad01e48af103,3.4,105,0,0.2552,batch-401-2400-0826
tools/ladder.sh,2026-09-26T21:16:33Z,PHerc0826-seed1021,1,no,0,0,no patch written,4518676b024bd7c1,4.7,102,0,0.1802,batch-401-2400-0826
tools/ladder.sh,2026-09-26T21:16:51Z,PHerc0826-seed1024,1,no,0,0,no patch written,79696762b95ffbfc,4.8,105,0,0.1943,batch-401-2400-0826
tools/ladder.sh,2026-09-26T21:17:28Z,PHerc0826-seed1034,1,no,0,0,no patch written,9e5ce8ceb4ed3ea6,7.4,103,1,0.0438,batch-401-2400-0826
tools/ladder.sh,2026-09-26T21:17:32Z,PHerc0826-seed1025,0,no,23,139,ended by itself,c330205d5ef811f7,5.9,105,0,0.2556,batch-401-2400-0826
tools/ladder.sh,2026-09-26T21:18:40Z,PHerc0826-seed1051,0,no,18,114,ended by itself,467f072b2aea9f27,7.6,99,2,0.1810,batch-401-2400-0826
tools/ladder.sh,2026-09-26T21:18:41Z,PHerc0826-seed1057,1,no,1,0,no patch written,fe574cf97f31516a,7.6,99,3,0.2970,batch-401-2400-0826
tools/ladder.sh,2026-09-26T21:18:56Z,PHerc0826-seed1050,0,no,52,223,ended by itself,7a36d4aa6942e8cf,6.1,103,1,0.2377,batch-401-2400-0826
tools/ladder.sh,2026-09-26T21:18:59Z,PHerc0826-seed1063,1,no,0,0,no patch written,20f2342bad7b594e,7.5,98,2,0.2552,batch-401-2400-0826
tools/ladder.sh,2026-09-26T21:19:17Z,PHerc0826-seed1064,1,no,0,0,no patch written,75e6eed5f9011b75,6.4,98,1,0.1134,batch-401-2400-0826
tools/ladder.sh,2026-09-26T21:19:35Z,PHerc0826-seed1070,1,no,0,0,no patch written,009ae1b79f125191,6.6,98,1,0.1924,batch-401-2400-0826
tools/ladder.sh,2026-09-26T21:19:46Z,PHerc0826-seed1045,124,yes,120,0,still growing at the cap,cbccaf9ef2feb2fb,4.1,104,0,0.2174,batch-401-2400-0826
tools/ladder.sh,2026-09-26T21:19:53Z,PHerc0826-seed1082,1,no,0,0,no patch written,f611931d0df843e8,5.2,102,1,0.2275,batch-401-2400-0826
tools/ladder.sh,2026-09-26T21:21:05Z,PHerc0826-seed1086,0,no,54,389,ended by itself,af7951cff15a37df,3.8,106,0,0.1877,batch-401-2400-0826
tools/ladder.sh,2026-09-26T21:21:09Z,PHerc0826-seed1103,0,no,1,1,ended by itself,ec271430810ef0a4,4.3,109,1,0.2020,batch-401-2400-0826
tools/ladder.sh,2026-09-26T21:21:26Z,PHerc0826-seed1105,1,no,0,0,no patch written,a5cbdfb846b201a5,3.9,107,0,0.2805,batch-401-2400-0826
tools/ladder.sh,2026-09-26T21:21:45Z,PHerc0826-seed1106,1,no,1,0,no patch written,cafc1851dd61bb4d,3.9,106,0,0.1414,batch-401-2400-0826
tools/ladder.sh,2026-09-26T21:22:03Z,PHerc0826-seed1110,1,no,1,0,no patch written,c9bcd8829664ca25,3.7,105,0,0.1035,batch-401-2400-0826
tools/ladder.sh,2026-09-26T21:22:24Z,PHerc0826-seed1111,0,no,4,12,ended by itself,de77739f1007af5d,3.8,105,0,0.2370,batch-401-2400-0826
tools/ladder.sh,2026-09-26T21:22:39Z,PHerc0826-seed1112,1,no,0,0,no patch written,0c7d5b336c3856d5,3.8,105,0,0.2552,batch-401-2400-0826
tools/ladder.sh,2026-09-26T21:22:57Z,PHerc0826-seed1113,1,no,0,0,no patch written,56ef18ea579e5943,3.8,105,0,0.2646,batch-401-2400-0826
tools/ladder.sh,2026-09-26T21:23:15Z,PHerc0826-seed1115,1,no,0,0,no patch written,c9ba250ed62b088c,3.9,105,0,0.1267,batch-401-2400-0826
tools/ladder.sh,2026-09-26T21:23:33Z,PHerc0826-seed1118,1,no,0,0,no patch written,614916eb18524325,3.9,105,0,0.1908,batch-401-2400-0826
tools/ladder.sh,2026-09-26T21:23:51Z,PHerc0826-seed1135,1,no,0,0,no patch written,6dfdb096c7ceb088,3.8,105,0,0.0573,batch-401-2400-0826
tools/ladder.sh,2026-09-26T21:24:09Z,PHerc0826-seed1139,1,no,0,0,no patch written,d994a6a72a0afe14,3.6,105,0,0.2518,batch-401-2400-0826
tools/ladder.sh,2026-09-26T21:24:27Z,PHerc0826-seed1140,1,no,0,0,no patch written,8fe93e44a6b8f0b9,3.7,105,0,0.2552,batch-401-2400-0826
tools/ladder.sh,2026-09-26T21:24:45Z,PHerc0826-seed1146,1,no,0,0,no patch written,53888ca6adaf4e34,3.9,105,0,0.2683,batch-401-2400-0826
tools/ladder.sh,2026-09-26T21:25:03Z,PHerc0826-seed1150,1,no,0,0,no patch written,31d9007a0152371a,2.7,106,0,0.2217,batch-401-2400-0826
tools/ladder.sh,2026-09-26T21:25:45Z,PHerc0826-seed1160,0,no,24,108,ended by itself,b20dd861d79914d7,2.7,106,0,0.2609,batch-401-2400-0826
tools/ladder.sh,2026-09-26T21:25:57Z,PHerc0826-seed1177,1,no,0,0,no patch written,7cc4a9efecd4e53e,3.8,104,1,0.2650,batch-401-2400-0826
tools/ladder.sh,2026-09-26T21:26:01Z,PHerc0826-seed1164,0,no,22,112,ended by itself,fc5e649a6be5c5a1,4.0,104,1,0.1383,batch-401-2400-0826
tools/ladder.sh,2026-09-26T21:26:16Z,PHerc0826-seed1178,1,no,1,0,no patch written,573b50269c7b9210,2.7,106,0,0.0482,batch-401-2400-0826
tools/ladder.sh,2026-09-26T21:26:39Z,PHerc0826-seed1179,0,no,6,36,ended by itself,b94725918194fe0b,2.8,106,0,0.1618,batch-401-2400-0826
tools/ladder.sh,2026-09-26T21:27:28Z,PHerc0826-seed1191,1,no,0,0,no patch written,b28d05e8de702f4c,5.4,101,2,0.2191,batch-401-2400-0826
tools/ladder.sh,2026-09-26T21:27:44Z,PHerc0826-seed1180,0,no,52,276,ended by itself,0595f70dfefd6e51,2.6,105,0,0.1953,batch-401-2400-0826
tools/ladder.sh,2026-09-26T21:28:04Z,PHerc0826-seed1198,1,no,0,0,no patch written,8e65b40396cc6944,5.8,100,2,0.1972,batch-401-2400-0826
tools/ladder.sh,2026-09-26T21:28:22Z,PHerc0826-seed1199,1,no,0,0,no patch written,31b8ccee881f945c,5.5,99,2,0.2806,batch-401-2400-0826
tools/ladder.sh,2026-09-26T21:28:40Z,PHerc0826-seed1202,1,no,0,0,no patch written,2a201e8914736138,5.6,97,2,0.2312,batch-401-2400-0826
tools/ladder.sh,2026-09-26T21:28:59Z,PHerc0826-seed1204,1,no,1,0,no patch written,d9f226994e53b050,5.5,96,2,0.2512,batch-401-2400-0826
tools/ladder.sh,2026-09-26T21:29:10Z,PHerc0826-seed1181,124,yes,120,0,still growing at the cap,8c3a2edb371bcc24,4.3,103,1,0.2290,batch-401-2400-0826
tools/ladder.sh,2026-09-26T21:29:17Z,PHerc0826-seed1206,1,no,0,0,no patch written,ddeffc804c9ba68b,4.6,101,2,0.2609,batch-401-2400-0826
tools/ladder.sh,2026-09-26T21:29:35Z,PHerc0826-seed1207,1,no,0,0,no patch written,3c5ac8c671bb6f93,4.3,101,1,0.2416,batch-401-2400-0826
tools/ladder.sh,2026-09-26T21:29:46Z,PHerc0826-seed1197,124,yes,120,0,still growing at the cap,3e4f2bc85775008b,5.1,103,2,0.0361,batch-401-2400-0826
tools/ladder.sh,2026-09-26T21:29:53Z,PHerc0826-seed1210,1,no,0,0,no patch written,357d47f022f8a68b,4.1,105,1,0.2294,batch-401-2400-0826
tools/ladder.sh,2026-09-26T21:30:11Z,PHerc0826-seed1220,1,no,0,0,no patch written,268459ce7b74e961,3.8,105,0,0.0234,batch-401-2400-0826
tools/ladder.sh,2026-09-26T21:31:09Z,PHerc0826-seed1224,1,no,0,0,no patch written,860e93a158f1a43d,4.1,102,0,0.0894,batch-401-2400-0826
tools/ladder.sh,2026-09-26T21:31:27Z,PHerc0826-seed1229,1,no,0,0,no patch written,decafa335a6078f9,4.1,101,0,0.2987,batch-401-2400-0826
tools/ladder.sh,2026-09-26T21:31:45Z,PHerc0826-seed1230,1,no,0,0,no patch written,1ee70b2c156a28b3,4.0,101,0,0.2603,batch-401-2400-0826
tools/ladder.sh,2026-09-26T21:32:03Z,PHerc0826-seed1233,1,no,0,0,no patch written,2d70e342317d160b,4.2,100,0,0.2536,batch-401-2400-0826
tools/ladder.sh,2026-09-26T21:32:57Z,PHerc0826-seed1264,1,no,0,0,no patch written,57b6c05b64a909c1,6.9,96,2,0.2847,batch-401-2400-0826
tools/ladder.sh,2026-09-26T21:32:58Z,PHerc0826-seed1254,0,no,19,128,ended by itself,a4d35b3b7e57c571,6.6,98,1,0.1352,batch-401-2400-0826
tools/ladder.sh,2026-09-26T21:33:16Z,PHerc0826-seed1269,1,no,1,0,no patch written,8e680ae5e52d3be2,7.2,95,1,0.2312,batch-401-2400-0826
tools/ladder.sh,2026-09-26T21:33:34Z,PHerc0826-seed1272,1,no,0,0,no patch written,ebdd8a609a5a2247,7.2,97,1,0.2444,batch-401-2400-0826
tools/ladder.sh,2026-09-26T21:34:15Z,PHerc0826-seed1281,0,no,5,25,ended by itself,8945279ac9289d00,10.3,93,2,0.1296,batch-401-2400-0826
tools/ladder.sh,2026-09-26T21:34:21Z,PHerc0826-seed1247,124,yes,120,0,still growing at the cap,adf570295d5cc47d,5.0,100,0,0.1745,batch-401-2400-0826
tools/ladder.sh,2026-09-26T21:34:29Z,PHerc0826-seed1285,1,no,0,0,no patch written,cbf6c9b1b25cd7de,9.1,97,2,0.2750,batch-401-2400-0826
tools/ladder.sh,2026-09-26T21:34:47Z,PHerc0826-seed1290,1,no,0,0,no patch written,68835f6178e1d4e5,7.9,96,1,0.1947,batch-401-2400-0826
tools/ladder.sh,2026-09-26T21:35:05Z,PHerc0826-seed1291,1,no,0,0,no patch written,baa76c10d857e8cf,7.7,95,1,0.0548,batch-401-2400-0826
tools/ladder.sh,2026-09-26T21:35:23Z,PHerc0826-seed1298,1,no,0,0,no patch written,d055e45f4eb06916,6.9,95,1,0.2880,batch-401-2400-0826
tools/ladder.sh,2026-09-26T21:35:42Z,PHerc0826-seed1306,1,no,1,0,no patch written,f0ae190b91d941e0,8.2,94,1,0.1877,batch-401-2400-0826
tools/ladder.sh,2026-09-26T21:35:52Z,PHerc0826-seed1278,124,yes,120,0,still growing at the cap,5f995d603d5a2fec,8.7,95,1,0.2552,batch-401-2400-0826
tools/ladder.sh,2026-09-26T21:36:00Z,PHerc0826-seed1312,1,no,0,0,no patch written,e3db799ecf025512,7.1,97,1,0.0810,batch-401-2400-0826
tools/ladder.sh,2026-09-26T21:36:18Z,PHerc0826-seed1316,1,no,0,0,no patch written,6254552019f62f30,7.0,96,0,0.2835,batch-401-2400-0826
tools/ladder.sh,2026-09-26T21:37:12Z,PHerc0826-seed1320,1,no,0,0,no patch written,5a9aa16aa063f4d0,9.1,95,2,0.2072,batch-401-2400-0826
tools/ladder.sh,2026-09-26T21:37:17Z,PHerc0826-seed1318,0,no,23,153,ended by itself,25abebfbfeef8507,6.6,98,1,0.1551,batch-401-2400-0826
tools/ladder.sh,2026-09-26T21:37:27Z,PHerc0826-seed1317,0,no,51,346,ended by itself,a9cf245ee56135d1,5.2,101,0,0.0607,batch-401-2400-0826
tools/ladder.sh,2026-09-26T21:38:08Z,PHerc0826-seed1322,0,no,38,247,ended by itself,06bd06a5303f0556,6.9,99,1,0.1877,batch-401-2400-0826
tools/ladder.sh,2026-09-26T21:38:25Z,PHerc0826-seed1330,1,no,0,0,no patch written,db5d0f5a3a1c9e22,9.1,93,2,0.2206,batch-401-2400-0826
tools/ladder.sh,2026-09-26T21:38:41Z,PHerc0826-seed1324,0,no,52,305,ended by itself,f5deb96358d70fdc,6.9,98,1,0.2400,batch-401-2400-0826
tools/ladder.sh,2026-09-26T21:38:47Z,PHerc0826-seed1332,0,no,4,18,ended by itself,f634d9740218c9ea,8.8,95,2,0.1810,batch-401-2400-0826
tools/ladder.sh,2026-09-26T21:39:02Z,PHerc0826-seed1336,1,no,0,0,no patch written,fa9a764be697b439,7.9,93,1,0.2558,batch-401-2400-0826
tools/ladder.sh,2026-09-26T21:39:20Z,PHerc0826-seed1338,1,no,0,0,no patch written,d0ed804a7c5e3b8b,7.8,93,1,0.1642,batch-401-2400-0826
tools/ladder.sh,2026-09-26T21:39:36Z,PHerc0826-seed1326,0,no,89,562,ended by itself,2ac7022467915e31,9.3,94,2,0.1952,batch-401-2400-0826
tools/ladder.sh,2026-09-26T21:39:38Z,PHerc0826-seed1345,1,no,0,0,no patch written,c0316c0ea9f12c7a,7.4,96,1,0.2311,batch-401-2400-0826
tools/ladder.sh,2026-09-26T21:39:56Z,PHerc0826-seed1349,1,no,0,0,no patch written,a75cdbf05d15ccc8,6.6,95,0,0.2506,batch-401-2400-0826
tools/ladder.sh,2026-09-26T21:40:15Z,PHerc0826-seed1351,1,no,1,0,no patch written,81028277afb1374a,6.5,95,0,0.1966,batch-401-2400-0826
tools/ladder.sh,2026-09-26T21:41:15Z,PHerc0826-seed1361,1,no,0,0,no patch written,281a4739cae6fdfb,6.5,95,0,0.2244,batch-401-2400-0826
tools/ladder.sh,2026-09-26T21:41:34Z,PHerc0826-seed1363,1,no,1,0,no patch written,050630703edf2c98,6.6,95,0,0.0482,batch-401-2400-0826
tools/ladder.sh,2026-09-26T21:41:52Z,PHerc0826-seed1371,1,no,0,0,no patch written,88451fd08cd974a9,6.7,95,0,0.1703,batch-401-2400-0826
tools/ladder.sh,2026-09-26T21:42:28Z,PHerc0826-seed1402,1,no,0,0,no patch written,bebb3819ab3e8b5f,7.3,97,1,0.2303,batch-401-2400-0826
tools/ladder.sh,2026-09-26T21:42:46Z,PHerc0826-seed1406,1,no,0,0,no patch written,6fcf2a5088598acf,6.7,96,1,0.1333,batch-401-2400-0826
tools/ladder.sh,2026-09-26T21:43:05Z,PHerc0826-seed1409,1,no,1,0,no patch written,d76e075739f8860d,6.5,95,1,0.2203,batch-401-2400-0826
tools/ladder.sh,2026-09-26T21:43:23Z,PHerc0826-seed1410,1,no,0,0,no patch written,706d55049af311d1,6.4,95,1,0.2835,batch-401-2400-0826
tools/ladder.sh,2026-09-26T21:43:44Z,PHerc0826-seed1413,0,no,3,13,ended by itself,dfe29aa371709517,6.4,95,1,0.2056,batch-401-2400-0826
tools/ladder.sh,2026-09-26T21:43:59Z,PHerc0826-seed1417,1,no,0,0,no patch written,8e6f2e4119af0104,6.4,95,1,0.2847,batch-401-2400-0826
tools/ladder.sh,2026-09-26T21:44:10Z,PHerc0826-seed1383,124,yes,120,0,still growing at the cap,5533d2bd31b349db,5.6,95,0,0.1679,batch-401-2400-0826
tools/ladder.sh,2026-09-26T21:44:39Z,PHerc0826-seed1439,1,no,0,0,no patch written,2dcaf95cecae9aa3,6.7,97,1,0.1600,batch-401-2400-0826
tools/ladder.sh,2026-09-26T21:44:57Z,PHerc0826-seed1441,1,no,0,0,no patch written,adfc289b5b71037a,6.5,96,1,0.0529,batch-401-2400-0826
tools/ladder.sh,2026-09-26T21:45:33Z,PHerc0826-seed1448,1,no,0,0,no patch written,910cc5f148065847,7.9,93,2,0.2902,batch-401-2400-0826
tools/ladder.sh,2026-09-26T21:45:35Z,PHerc0826-seed1444,0,no,20,101,ended by itself,d281cf42f075d6af,6.2,96,1,0.1907,batch-401-2400-0826
tools/ladder.sh,2026-09-26T21:46:10Z,PHerc0826-seed1456,1,no,0,0,no patch written,a3b83815c6e817c8,7.9,90,2,0.1657,batch-401-2400-0826
tools/ladder.sh,2026-09-26T21:46:18Z,PHerc0826-seed1436,124,yes,121,0,still growing at the cap,8f24151be1c9a0e9,5.3,100,1,0.2066,batch-401-2400-0826
tools/ladder.sh,2026-09-26T21:46:30Z,PHerc0826-seed1468,0,no,2,7,ended by itself,2289086aa1d051e7,6.7,93,1,0.2231,batch-401-2400-0826
tools/ladder.sh,2026-09-26T21:46:47Z,PHerc0826-seed1472,1,no,0,0,no patch written,b6eb24241d1d5b03,6.9,92,1,0.2499,batch-401-2400-0826
tools/ladder.sh,2026-09-26T21:47:08Z,PHerc0826-seed1478,1,no,1,0,no patch written,3c1f61626900b9ec,7.5,90,1,0.1703,batch-401-2400-0826
tools/ladder.sh,2026-09-26T21:47:44Z,PHerc0826-seed1483,1,no,0,0,no patch written,95003aaa1fb7f6ef,8.3,89,2,0.1433,batch-401-2400-0826
tools/ladder.sh,2026-09-26T21:47:52Z,PHerc0826-seed1450,124,yes,121,0,still growing at the cap,4db49be45790f7c4,6.9,92,1,0.2536,batch-401-2400-0826
tools/ladder.sh,2026-09-26T21:47:57Z,PHerc0826-seed1479,0,no,31,152,ended by itself,d8e7dcbfea2c77ff,7.7,90,1,0.2235,batch-401-2400-0826
tools/ladder.sh,2026-09-26T21:48:03Z,PHerc0826-seed1494,1,no,1,0,no patch written,fc58d060abd6395f,7.5,93,1,0.2621,batch-401-2400-0826
tools/ladder.sh,2026-09-26T21:48:21Z,PHerc0826-seed1500,1,no,0,0,no patch written,63a5d9550082168e,6.7,91,0,0.2329,batch-401-2400-0826
tools/ladder.sh,2026-09-26T21:48:42Z,PHerc0826-seed1502,0,no,3,10,ended by itself,cb577f70d8b87649,6.5,96,0,0.2747,batch-401-2400-0826
tools/ladder.sh,2026-09-26T21:49:14Z,PHerc0826-seed1505,0,no,17,100,ended by itself,5a2930622a50f4dc,8.3,94,0,0.2074,batch-401-2400-0826
tools/ladder.sh,2026-09-26T21:49:17Z,PHerc0826-seed1522,0,no,2,7,ended by itself,531106745990420a,9.8,94,1,0.1657,batch-401-2400-0826
tools/ladder.sh,2026-09-26T21:49:54Z,PHerc0826-seed1526,1,no,0,0,no patch written,5ab0086687af8d31,9.2,92,1,0.2564,batch-401-2400-0826
tools/ladder.sh,2026-09-26T21:50:13Z,PHerc0826-seed1528,0,no,0,2,ended by itself,e97364755894b844,8.3,92,1,0.2084,batch-401-2400-0826
tools/ladder.sh,2026-09-26T21:50:31Z,PHerc0826-seed1557,1,no,0,0,no patch written,3c0397f926533d96,9.5,90,1,0.1874,batch-401-2400-0826
tools/ladder.sh,2026-09-26T21:51:33Z,PHerc0826-seed1569,1,no,0,0,no patch written,e7e996fb0239878c,9.2,86,1,0.0512,batch-401-2400-0826
tools/ladder.sh,2026-09-26T21:51:36Z,PHerc0826-seed1524,124,yes,120,0,still growing at the cap,96c9313eca276b50,8.2,94,0,0.1178,batch-401-2400-0826
tools/ladder.sh,2026-09-26T21:51:51Z,PHerc0826-seed1574,1,no,0,0,no patch written,42d64aef12f33341,8.4,90,0,0.2725,batch-401-2400-0826
tools/ladder.sh,2026-09-26T21:52:10Z,PHerc0826-seed1583,1,no,1,0,no patch written,df6ebcf59e8b38a2,8.9,90,0,0.2531,batch-401-2400-0826
tools/ladder.sh,2026-09-26T21:52:28Z,PHerc0826-seed1585,1,no,0,0,no patch written,ee2b9655f5f6e53b,8.9,89,0,0.2609,batch-401-2400-0826
tools/ladder.sh,2026-09-26T21:52:46Z,PHerc0826-seed1590,1,no,0,0,no patch written,f479837918725cb8,8.7,88,0,0.2520,batch-401-2400-0826
tools/ladder.sh,2026-09-26T21:53:04Z,PHerc0826-seed1594,1,no,0,0,no patch written,6a7faebb3c18974a,8.1,89,0,0.2608,batch-401-2400-0826
tools/ladder.sh,2026-09-26T21:53:41Z,PHerc0826-seed1597,1,no,0,0,no patch written,e7f365755313cdaa,10.5,85,1,0.2214,batch-401-2400-0826
tools/ladder.sh,2026-09-26T21:53:59Z,PHerc0826-seed1607,1,no,0,0,no patch written,6e0286f9f358ea9d,12.2,87,1,0.2865,batch-401-2400-0826
tools/ladder.sh,2026-09-26T21:54:18Z,PHerc0826-seed1608,1,no,0,0,no patch written,554b23931e0b0622,10.4,86,1,0.2336,batch-401-2400-0826
tools/ladder.sh,2026-09-26T21:54:36Z,PHerc0826-seed1609,1,no,0,0,no patch written,a613a16253bef636,10.2,86,1,0.1059,batch-401-2400-0826
tools/ladder.sh,2026-09-26T21:54:55Z,PHerc0826-seed1610,1,no,1,0,no patch written,0a31cd6bb8f8a149,10.1,86,1,0.2287,batch-401-2400-0826
tools/ladder.sh,2026-09-26T21:55:22Z,PHerc0826-seed1612,0,no,9,50,ended by itself,1866f73a5da4b1d5,9.3,86,1,0.1400,batch-401-2400-0826
tools/ladder.sh,2026-09-26T21:55:23Z,PHerc0826-seed1595,124,yes,120,0,still growing at the cap,629ce62e825d1296,9.2,87,0,0.1115,batch-401-2400-0826
tools/ladder.sh,2026-09-26T21:55:31Z,PHerc0826-seed1622,1,no,0,0,no patch written,d5f46de559c3444d,8.1,89,2,0.1262,batch-401-2400-0826
tools/ladder.sh,2026-09-26T21:55:50Z,PHerc0826-seed1630,1,no,1,0,no patch written,80406464557e11dc,8.9,89,0,0.2835,batch-401-2400-0826
tools/ladder.sh,2026-09-26T21:56:18Z,PHerc0826-seed1642,0,no,10,61,ended by itself,1069535200acdfaa,8.7,89,0,0.1396,batch-401-2400-0826
tools/ladder.sh,2026-09-26T21:56:32Z,PHerc0826-seed1648,0,no,6,33,ended by itself,b72d257624e35081,9.0,88,1,0.2310,batch-401-2400-0826
tools/ladder.sh,2026-09-26T21:56:44Z,PHerc0826-seed1650,1,no,0,0,no patch written,039829c06e19f0df,8.4,89,0,0.2522,batch-401-2400-0826
tools/ladder.sh,2026-09-26T21:57:03Z,PHerc0826-seed1652,1,no,1,0,no patch written,ad952520f57aa34a,9.0,87,0,0.2512,batch-401-2400-0826
tools/ladder.sh,2026-09-26T21:57:21Z,PHerc0826-seed1656,1,no,0,0,no patch written,40365d73136f29b1,9.3,87,0,0.2646,batch-401-2400-0826
tools/ladder.sh,2026-09-26T21:57:39Z,PHerc0826-seed1659,1,no,0,0,no patch written,fd767d23e0cb9a5e,10.6,91,0,0.2678,batch-401-2400-0826
tools/ladder.sh,2026-09-26T21:57:58Z,PHerc0826-seed1672,1,no,0,0,no patch written,d07f9c62fcebd1f7,9.7,90,0,0.2683,batch-401-2400-0826
tools/ladder.sh,2026-09-26T21:58:16Z,PHerc0826-seed1676,1,no,0,0,no patch written,9f6a5c9879192861,6.4,95,0,0.2370,batch-401-2400-0826
tools/ladder.sh,2026-09-26T21:58:34Z,PHerc0826-seed1678,1,no,0,0,no patch written,194c621215e96b0c,6.4,94,0,0.1296,batch-401-2400-0826
tools/ladder.sh,2026-09-26T21:58:52Z,PHerc0826-seed1683,1,no,0,0,no patch written,07a75313df0f0bd6,6.4,94,0,0.0876,batch-401-2400-0826
tools/ladder.sh,2026-09-26T21:59:17Z,PHerc0826-seed1691,0,no,7,33,ended by itself,afe419df56c0015e,8.1,102,0,0.2074,batch-401-2400-0826
tools/ladder.sh,2026-09-26T21:59:29Z,PHerc0826-seed1698,1,no,0,0,no patch written,55ab2e6162cf0769,9.5,102,0,0.2775,batch-401-2400-0826
tools/ladder.sh,2026-09-26T21:59:47Z,PHerc0826-seed1699,1,no,0,0,no patch written,fcecf6a9c7a58199,7.3,105,0,0.2683,batch-401-2400-0826
tools/ladder.sh,2026-09-26T22:00:24Z,PHerc0826-seed1706,1,no,0,0,no patch written,ea53b3861e88dcb0,6.7,106,1,0.2206,batch-401-2400-0826
tools/ladder.sh,2026-09-26T22:00:46Z,PHerc0826-seed1708,0,no,4,20,ended by itself,200d6e412c4c0930,6.8,106,1,0.2413,batch-401-2400-0826
tools/ladder.sh,2026-09-26T22:02:06Z,PHerc0826-seed1700,124,yes,120,0,still growing at the cap,c72fabb99a909d8b,7.6,107,0,0.1581,batch-401-2400-0826
tools/ladder.sh,2026-09-26T22:03:07Z,PHerc0826-seed1742,1,no,0,0,no patch written,3535bbe525398600,11.1,96,4,0.2023,batch-401-2400-0826
tools/ladder.sh,2026-09-26T22:03:33Z,PHerc0826-seed1751,0,no,2,5,ended by itself,a13fcbadbf13b17a,10.9,93,4,0.1294,batch-401-2400-0826
tools/ladder.sh,2026-09-26T22:03:40Z,PHerc0826-seed1711,124,yes,120,0,still growing at the cap,52eca41585038a11,6.9,105,1,0.1877,batch-401-2400-0826
tools/ladder.sh,2026-09-26T22:03:56Z,PHerc0826-seed1753,1,no,1,0,no patch written,73069edb1029da01,9.4,95,3,0.2000,batch-401-2400-0826
tools/ladder.sh,2026-09-26T22:04:03Z,PHerc0826-seed1722,124,yes,120,0,still growing at the cap,30d81ed84efc934e,3.6,104,2,0.1744,batch-401-2400-0826
tools/ladder.sh,2026-09-26T22:04:18Z,PHerc0826-seed1727,124,yes,120,0,still growing at the cap,3232157a8d011128,7.7,105,2,0.1877,batch-401-2400-0826
tools/ladder.sh,2026-09-26T22:04:37Z,PHerc0826-seed1732,124,yes,120,0,still growing at the cap,b343fd53c064e784,10.2,101,3,0.2290,batch-401-2400-0826
tools/ladder.sh,2026-09-26T22:04:38Z,PHerc0826-seed1756,1,no,0,0,no patch written,7efe3eeb7f9c7d07,5.2,110,1,0.2287,batch-401-2400-0826
tools/ladder.sh,2026-09-26T22:05:23Z,PHerc0826-seed1757,0,no,0,1,ended by itself,aa072257dc005e0b,3.7,110,0,0.2311,batch-401-2400-0826
tools/ladder.sh,2026-09-26T22:06:18Z,PHerc0826-seed1773,1,no,0,0,no patch written,ad2e2649c23b7d42,3.7,110,0,0.1428,batch-401-2400-0826
tools/ladder.sh,2026-09-26T22:06:53Z,PHerc0826-seed1775,1,no,0,0,no patch written,2ea6dcc38f2bc580,2.6,110,0,0.2358,batch-401-2400-0826
tools/ladder.sh,2026-09-26T22:07:37Z,PHerc0826-seed1780,1,no,0,0,no patch written,863fb4b1b6728176,1.5,111,0,0.2552,batch-401-2400-0826
tools/ladder.sh,2026-09-26T22:08:26Z,PHerc0826-seed1781,0,no,3,19,ended by itself,7ba5a6b9bf7fd7b4,1.5,110,0,0.2020,batch-401-2400-0826
tools/ladder.sh,2026-09-26T22:09:10Z,PHerc0826-seed1785,1,no,0,0,no patch written,e3cad936841aa8f9,1.5,111,0,0.1512,batch-401-2400-0826
tools/ladder.sh,2026-09-26T22:09:28Z,PHerc0826-seed1787,1,no,0,0,no patch written,fee871d63d005dd1,1.4,110,0,0.1906,batch-401-2400-0826
tools/ladder.sh,2026-09-26T22:10:25Z,PHerc0826-seed1793,1,no,0,0,no patch written,7a2058ca8ffa38b7,2.7,108,1,0.2149,batch-401-2400-0826
tools/ladder.sh,2026-09-26T22:10:43Z,PHerc0826-seed1822,1,no,0,0,no patch written,e1117ee19e913776,2.5,108,1,0.1944,batch-401-2400-0826
tools/ladder.sh,2026-09-26T22:11:44Z,PHerc0826-seed1831,1,no,0,0,no patch written,48a3e7a6191845ad,2.9,106,1,0.2835,batch-401-2400-0826
tools/ladder.sh,2026-09-26T22:11:57Z,PHerc0826-seed1788,124,yes,120,0,still growing at the cap,c32680db474e7b81,1.3,111,0,0.2084,batch-401-2400-0826
tools/ladder.sh,2026-09-26T22:12:04Z,PHerc0826-seed1835,0,no,2,10,ended by itself,bb7571926e5cf411,2.2,110,1,0.1396,batch-401-2400-0826
tools/ladder.sh,2026-09-26T22:12:20Z,PHerc0826-seed1841,1,no,0,0,no patch written,7f4f392683487870,1.4,110,0,0.1894,batch-401-2400-0826
tools/ladder.sh,2026-09-26T22:12:38Z,PHerc0826-seed1842,1,no,0,0,no patch written,5753fc4fa613393e,1.4,110,0,0.2665,batch-401-2400-0826
tools/ladder.sh,2026-09-26T22:12:56Z,PHerc0826-seed1845,1,no,0,0,no patch written,491ba516fb8ee1be,1.4,110,0,0.2302,batch-401-2400-0826
tools/ladder.sh,2026-09-26T22:13:14Z,PHerc0826-seed1847,1,no,0,0,no patch written,4bded6f655bea7d0,1.3,110,0,0.2695,batch-401-2400-0826
tools/ladder.sh,2026-09-26T22:13:32Z,PHerc0826-seed1859,1,no,0,0,no patch written,ae873ac621101afc,1.4,110,0,0.2147,batch-401-2400-0826
tools/ladder.sh,2026-09-26T22:13:50Z,PHerc0826-seed1864,1,no,0,0,no patch written,853ce9feac14c33a,1.4,110,0,0.1411,batch-401-2400-0826
tools/ladder.sh,2026-09-26T22:14:08Z,PHerc0826-seed1865,1,no,0,0,no patch written,e536dac01cdc1919,1.4,110,0,0.1647,batch-401-2400-0826
tools/ladder.sh,2026-09-26T22:14:26Z,PHerc0826-seed1866,1,no,0,0,no patch written,2fdb60da06b1c543,1.4,110,0,0.2536,batch-401-2400-0826
tools/ladder.sh,2026-09-26T22:14:44Z,PHerc0826-seed1882,1,no,0,0,no patch written,f6209f865ff841cb,1.3,110,0,0.1998,batch-401-2400-0826
tools/ladder.sh,2026-09-26T22:15:02Z,PHerc0826-seed1898,1,no,0,0,no patch written,edece6cc663c2ac1,1.3,110,0,0.2018,batch-401-2400-0826
tools/ladder.sh,2026-09-26T22:15:20Z,PHerc0826-seed1899,1,no,0,0,no patch written,3e062d6bb0cfb0ef,1.4,110,0,0.1301,batch-401-2400-0826
tools/ladder.sh,2026-09-26T22:15:39Z,PHerc0826-seed1902,1,no,1,0,no patch written,acd1bae5e084b020,1.4,110,0,0.1448,batch-401-2400-0826
tools/ladder.sh,2026-09-26T22:16:05Z,PHerc0826-seed1906,1,no,0,0,no patch written,eb225c98b8edcd17,1.3,110,0,0.2545,batch-401-2400-0826
tools/ladder.sh,2026-09-26T22:16:23Z,PHerc0826-seed1910,1,no,0,0,no patch written,56cd59bdafbfa47e,1.3,110,0,0.2023,batch-401-2400-0826
tools/ladder.sh,2026-09-26T22:16:41Z,PHerc0826-seed1911,0,no,0,3,ended by itself,91b0df39307a6e14,1.3,110,0,0.2040,batch-401-2400-0826
tools/ladder.sh,2026-09-26T22:17:10Z,PHerc0826-seed1915,0,no,11,55,ended by itself,7a504526a497cba4,1.4,110,0,0.1662,batch-401-2400-0826
tools/ladder.sh,2026-09-26T22:17:17Z,PHerc0826-seed1918,1,no,0,0,no patch written,c64e78de0443e147,1.7,110,1,0.1802,batch-401-2400-0826
tools/ladder.sh,2026-09-26T22:18:04Z,PHerc0826-seed1923,1,no,0,0,no patch written,9bc6ff91ac4241ab,3.0,108,1,0.2610,batch-401-2400-0826
tools/ladder.sh,2026-09-26T22:18:22Z,PHerc0826-seed1926,1,no,0,0,no patch written,b14183172fdd0d43,3.0,107,1,0.2678,batch-401-2400-0826
tools/ladder.sh,2026-09-26T22:18:37Z,PHerc0826-seed1919,139,no,51,0,no patch written,506ec43b5ccff37b,1.6,110,0,0.0616,batch-401-2400-0826
tools/ladder.sh,2026-09-26T22:18:40Z,PHerc0826-seed1931,1,no,0,0,no patch written,add00068aed670c0,2.2,110,1,0.1421,batch-401-2400-0826
tools/ladder.sh,2026-09-26T22:18:58Z,PHerc0826-seed1932,1,no,0,0,no patch written,016fce96d3b875ae,1.4,110,0,0.2360,batch-401-2400-0826
tools/ladder.sh,2026-09-26T22:19:35Z,PHerc0826-seed1953,1,no,1,0,no patch written,2946b96aa55f1f5d,2.7,108,1,0.2683,batch-401-2400-0826
tools/ladder.sh,2026-09-26T22:20:12Z,PHerc0826-seed1956,1,no,1,0,no patch written,2a43b2352b018688,5.1,105,2,0.2432,batch-401-2400-0826
tools/ladder.sh,2026-09-26T22:20:36Z,PHerc0826-seed1962,0,no,6,29,ended by itself,cdee5565d154fd4e,5.1,104,2,0.2412,batch-401-2400-0826
tools/ladder.sh,2026-09-26T22:20:45Z,PHerc0826-seed1955,0,no,52,318,ended by itself,19eef3b83b506c89,5.8,108,1,0.2478,batch-401-2400-0826
tools/ladder.sh,2026-09-26T22:20:49Z,PHerc0826-seed1965,0,no,1,2,ended by itself,d22205ce80a95036,4.6,105,2,0.2018,batch-401-2400-0826
tools/ladder.sh,2026-09-26T22:21:17Z,PHerc0826-seed1948,124,yes,121,0,still growing at the cap,a5985a2bfbe9787e,1.3,110,0,0.1952,batch-401-2400-0826
tools/ladder.sh,2026-09-26T22:21:54Z,PHerc0826-seed1973,1,no,1,0,no patch written,e3a6e1464a78f2c4,5.0,108,0,0.2098,batch-401-2400-0826
tools/ladder.sh,2026-09-26T22:22:22Z,PHerc0826-seed1988,1,no,0,0,no patch written,b52f868d4aeb5770,9.5,103,0,0.2275,batch-401-2400-0826
tools/ladder.sh,2026-09-26T22:22:42Z,PHerc0826-seed1990,1,no,1,0,no patch written,cd96bcb596e3bb10,7.8,104,0,0.2557,batch-401-2400-0826
tools/ladder.sh,2026-09-26T22:23:00Z,PHerc0826-seed1999,1,no,0,0,no patch written,60db36a8d159e9c6,4.9,106,0,0.1267,batch-401-2400-0826
tools/ladder.sh,2026-09-26T22:23:20Z,PHerc0826-seed2001,1,no,1,0,no patch written,c89b917296962112,6.6,104,0,0.2428,batch-401-2400-0826
tools/ladder.sh,2026-09-26T22:23:38Z,PHerc0826-seed2003,1,no,0,0,no patch written,ead97ccb21c42af2,9.8,98,0,0.2310,batch-401-2400-0826
tools/ladder.sh,2026-09-26T22:24:16Z,PHerc0826-seed2009,1,no,0,0,no patch written,85e1a1be37ec4a6c,11.7,87,1,0.2823,batch-401-2400-0826
tools/ladder.sh,2026-09-26T22:24:40Z,PHerc0826-seed2012,1,no,0,0,no patch written,ee77e206a4828587,10.6,87,1,0.2416,batch-401-2400-0826
tools/ladder.sh,2026-09-26T22:25:30Z,PHerc0826-seed2022,0,no,12,78,ended by itself,f1c8f7bee04bc1df,11.6,87,2,0.2522,batch-401-2400-0826
tools/ladder.sh,2026-09-26T22:25:36Z,PHerc0826-seed2031,1,no,0,0,no patch written,7cf8816f84f323d5,6.5,103,3,0.2018,batch-401-2400-0826
tools/ladder.sh,2026-09-26T22:25:55Z,PHerc0826-seed2043,1,no,1,0,no patch written,b1a1d5b7243905bc,5.2,102,2,0.2531,batch-401-2400-0826
tools/ladder.sh,2026-09-26T22:25:56Z,PHerc0826-seed2004,124,yes,120,0,still growing at the cap,b72a8c35c7b77840,10.8,92,0,0.2244,batch-401-2400-0826
tools/ladder.sh,2026-09-26T22:26:13Z,PHerc0826-seed2061,1,no,0,0,no patch written,4c04c6810e01f012,3.7,108,1,0.2301,batch-401-2400-0826
tools/ladder.sh,2026-09-26T22:26:31Z,PHerc0826-seed2065,1,no,0,0,no patch written,0d397978ca71a328,5.5,109,1,0.0888,batch-401-2400-0826
tools/ladder.sh,2026-09-26T22:26:50Z,PHerc0826-seed2066,1,no,0,0,no patch written,c7fe49101dabf030,5.8,109,1,0.2609,batch-401-2400-0826
tools/ladder.sh,2026-09-26T22:26:59Z,PHerc0826-seed2019,124,yes,120,0,still growing at the cap,8f56f62b83506777,10.3,86,1,0.1013,batch-401-2400-0826
tools/ladder.sh,2026-09-26T22:27:17Z,PHerc0826-seed2079,1,no,0,0,no patch written,87ce9d172752901d,1.3,114,0,0.2280,batch-401-2400-0826
tools/ladder.sh,2026-09-26T22:27:52Z,PHerc0826-seed2082,1,no,0,0,no patch written,16697d15576dac81,1.3,116,0,0.1703,batch-401-2400-0826
tools/ladder.sh,2026-09-26T22:28:35Z,PHerc0826-seed2132,1,no,0,0,no patch written,41525d126fd7638f,1.9,116,0,0.1267,batch-401-2400-0826
tools/ladder.sh,2026-09-26T22:28:59Z,PHerc0826-seed2133,1,no,0,0,no patch written,9cbceef682412677,2.2,116,0,0.2427,batch-401-2400-0826
tools/ladder.sh,2026-09-26T22:29:21Z,PHerc0826-seed2137,1,no,0,0,no patch written,c842665e5766c6cb,1.2,116,0,0.2016,batch-401-2400-0826
tools/ladder.sh,2026-09-26T22:30:24Z,PHerc0826-seed2149,1,no,0,0,no patch written,6f48268f4f6a8a2a,2.6,113,1,0.1931,batch-401-2400-0826
tools/ladder.sh,2026-09-26T22:30:52Z,PHerc0826-seed2150,0,no,2,8,ended by itself,94451d6eb180b1b5,2.8,112,1,0.2603,batch-401-2400-0826
tools/ladder.sh,2026-09-26T22:31:53Z,PHerc0826-seed2145,0,no,116,725,ended by itself,c9855ee3453dbee3,1.2,116,0,0.2294,batch-401-2400-0826
tools/ladder.sh,2026-09-26T22:32:49Z,PHerc0826-seed2153,1,no,0,0,no patch written,223397d16a626016,0.1,115,0,0.1745,batch-401-2400-0826
tools/ladder.sh,2026-09-26T22:33:08Z,PHerc0826-seed2155,0,no,1,5,ended by itself,b8c37d08d5f5543b,0.1,115,0,0.1703,batch-401-2400-0826
tools/ladder.sh,2026-09-26T22:33:33Z,PHerc0826-seed2174,0,no,8,44,ended by itself,7b1a17e7e9535f90,0.0,115,0,0.1647,batch-401-2400-0826
tools/ladder.sh,2026-09-26T22:33:43Z,PHerc0826-seed2178,1,no,0,0,no patch written,89ba2c563a7ccebd,0.1,115,1,0.2303,batch-401-2400-0826
tools/ladder.sh,2026-09-26T22:34:01Z,PHerc0826-seed2179,1,no,0,0,no patch written,d7abc445af3139bf,0.0,116,0,0.1294,batch-401-2400-0826
tools/ladder.sh,2026-09-26T22:34:19Z,PHerc0826-seed2183,1,no,0,0,no patch written,ea29910af6c20120,0.0,116,0,0.2244,batch-401-2400-0826
tools/ladder.sh,2026-09-26T22:34:37Z,PHerc0826-seed2187,1,no,1,0,no patch written,692c1094308fbaf1,0.0,116,0,0.2244,batch-401-2400-0826
tools/ladder.sh,2026-09-26T22:34:55Z,PHerc0826-seed2188,1,no,1,0,no patch written,11e50f1a6be4c263,0.0,116,0,0.2267,batch-401-2400-0826
tools/ladder.sh,2026-09-26T22:35:30Z,PHerc0826-seed2195,1,no,0,0,no patch written,8b90ed9529aa43ef,1.4,114,1,0.2570,batch-401-2400-0826
tools/ladder.sh,2026-09-26T22:35:49Z,PHerc0826-seed2196,0,no,1,4,ended by itself,7b5390229cbe033c,1.5,114,1,0.2504,batch-401-2400-0826
tools/ladder.sh,2026-09-26T22:36:10Z,PHerc0826-seed2209,0,no,4,14,ended by itself,f1e3d3facf7a8d1a,1.4,113,1,0.1761,batch-401-2400-0826
tools/ladder.sh,2026-09-26T22:36:25Z,PHerc0826-seed2232,1,no,1,0,no patch written,de7082bdc8f80f73,1.3,113,1,0.2000,batch-401-2400-0826
tools/ladder.sh,2026-09-26T22:36:43Z,PHerc0826-seed2238,1,no,1,0,no patch written,bbae21320e2a6a86,1.4,113,1,0.2231,batch-401-2400-0826
tools/ladder.sh,2026-09-26T22:37:01Z,PHerc0826-seed2241,1,no,0,0,no patch written,905ef489e5a374a1,1.3,112,1,0.2016,batch-401-2400-0826
tools/ladder.sh,2026-09-26T22:37:13Z,PHerc0826-seed2193,124,yes,121,0,still growing at the cap,315cecdd8f453458,0.0,116,0,0.2056,batch-401-2400-0826
tools/ladder.sh,2026-09-26T22:37:49Z,PHerc0826-seed2246,1,no,0,0,no patch written,c3a259e693b0bbdd,0.0,116,0,0.2880,batch-401-2400-0826
tools/ladder.sh,2026-09-26T22:38:07Z,PHerc0826-seed2248,1,no,0,0,no patch written,733c3852f7110b36,0.1,116,0,0.2570,batch-401-2400-0826
tools/ladder.sh,2026-09-26T22:38:43Z,PHerc0826-seed2263,1,no,0,0,no patch written,97fb62a59b22c519,1.5,113,1,0.1108,batch-401-2400-0826
tools/ladder.sh,2026-09-26T22:39:01Z,PHerc0826-seed2272,1,no,0,0,no patch written,57fc612748e87b28,1.3,112,1,0.2360,batch-401-2400-0826
tools/ladder.sh,2026-09-26T22:39:19Z,PHerc0826-seed2277,1,no,0,0,no patch written,deb9cb1c4d1ff7aa,1.3,111,1,0.1400,batch-401-2400-0826
tools/ladder.sh,2026-09-26T22:39:37Z,PHerc0826-seed2278,1,no,0,0,no patch written,e7666cd7dd71e934,1.5,111,1,0.2422,batch-401-2400-0826
tools/ladder.sh,2026-09-26T22:39:55Z,PHerc0826-seed2280,0,no,0,3,ended by itself,71c9ad69f597ed91,1.6,111,1,0.2806,batch-401-2400-0826
tools/ladder.sh,2026-09-26T22:40:13Z,PHerc0826-seed2283,1,no,0,0,no patch written,b9c18d9fd9938c03,1.4,111,1,0.2545,batch-401-2400-0826
tools/ladder.sh,2026-09-26T22:40:25Z,PHerc0826-seed2259,124,yes,120,0,still growing at the cap,da441bcaf237bcd5,0.0,116,0,0.1877,batch-401-2400-0826
tools/ladder.sh,2026-09-26T22:40:31Z,PHerc0826-seed2287,1,no,0,0,no patch written,6c0a930a80c2f4a6,0.6,116,1,0.0865,batch-401-2400-0826
tools/ladder.sh,2026-09-26T22:40:49Z,PHerc0826-seed2298,1,no,0,0,no patch written,a69d7a73ae11ff80,0.0,116,0,0.2329,batch-401-2400-0826
tools/ladder.sh,2026-09-26T22:41:07Z,PHerc0826-seed2299,1,no,0,0,no patch written,b1db522fc334b072,0.1,116,0,0.1537,batch-401-2400-0826
tools/ladder.sh,2026-09-26T22:42:05Z,PHerc0826-seed2305,1,no,0,0,no patch written,85292cba57d40c2a,0.0,115,0,0.2683,batch-401-2400-0826
tools/ladder.sh,2026-09-26T22:42:23Z,PHerc0826-seed2311,1,no,0,0,no patch written,bb8f9aea5c323f80,0.0,115,0,0.2860,batch-401-2400-0826
tools/ladder.sh,2026-09-26T22:42:41Z,PHerc0826-seed2312,1,no,0,0,no patch written,4954c283eb767e27,0.0,115,0,0.2847,batch-401-2400-0826
tools/ladder.sh,2026-09-26T22:42:59Z,PHerc0826-seed2315,1,no,0,0,no patch written,87e708cfe074165c,0.0,115,0,0.0888,batch-401-2400-0826
tools/ladder.sh,2026-09-26T22:43:17Z,PHerc0826-seed2318,1,no,0,0,no patch written,06e6ce8b25e9de64,0.0,116,0,0.2412,batch-401-2400-0826
tools/ladder.sh,2026-09-26T22:43:35Z,PHerc0826-seed2320,1,no,0,0,no patch written,da434f95007b5ea4,0.0,116,0,0.1939,batch-401-2400-0826
tools/ladder.sh,2026-09-26T22:43:53Z,PHerc0826-seed2323,1,no,0,0,no patch written,02ea15b7a0078cce,0.0,116,0,0.2046,batch-401-2400-0826
tools/ladder.sh,2026-09-26T22:44:11Z,PHerc0826-seed2324,1,no,0,0,no patch written,efdad9f42118844d,0.1,116,0,0.2609,batch-401-2400-0826
tools/ladder.sh,2026-09-26T22:44:47Z,PHerc0826-seed2339,1,no,0,0,no patch written,b3d210ded6e468e4,1.5,114,1,0.1802,batch-401-2400-0826
tools/ladder.sh,2026-09-26T22:44:47Z,PHerc0826-seed2326,0,no,18,109,ended by itself,b1a162fdb76e9da1,0.0,116,0,0.1013,batch-401-2400-0826
tools/ladder.sh,2026-09-26T22:45:09Z,PHerc0826-seed2343,0,no,4,20,ended by itself,decd8e5d377b9a91,0.0,115,0,0.2193,batch-401-2400-0826
tools/ladder.sh,2026-09-26T22:45:23Z,PHerc0826-seed2345,1,no,0,0,no patch written,f7ef55e524986fe6,0.0,116,0,0.2275,batch-401-2400-0826
tools/ladder.sh,2026-09-26T22:45:41Z,PHerc0826-seed2347,1,no,0,0,no patch written,f4cd56647103d7dc,0.0,116,0,0.2020,batch-401-2400-0826
tools/ladder.sh,2026-09-26T22:45:59Z,PHerc0826-seed2349,1,no,0,0,no patch written,6f1737b4816cc856,0.0,116,0,0.2417,batch-401-2400-0826
tools/ladder.sh,2026-09-26T22:46:17Z,PHerc0826-seed2372,1,no,0,0,no patch written,1de811f7216dda67,0.0,116,0,0.2880,batch-401-2400-0826
tools/ladder.sh,2026-09-26T22:46:35Z,PHerc0826-seed2375,1,no,0,0,no patch written,b2769287868e63a0,0.0,116,0,0.2430,batch-401-2400-0826
tools/ladder.sh,2026-09-26T22:46:53Z,PHerc0826-seed2387,1,no,0,0,no patch written,cc570f7657fa5213,0.0,116,0,0.2428,batch-401-2400-0826
tools/ladder.sh,2026-09-26T22:47:11Z,PHerc0826-seed2395,1,no,0,0,no patch written,db130d9c491e0be1,0.0,116,0,0.1944,batch-401-2400-0826
tools/ladder.sh,2026-09-26T22:47:34Z,PHerc0826-seed2399,0,no,5,34,ended by itself,706aa12bde3f61ec,0.0,116,0,0.0855,batch-401-2400-0826
tools/ladder_par.sh,2026-09-26T23:18:26Z,PHerc0826-seed2401,0,no,3,18,ended by itself,a7bd81b04434777a,1.6,114,0,0.1333,batch-2401-6400-0826
tools/ladder_par.sh,2026-09-26T23:18:28Z,PHerc0826-seed2408,1,no,0,0,no patch written,128080cf8b85ba46,1.1,113,1,0.2725,batch-2401-6400-0826
tools/ladder_par.sh,2026-09-26T23:18:32Z,PHerc0826-seed2411,0,no,2,4,ended by itself,ef46ad6a197c6fa6,1.3,113,1,0.2370,batch-2401-6400-0826
tools/ladder_par.sh,2026-09-26T23:18:38Z,PHerc0826-seed2403,0,no,13,71,ended by itself,76675e360e9426e2,1.1,114,1,0.1907,batch-2401-6400-0826
tools/ladder_par.sh,2026-09-26T23:18:39Z,PHerc0826-seed2412,1,no,0,0,no patch written,c9e3fe6491b5d7d7,2.0,114,0,0.2545,batch-2401-6400-0826
tools/ladder_par.sh,2026-09-26T23:18:46Z,PHerc0826-seed2428,1,no,0,0,no patch written,12b0d735bfeb605f,1.2,114,1,0.0061,batch-2401-6400-0826
tools/ladder_par.sh,2026-09-26T23:18:51Z,PHerc0826-seed2439,1,no,0,0,no patch written,69d70801a65a3295,1.5,113,1,0.2750,batch-2401-6400-0826
tools/ladder_par.sh,2026-09-26T23:19:01Z,PHerc0826-seed2442,1,no,0,0,no patch written,25205e49778ebcf2,2.7,112,2,0.1756,batch-2401-6400-0826
tools/ladder_par.sh,2026-09-26T23:19:06Z,PHerc0826-seed2447,1,no,0,0,no patch written,7b770bd55a96975d,3.4,111,2,0.0692,batch-2401-6400-0826
tools/ladder_par.sh,2026-09-26T23:19:26Z,PHerc0826-seed2461,0,no,5,27,ended by itself,71822fd411f0bdd3,3.6,109,3,0.1796,batch-2401-6400-0826
tools/ladder_par.sh,2026-09-26T23:20:43Z,PHerc0826-seed2427,124,yes,120,0,still growing at the cap,dcb5321537b18be3,1.4,114,0,0.0288,batch-2401-6400-0826
tools/ladder_par.sh,2026-09-26T23:20:54Z,PHerc0826-seed2441,124,yes,120,0,still growing at the cap,b5817d47706d2ed2,1.6,113,1,0.2084,batch-2401-6400-0826
tools/ladder_par.sh,2026-09-26T23:21:01Z,PHerc0826-seed2467,0,no,5,24,ended by itself,f6983540e4d28f4c,3.8,108,2,0.1761,batch-2401-6400-0826
tools/ladder_par.sh,2026-09-26T23:21:14Z,PHerc0826-seed2490,1,no,0,0,no patch written,a22b2a5916993bd0,3.4,106,3,0.0367,batch-2401-6400-0826
tools/ladder_par.sh,2026-09-26T23:21:16Z,PHerc0826-seed2453,124,yes,120,0,still growing at the cap,fc2fb3d1e7d3db08,3.2,110,2,0.2020,batch-2401-6400-0826
tools/ladder_par.sh,2026-09-26T23:21:29Z,PHerc0826-seed2497,1,no,0,0,no patch written,0c334d461cb430c1,3.0,111,2,0.2558,batch-2401-6400-0826
tools/ladder_par.sh,2026-09-26T23:21:32Z,PHerc0826-seed2505,1,no,0,0,no patch written,07b5e13a352a0b45,2.7,110,2,0.2987,batch-2401-6400-0826
tools/ladder_par.sh,2026-09-26T23:21:33Z,PHerc0826-seed2463,0,no,114,713,ended by itself,bfacee3afeb564b6,4.5,106,3,0.2018,batch-2401-6400-0826
tools/ladder_par.sh,2026-09-26T23:21:44Z,PHerc0826-seed2513,1,no,0,0,no patch written,b905d3d52f2f6316,1.8,112,1,0.1802,batch-2401-6400-0826
tools/ladder_par.sh,2026-09-26T23:21:48Z,PHerc0826-seed2516,0,no,1,5,ended by itself,525d149470569f37,1.7,112,1,0.2545,batch-2401-6400-0826
tools/ladder_par.sh,2026-09-26T23:21:50Z,PHerc0826-seed2519,1,no,0,0,no patch written,4351e20cca37558d,1.9,112,1,0.0275,batch-2401-6400-0826
tools/ladder_par.sh,2026-09-26T23:21:59Z,PHerc0826-seed2525,1,no,0,0,no patch written,f11d7a51775f10ae,2.0,112,1,0.1581,batch-2401-6400-0826
tools/ladder_par.sh,2026-09-26T23:22:04Z,PHerc0826-seed2526,0,no,2,8,ended by itself,f7bfe82d5e52fa6a,1.8,111,1,0.2417,batch-2401-6400-0826
tools/ladder_par.sh,2026-09-26T23:22:05Z,PHerc0826-seed2529,1,no,0,0,no patch written,3cb26e057195a84e,1.9,111,1,0.2349,batch-2401-6400-0826
tools/ladder_par.sh,2026-09-26T23:22:12Z,PHerc0826-seed2473,0,no,64,448,ended by itself,cb724feab305a57d,3.4,107,2,0.2608,batch-2401-6400-0826
tools/ladder_par.sh,2026-09-26T23:22:21Z,PHerc0826-seed2533,1,no,0,0,no patch written,a12f56c7861c389c,1.5,114,2,0.2835,batch-2401-6400-0826
tools/ladder_par.sh,2026-09-26T23:22:25Z,PHerc0826-seed2534,1,no,0,0,no patch written,7ea6c28fc83ddfc8,2.4,113,2,0.2416,batch-2401-6400-0826
tools/ladder_par.sh,2026-09-26T23:22:36Z,PHerc0826-seed2547,1,no,0,0,no patch written,90dfa901a2e34f65,3.1,111,2,0.2204,batch-2401-6400-0826
tools/ladder_par.sh,2026-09-26T23:22:41Z,PHerc0826-seed2553,1,no,1,0,no patch written,a7b64c812358c5f6,3.0,111,2,0.2377,batch-2401-6400-0826
tools/ladder_par.sh,2026-09-26T23:22:54Z,PHerc0826-seed2554,0,no,3,13,ended by itself,985cc74fc113f77b,3.2,110,2,0.2598,batch-2401-6400-0826
tools/ladder_par.sh,2026-09-26T23:22:56Z,PHerc0826-seed2555,1,no,1,0,no patch written,55297602bebf8c64,3.5,109,2,0.2214,batch-2401-6400-0826
tools/ladder_par.sh,2026-09-26T23:23:07Z,PHerc0826-seed2556,1,no,0,0,no patch written,f4608be07af3aee7,3.6,108,2,0.1135,batch-2401-6400-0826
tools/ladder_par.sh,2026-09-26T23:23:11Z,PHerc0826-seed2563,1,no,0,0,no patch written,9f440e0e960fdc42,3.4,107,2,0.2835,batch-2401-6400-0826
tools/ladder_par.sh,2026-09-26T23:23:23Z,PHerc0826-seed2578,1,no,1,0,no patch written,9aa5426acb2f425a,3.3,106,2,0.2267,batch-2401-6400-0826
tools/ladder_par.sh,2026-09-26T23:23:44Z,PHerc0826-seed2583,0,no,18,79,ended by itself,0a89a42efb135afb,3.1,106,2,0.1662,batch-2401-6400-0826
tools/ladder_par.sh,2026-09-26T23:23:57Z,PHerc0826-seed2586,0,no,19,111,ended by itself,6076f24d4ac5463a,4.0,105,3,0.2349,batch-2401-6400-0826
tools/ladder_par.sh,2026-09-26T23:23:58Z,PHerc0826-seed2588,1,no,0,0,no patch written,159c048cec2dd5f1,4.3,106,2,0.1267,batch-2401-6400-0826
tools/ladder_par.sh,2026-09-26T23:24:15Z,PHerc0826-seed2531,124,yes,121,0,still growing at the cap,c699f829c7937dc5,2.0,115,0,0.0606,batch-2401-6400-0826
tools/ladder_par.sh,2026-09-26T23:24:18Z,PHerc0826-seed2532,124,yes,121,0,still growing at the cap,f3973b25fc16c368,1.6,114,1,0.0565,batch-2401-6400-0826
tools/ladder_par.sh,2026-09-26T23:24:20Z,PHerc0826-seed2594,0,no,10,60,ended by itself,41f03d0aa02e68d9,3.3,106,2,0.1745,batch-2401-6400-0826
tools/ladder_par.sh,2026-09-26T23:24:28Z,PHerc0826-seed2606,1,no,0,0,no patch written,5477b08fb5a42cdc,2.3,113,1,0.2455,batch-2401-6400-0826
tools/ladder_par.sh,2026-09-26T23:24:32Z,PHerc0826-seed2608,0,no,1,3,ended by itself,bcd1dcbb2bed234d,1.8,113,1,0.1966,batch-2401-6400-0826
tools/ladder_par.sh,2026-09-26T23:24:35Z,PHerc0826-seed2609,0,no,1,3,ended by itself,fcd78876a4cf7e28,1.9,113,1,0.2432,batch-2401-6400-0826
tools/ladder_par.sh,2026-09-26T23:24:48Z,PHerc0826-seed2612,0,no,5,24,ended by itself,3d872f147ef3d607,2.1,112,1,0.2329,batch-2401-6400-0826
tools/ladder_par.sh,2026-09-26T23:24:49Z,PHerc0826-seed2626,1,no,0,0,no patch written,8761291d9ca24bf5,2.3,112,2,0.0961,batch-2401-6400-0826
tools/ladder_par.sh,2026-09-26T23:24:58Z,PHerc0826-seed2620,0,no,12,74,ended by itself,503d9448c6e8a8f8,2.0,112,2,0.2430,batch-2401-6400-0826
tools/ladder_par.sh,2026-09-26T23:25:01Z,PHerc0826-seed2629,1,no,0,0,no patch written,0f07c72301255add,2.8,111,1,0.2670,batch-2401-6400-0826
tools/ladder_par.sh,2026-09-26T23:25:04Z,PHerc0826-seed2635,1,no,0,0,no patch written,014abe01595f470b,2.2,111,1,0.2336,batch-2401-6400-0826
tools/ladder_par.sh,2026-09-26T23:25:11Z,PHerc0826-seed2639,1,no,0,0,no patch written,ad70a9db56342c1e,1.5,111,1,0.0115,batch-2401-6400-0826
tools/ladder_par.sh,2026-09-26T23:26:13Z,PHerc0826-seed2604,124,yes,120,0,still growing at the cap,58a2e7f178669951,3.4,105,3,0.2504,batch-2401-6400-0826
tools/ladder_par.sh,2026-09-27T03:16:03Z,PHerc0826-seed2644,1,no,0,0,no patch written,7edc12e5de2b8fde,2.0,113,0,0.2520,batch-2401-6400-0826
tools/ladder_par.sh,2026-09-27T03:16:14Z,PHerc0826-seed2650,0,no,1,2,ended by itself,b56b2b2aac38ea4d,1.9,112,2,0.1856,batch-2401-6400-0826
tools/ladder_par.sh,2026-09-27T03:16:18Z,PHerc0826-seed2652,1,no,0,0,no patch written,574d592f01578b50,2.8,111,2,0.2835,batch-2401-6400-0826
tools/ladder_par.sh,2026-09-27T03:16:29Z,PHerc0826-seed2647,0,no,21,122,ended by itself,b67ea81e68f1ea6c,1.3,113,1,0.2847,batch-2401-6400-0826
tools/ladder_par.sh,2026-09-27T03:16:29Z,PHerc0826-seed2657,1,no,0,0,no patch written,0339815963a8d58f,3.1,110,2,0.2678,batch-2401-6400-0826
tools/ladder_par.sh,2026-09-27T03:16:33Z,PHerc0826-seed2661,1,no,0,0,no patch written,b9e707cf243aa8af,2.6,112,1,0.2678,batch-2401-6400-0826
tools/ladder_par.sh,2026-09-27T03:16:42Z,PHerc0826-seed2664,1,no,0,0,no patch written,6a3c9168ab5d1f43,1.9,112,1,0.2370,batch-2401-6400-0826
tools/ladder_par.sh,2026-09-27T03:16:45Z,PHerc0826-seed2679,1,no,0,0,no patch written,15ca8d5dde5ee79c,1.7,112,1,0.2358,batch-2401-6400-0826
tools/ladder_par.sh,2026-09-27T03:16:48Z,PHerc0826-seed2690,1,no,0,0,no patch written,8c241c2399b1889a,1.9,111,1,0.2151,batch-2401-6400-0826
tools/ladder_par.sh,2026-09-27T03:16:57Z,PHerc0826-seed2699,1,no,0,0,no patch written,8d3cab671a44d919,2.3,111,1,0.2646,batch-2401-6400-0826
tools/ladder_par.sh,2026-09-27T03:17:00Z,PHerc0826-seed2702,1,no,0,0,no patch written,8a28a750db18211f,2.1,111,1,0.1512,batch-2401-6400-0826
tools/ladder_par.sh,2026-09-27T03:17:15Z,PHerc0826-seed2720,1,no,0,0,no patch written,f63e70ea2e36c3e3,3.2,109,3,0.2603,batch-2401-6400-0826
tools/ladder_par.sh,2026-09-27T03:17:27Z,PHerc0826-seed2711,0,no,23,164,ended by itself,40fef28b6b81938a,2.2,110,1,0.1847,batch-2401-6400-0826
tools/ladder_par.sh,2026-09-27T03:17:30Z,PHerc0826-seed2725,1,no,0,0,no patch written,1168f41e4371b017,4.7,108,2,0.1294,batch-2401-6400-0826
tools/ladder_par.sh,2026-09-27T03:17:40Z,PHerc0826-seed2726,1,no,0,0,no patch written,9abc13b9de2632aa,4.5,107,2,0.2799,batch-2401-6400-0826
tools/ladder_par.sh,2026-09-27T03:17:45Z,PHerc0826-seed2729,1,no,0,0,no patch written,e3e31d9e747ccb53,4.5,107,2,0.2428,batch-2401-6400-0826
tools/ladder_par.sh,2026-09-27T03:17:55Z,PHerc0826-seed2734,1,no,0,0,no patch written,ec6f55e4688a4e24,4.4,106,2,0.0758,batch-2401-6400-0826
tools/ladder_par.sh,2026-09-27T03:18:00Z,PHerc0826-seed2737,1,no,0,0,no patch written,0ebf11d4a93fe0a7,4.5,106,2,0.2312,batch-2401-6400-0826
tools/ladder_par.sh,2026-09-27T03:18:05Z,PHerc0826-seed2645,124,yes,120,0,still growing at the cap,a1271ac312cb5369,2.0,113,0,0.1290,batch-2401-6400-0826
tools/ladder_par.sh,2026-09-27T03:18:10Z,PHerc0826-seed2738,1,no,0,0,no patch written,46d5e93b8f4f7872,3.9,109,1,0.1400,batch-2401-6400-0826
tools/ladder_par.sh,2026-09-27T03:18:16Z,PHerc0826-seed2741,1,no,1,0,no patch written,72e9aaedec7f960b,3.1,109,1,0.2603,batch-2401-6400-0826
tools/ladder_par.sh,2026-09-27T03:18:19Z,PHerc0826-seed2750,1,no,1,0,no patch written,75274e4a360afd02,2.9,110,1,0.2430,batch-2401-6400-0826
tools/ladder_par.sh,2026-09-27T03:18:25Z,PHerc0826-seed2755,1,no,0,0,no patch written,e7873f9ddb3b9eec,2.4,110,1,0.2428,batch-2401-6400-0826
tools/ladder_par.sh,2026-09-27T03:18:31Z,PHerc0826-seed2762,1,no,0,0,no patch written,b35ea46a0704501e,2.3,110,1,0.2066,batch-2401-6400-0826
tools/ladder_par.sh,2026-09-27T03:18:34Z,PHerc0826-seed2769,1,no,0,0,no patch written,2248bbeb428944d4,2.1,110,1,0.2765,batch-2401-6400-0826
tools/ladder_par.sh,2026-09-27T03:18:40Z,PHerc0826-seed2771,1,no,0,0,no patch written,cebf6d38eb3b2a15,2.3,111,1,0.2603,batch-2401-6400-0826
tools/ladder_par.sh,2026-09-27T03:18:49Z,PHerc0826-seed2783,1,no,0,0,no patch written,26e96f4f847f8363,2.2,110,2,0.0839,batch-2401-6400-0826
tools/ladder_par.sh,2026-09-27T03:18:55Z,PHerc0826-seed2785,1,no,0,0,no patch written,91f76cfe0973bb9a,3.2,109,2,0.2805,batch-2401-6400-0826
tools/ladder_par.sh,2026-09-27T03:19:04Z,PHerc0826-seed2786,1,no,0,0,no patch written,363627d0f15f6587,3.2,109,2,0.2670,batch-2401-6400-0826
tools/ladder_par.sh,2026-09-27T03:19:12Z,PHerc0826-seed2715,124,yes,120,0,still growing at the cap,8733f226bb623fb9,2.8,109,2,0.2413,batch-2401-6400-0826
tools/ladder_par.sh,2026-09-27T03:19:13Z,PHerc0826-seed2789,0,no,2,10,ended by itself,ac81601e7cf10c56,3.3,108,2,0.2329,batch-2401-6400-0826
tools/ladder_par.sh,2026-09-27T03:19:24Z,PHerc0826-seed2790,0,no,5,25,ended by itself,e73dee99a701110c,2.9,112,1,0.1433,batch-2401-6400-0826
tools/ladder_par.sh,2026-09-27T03:19:25Z,PHerc0826-seed2797,1,no,0,0,no patch written,aec8529dc6b8a73b,2.5,113,1,0.1997,batch-2401-6400-0826
tools/ladder_par.sh,2026-09-27T03:19:31Z,PHerc0826-seed2798,0,no,3,9,ended by itself,47e654f11c3ef162,2.4,113,1,0.1877,batch-2401-6400-0826
tools/ladder_par.sh,2026-09-27T03:19:37Z,PHerc0826-seed2808,1,no,0,0,no patch written,0b846bcf3f6d612c,2.4,112,1,0.2349,batch-2401-6400-0826
tools/ladder_par.sh,2026-09-27T03:19:46Z,PHerc0826-seed2828,0,no,2,7,ended by itself,af8dc471612d4a8b,2.1,112,2,0.1178,batch-2401-6400-0826
tools/ladder_par.sh,2026-09-27T03:19:52Z,PHerc0826-seed2835,1,no,0,0,no patch written,d033c12445204f7a,3.2,111,2,0.2860,batch-2401-6400-0826
tools/ladder_par.sh,2026-09-27T03:19:59Z,PHerc0826-seed2840,1,no,0,0,no patch written,4ca8f6c11f7cddad,2.8,110,2,0.2536,batch-2401-6400-0826
tools/ladder_par.sh,2026-09-27T03:20:07Z,PHerc0826-seed2850,1,no,0,0,no patch written,87abaf2e773ca728,3.0,110,2,0.1262,batch-2401-6400-0826
tools/ladder_par.sh,2026-09-27T03:20:14Z,PHerc0826-seed2855,1,no,0,0,no patch written,4ab926f917ba9d12,3.1,109,2,0.2087,batch-2401-6400-0826
tools/ladder_par.sh,2026-09-27T03:20:23Z,PHerc0826-seed2857,1,no,1,0,no patch written,ea40953595f29019,3.1,109,2,0.1600,batch-2401-6400-0826
tools/ladder_par.sh,2026-09-27T03:20:30Z,PHerc0826-seed2866,1,no,1,0,no patch written,1af4bee6770e1607,3.3,108,2,0.1433,batch-2401-6400-0826
tools/ladder_par.sh,2026-09-27T03:20:38Z,PHerc0826-seed2872,1,no,0,0,no patch written,285d96ba85c9e0e3,3.0,108,2,0.2191,batch-2401-6400-0826
tools/ladder_par.sh,2026-09-27T03:20:46Z,PHerc0826-seed2775,124,yes,120,0,still growing at the cap,758bfa44f9a42b56,2.2,110,1,0.1744,batch-2401-6400-0826
tools/ladder_par.sh,2026-09-27T03:20:47Z,PHerc0826-seed2825,0,no,67,479,ended by itself,a5968cf623730487,2.0,112,1,0.1131,batch-2401-6400-0826
tools/ladder_par.sh,2026-09-27T03:20:54Z,PHerc0826-seed2875,0,no,1,6,ended by itself,b7b73aaed6543fd1,2.8,114,1,0.2695,batch-2401-6400-0826
tools/ladder_par.sh,2026-09-27T03:21:08Z,PHerc0826-seed2908,1,no,0,0,no patch written,6042eb2093cb4d3b,3.1,111,3,0.1966,batch-2401-6400-0826
tools/ladder_par.sh,2026-09-27T03:21:09Z,PHerc0826-seed2873,0,no,24,105,ended by itself,7a445398a47596b5,3.1,107,2,0.1888,batch-2401-6400-0826
tools/ladder_par.sh,2026-09-27T03:21:22Z,PHerc0826-seed2911,1,no,0,0,no patch written,afec3f30e9492eab,3.1,111,2,0.0367,batch-2401-6400-0826
tools/ladder_par.sh,2026-09-27T03:21:26Z,PHerc0826-seed2914,0,no,1,4,ended by itself,a04588048d6b44a4,3.0,111,2,0.2494,batch-2401-6400-0826
tools/ladder_par.sh,2026-09-27T03:21:37Z,PHerc0826-seed2915,1,no,0,0,no patch written,7d109a7c7e0d4c4c,3.1,110,2,0.2151,batch-2401-6400-0826
tools/ladder_par.sh,2026-09-27T03:21:52Z,PHerc0826-seed2938,0,no,12,64,ended by itself,830269c55eef6951,2.9,110,2,0.0970,batch-2401-6400-0826
tools/ladder_par.sh,2026-09-27T03:22:06Z,PHerc0826-seed2944,1,no,0,0,no patch written,5586e0dfcc8e5403,4.0,107,3,0.1810,batch-2401-6400-0826
tools/ladder_par.sh,2026-09-27T03:22:21Z,PHerc0826-seed2945,1,no,0,0,no patch written,86b6f667917f8cbd,4.1,105,3,0.2032,batch-2401-6400-0826
tools/ladder_par.sh,2026-09-27T03:22:56Z,PHerc0826-seed2950,0,no,20,106,ended by itself,8091105fd7046278,4.1,104,3,0.1134,batch-2401-6400-0826
tools/ladder_par.sh,2026-09-27T03:22:59Z,PHerc0826-seed2883,124,yes,120,0,still growing at the cap,8ca8874305f45f95,2.0,114,1,0.1537,batch-2401-6400-0826
tools/ladder_par.sh,2026-09-27T03:23:02Z,PHerc0826-seed2904,124,yes,120,0,still growing at the cap,501b96f4d4bedc8b,2.0,113,2,0.2020,batch-2401-6400-0826
tools/ladder_par.sh,2026-09-27T03:23:09Z,PHerc0826-seed2954,1,no,0,0,no patch written,b32bbb180c3363e6,2.6,111,1,0.2902,batch-2401-6400-0826
tools/ladder_par.sh,2026-09-27T03:23:13Z,PHerc0826-seed2955,1,no,0,0,no patch written,1671d7d3b53e414f,1.9,111,1,0.2244,batch-2401-6400-0826
tools/ladder_par.sh,2026-09-27T03:23:16Z,PHerc0826-seed2957,1,no,0,0,no patch written,38bab3a679e357ce,1.9,110,1,0.1448,batch-2401-6400-0826
tools/ladder_par.sh,2026-09-27T03:23:24Z,PHerc0826-seed2963,1,no,0,0,no patch written,58ea05260ca4376c,2.1,110,1,0.1657,batch-2401-6400-0826
tools/ladder_par.sh,2026-09-27T03:23:31Z,PHerc0826-seed2970,1,no,0,0,no patch written,e16a88f8502be233,2.1,110,2,0.2040,batch-2401-6400-0826
tools/ladder_par.sh,2026-09-27T03:23:40Z,PHerc0826-seed2972,1,no,1,0,no patch written,9482d8074ffa8529,3.0,109,2,0.0888,batch-2401-6400-0826
tools/ladder_par.sh,2026-09-27T03:23:45Z,PHerc0826-seed2966,0,no,17,98,ended by itself,3d2dfbf5d92db7be,1.9,110,1,0.2370,batch-2401-6400-0826
tools/ladder_par.sh,2026-09-27T03:23:52Z,PHerc0826-seed2939,124,yes,120,0,still growing at the cap,c2ccb28129362376,4.0,108,3,0.1939,batch-2401-6400-0826
tools/ladder_par.sh,2026-09-27T03:23:58Z,PHerc0826-seed2978,0,no,3,17,ended by itself,739f96f371b283b4,3.0,114,1,0.2609,batch-2401-6400-0826
tools/ladder_par.sh,2026-09-27T03:24:06Z,PHerc0826-seed2983,1,no,0,0,no patch written,ddea3a8a7aadcd3e,2.7,113,2,0.2987,batch-2401-6400-0826
tools/ladder_par.sh,2026-09-27T03:24:11Z,PHerc0826-seed3002,1,no,0,0,no patch written,dba252bea0a90552,2.8,112,2,0.2360,batch-2401-6400-0826
tools/ladder_par.sh,2026-09-27T03:24:12Z,PHerc0826-seed2980,0,no,13,62,ended by itself,a0f6c998d1467456,2.8,114,1,0.2311,batch-2401-6400-0826
tools/ladder_par.sh,2026-09-27T03:24:21Z,PHerc0826-seed3003,1,no,0,0,no patch written,428c034d4aa49068,2.2,113,1,0.2480,batch-2401-6400-0826
tools/ladder_par.sh,2026-09-27T03:24:26Z,PHerc0826-seed3004,1,no,1,0,no patch written,e65f4253bef738d1,2.0,112,1,0.2090,batch-2401-6400-0826
tools/ladder_par.sh,2026-09-27T03:24:28Z,PHerc0826-seed3005,1,no,0,0,no patch written,b3c215ae158f5545,1.9,112,1,0.2636,batch-2401-6400-0826
tools/ladder_par.sh,2026-09-27T03:24:36Z,PHerc0826-seed3006,1,no,0,0,no patch written,7433892d8abaf2f2,2.1,112,1,0.2792,batch-2401-6400-0826
tools/ladder_par.sh,2026-09-27T03:24:41Z,PHerc0826-seed3014,1,no,0,0,no patch written,29dc0c10f13aec88,2.0,112,1,0.1908,batch-2401-6400-0826
tools/ladder_par.sh,2026-09-27T03:24:44Z,PHerc0826-seed3021,1,no,1,0,no patch written,f0d9442620297c8d,1.9,111,1,0.2018,batch-2401-6400-0826
tools/ladder_par.sh,2026-09-27T03:24:56Z,PHerc0826-seed3029,1,no,0,0,no patch written,28b5df7d152b0bf5,2.3,111,2,0.2175,batch-2401-6400-0826
tools/ladder_par.sh,2026-09-27T03:24:59Z,PHerc0826-seed3035,1,no,0,0,no patch written,ca2f2c7fbf8d04f7,2.4,110,2,0.2902,batch-2401-6400-0826
tools/ladder_par.sh,2026-09-27T03:25:00Z,PHerc0826-seed3027,0,no,9,39,ended by itself,a14309f31d94a660,2.2,111,1,0.1888,batch-2401-6400-0826
tools/ladder_par.sh,2026-09-27T03:25:11Z,PHerc0826-seed3037,1,no,0,0,no patch written,93843ddd6aec7b90,2.0,111,1,0.2806,batch-2401-6400-0826
tools/ladder_par.sh,2026-09-27T03:25:14Z,PHerc0826-seed3043,1,no,0,0,no patch written,1ae3568a391cda4f,1.8,111,1,0.2645,batch-2401-6400-0826
tools/ladder_par.sh,2026-09-27T03:25:19Z,PHerc0826-seed3044,0,no,2,9,ended by itself,56d0520bb0477704,1.9,110,1,0.1865,batch-2401-6400-0826
tools/ladder_par.sh,2026-09-27T03:25:46Z,PHerc0826-seed2974,124,yes,120,0,still growing at the cap,9f0aade8f831b912,3.0,110,1,0.2188,batch-2401-6400-0826
tools/ladder_par.sh,2026-09-27T03:25:50Z,PHerc0826-seed3046,0,no,24,140,ended by itself,926c985bb92afeca,3.2,110,1,0.1834,batch-2401-6400-0826
tools/ladder_par.sh,2026-09-27T03:26:14Z,PHerc0826-seed3063,1,no,0,0,no patch written,baebdba503c50367,3.3,112,1,0.0855,batch-2401-6400-0826
tools/ladder_par.sh,2026-09-27T03:26:29Z,PHerc0826-seed3083,1,no,0,0,no patch written,0e54fe9e47af9ef3,4.9,109,1,0.2835,batch-2401-6400-0826
tools/ladder_par.sh,2026-09-27T03:26:41Z,PHerc0826-seed3064,1,no,0,0,no patch written,70f2458c58cf44af,3.2,111,1,0.1230,batch-2401-6400-0826
tools/ladder_par.sh,2026-09-27T03:26:44Z,PHerc0826-seed3094,1,no,0,0,no patch written,b2695571d57641e3,2.4,111,1,0.2806,batch-2401-6400-0826
tools/ladder_par.sh,2026-09-27T03:26:47Z,PHerc0826-seed3077,0,no,1,3,ended by itself,4daf31720a6a30f6,2.3,111,1,0.1575,batch-2401-6400-0826
tools/ladder_par.sh,2026-09-27T03:27:02Z,PHerc0826-seed3123,1,no,0,0,no patch written,a8e2cefd83c99368,4.0,108,3,0.0548,batch-2401-6400-0826
tools/ladder_par.sh,2026-09-27T03:27:04Z,PHerc0826-seed3101,0,no,5,27,ended by itself,1c13bd4a3b0e1040,3.3,109,2,0.2412,batch-2401-6400-0826
tools/ladder_par.sh,2026-09-27T03:27:16Z,PHerc0826-seed3100,0,no,20,101,ended by itself,a1e087e240e2f9b6,2.9,110,1,0.2149,batch-2401-6400-0826
tools/ladder_par.sh,2026-09-27T03:27:17Z,PHerc0826-seed3131,1,no,0,0,no patch written,5832a7d65f748769,4.2,107,1,0.1267,batch-2401-6400-0826
tools/ladder_par.sh,2026-09-27T03:27:21Z,PHerc0826-seed3134,1,no,1,0,no patch written,f1f795b51a434ec6,3.9,107,1,0.0868,batch-2401-6400-0826
tools/ladder_par.sh,2026-09-27T03:27:29Z,PHerc0826-seed3137,1,no,0,0,no patch written,79089802cba58476,3.5,107,1,0.2417,batch-2401-6400-0826
tools/ladder_par.sh,2026-09-27T03:27:33Z,PHerc0826-seed3142,1,no,0,0,no patch written,a6b951f398f8bcea,3.3,107,1,0.1396,batch-2401-6400-0826
tools/ladder_par.sh,2026-09-27T03:27:45Z,PHerc0826-seed3152,1,no,1,0,no patch written,324514323f2f548c,4.2,106,2,0.2558,batch-2401-6400-0826
tools/ladder_par.sh,2026-09-27T03:27:48Z,PHerc0826-seed3160,1,no,0,0,no patch written,6992d59d355025d1,4.2,106,2,0.2444,batch-2401-6400-0826
tools/ladder_par.sh,2026-09-27T03:28:05Z,PHerc0826-seed3168,0,no,2,8,ended by itself,d5651eefeb7f2b2c,4.5,104,3,0.1703,batch-2401-6400-0826
tools/ladder_par.sh,2026-09-27T03:28:12Z,PHerc0826-seed3048,124,yes,121,0,still growing at the cap,cc7c111889ce1cec,3.3,113,0,0.2552,batch-2401-6400-0826
tools/ladder_par.sh,2026-09-27T03:28:18Z,PHerc0826-seed3171,1,no,0,0,no patch written,791b94a8affd2254,5.0,107,2,0.1456,batch-2401-6400-0826
tools/ladder_par.sh,2026-09-27T03:28:25Z,PHerc0826-seed3173,1,no,0,0,no patch written,e19658f40700578c,4.7,105,2,0.2636,batch-2401-6400-0826
tools/ladder_par.sh,2026-09-27T03:28:34Z,PHerc0826-seed3183,0,no,0,3,ended by itself,d0311f4a145fc97f,5.5,104,2,0.2506,batch-2401-6400-0826
tools/ladder_par.sh,2026-09-27T03:28:40Z,PHerc0826-seed3192,1,no,0,0,no patch written,3d1b52a4d4e8105d,5.6,104,2,0.2455,batch-2401-6400-0826
tools/ladder_par.sh,2026-09-27T03:28:56Z,PHerc0826-seed3212,1,no,0,0,no patch written,c8adb0409a026018,5.9,102,3,0.1867,batch-2401-6400-0826
tools/ladder_par.sh,2026-09-27T03:29:11Z,PHerc0826-seed3218,1,no,0,0,no patch written,e6d76d90710b7444,6.3,101,3,0.1870,batch-2401-6400-0826
tools/ladder_par.sh,2026-09-27T03:29:26Z,PHerc0826-seed3225,1,no,0,0,no patch written,c33a128d96ed36e3,5.7,99,3,0.0615,batch-2401-6400-0826
tools/ladder_par.sh,2026-09-27T03:29:36Z,PHerc0826-seed3149,124,yes,120,0,still growing at the cap,5044f160f952630d,3.3,107,1,0.2112,batch-2401-6400-0826
tools/ladder_par.sh,2026-09-27T03:29:42Z,PHerc0826-seed3226,1,no,0,0,no patch written,e77eaeef2560866d,6.5,101,2,0.1158,batch-2401-6400-0826
tools/ladder_par.sh,2026-09-27T03:29:49Z,PHerc0826-seed3227,1,no,0,0,no patch written,7c98082459eb201b,6.1,101,2,0.2683,batch-2401-6400-0826
tools/ladder_par.sh,2026-09-27T03:29:58Z,PHerc0826-seed3208,0,no,69,407,ended by itself,fb14d3e023e3012c,5.6,103,2,0.1352,batch-2401-6400-0826
tools/ladder_par.sh,2026-09-27T03:30:00Z,PHerc0826-seed3167,124,yes,120,0,still growing at the cap,d28a68b4d6525e9e,4.5,105,2,0.2416,batch-2401-6400-0826
tools/ladder_par.sh,2026-09-27T03:30:05Z,PHerc0826-seed3242,1,no,0,0,no patch written,1b4ceeb0fbda9fc1,5.9,105,1,0.0970,batch-2401-6400-0826
tools/ladder_par.sh,2026-09-27T03:30:08Z,PHerc0826-seed3240,0,no,11,72,ended by itself,4eeccde2f9d98092,6.3,100,2,0.2531,batch-2401-6400-0826
tools/ladder_par.sh,2026-09-27T03:30:11Z,PHerc0826-seed3243,1,no,0,0,no patch written,cdd55681caf278c7,4.7,105,0,0.2636,batch-2401-6400-0826
tools/ladder_par.sh,2026-09-27T03:30:14Z,PHerc0826-seed3245,1,no,0,0,no patch written,13f365148c11df00,4.2,105,0,0.2557,batch-2401-6400-0826
tools/ladder_par.sh,2026-09-27T03:30:20Z,PHerc0826-seed3258,1,no,0,0,no patch written,f0276baff9109d51,3.9,105,0,0.2392,batch-2401-6400-0826
tools/ladder_par.sh,2026-09-27T03:30:23Z,PHerc0826-seed3262,1,no,0,0,no patch written,e831ac37785e7b6a,3.8,105,0,0.1573,batch-2401-6400-0826
tools/ladder_par.sh,2026-09-27T03:30:27Z,PHerc0826-seed3275,1,no,1,0,no patch written,5577fd927f58d849,3.8,105,0,0.0650,batch-2401-6400-0826
tools/ladder_par.sh,2026-09-27T03:30:30Z,PHerc0826-seed3278,1,no,1,0,no patch written,cad18289342d440b,3.9,105,0,0.2799,batch-2401-6400-0826
tools/ladder_par.sh,2026-09-27T03:30:36Z,PHerc0826-seed3286,1,no,1,0,no patch written,85211b631d94e702,4.1,105,0,0.2608,batch-2401-6400-0826
tools/ladder_par.sh,2026-09-27T03:30:39Z,PHerc0826-seed3289,1,no,1,0,no patch written,38152f96eb9ed7b2,3.8,106,0,0.0265,batch-2401-6400-0826
tools/ladder_par.sh,2026-09-27T03:30:42Z,PHerc0826-seed3290,1,no,0,0,no patch written,15df4be918ef429a,3.7,106,0,0.1291,batch-2401-6400-0826
tools/ladder_par.sh,2026-09-27T03:30:45Z,PHerc0826-seed3296,1,no,0,0,no patch written,6a985c34cc7d0abb,3.7,105,0,0.2198,batch-2401-6400-0826
tools/ladder_par.sh,2026-09-27T03:30:51Z,PHerc0826-seed3297,1,no,0,0,no patch written,fddbe6be076b0ab4,3.9,105,0,0.2860,batch-2401-6400-0826
tools/ladder_par.sh,2026-09-27T03:30:54Z,PHerc0826-seed3308,1,no,0,0,no patch written,459a3e92fffad6e8,3.9,106,0,0.2716,batch-2401-6400-0826
tools/ladder_par.sh,2026-09-27T03:30:57Z,PHerc0826-seed3309,1,no,0,0,no patch written,6e225f62bb9fa011,4.0,105,0,0.2557,batch-2401-6400-0826
tools/ladder_par.sh,2026-09-27T03:31:00Z,PHerc0826-seed3316,1,no,0,0,no patch written,38cfc598110db4f1,4.0,105,0,0.2522,batch-2401-6400-0826
tools/ladder_par.sh,2026-09-27T03:31:06Z,PHerc0826-seed3335,1,no,0,0,no patch written,8fb312c645912ca2,4.8,105,0,0.2598,batch-2401-6400-0826
tools/ladder_par.sh,2026-09-27T03:31:12Z,PHerc0826-seed3336,1,no,0,0,no patch written,03f4b8e461418e6d,4.8,105,0,0.2336,batch-2401-6400-0826
tools/ladder_par.sh,2026-09-27T03:31:18Z,PHerc0826-seed3349,1,no,0,0,no patch written,525868833d2d5a39,4.8,109,1,0.2835,batch-2401-6400-0826
tools/ladder_par.sh,2026-09-27T03:31:22Z,PHerc0826-seed3352,1,no,1,0,no patch written,c16f0db538005a93,5.5,108,1,0.2235,batch-2401-6400-0826
tools/ladder_par.sh,2026-09-27T03:31:28Z,PHerc0826-seed3353,1,no,1,0,no patch written,b9be0a7b673bb085,7.4,108,1,0.2392,batch-2401-6400-0826
tools/ladder_par.sh,2026-09-27T03:31:34Z,PHerc0826-seed3362,1,no,1,0,no patch written,afe2b7deb3bc8885,6.4,106,1,0.2902,batch-2401-6400-0826
tools/ladder_par.sh,2026-09-27T03:31:44Z,PHerc0826-seed3382,0,no,1,6,ended by itself,9e85c600a796df38,6.1,106,2,0.2412,batch-2401-6400-0826
tools/ladder_par.sh,2026-09-27T03:31:49Z,PHerc0826-seed3383,1,no,0,0,no patch written,bdfbce162c721595,6.3,106,2,0.2570,batch-2401-6400-0826
tools/ladder_par.sh,2026-09-27T03:31:56Z,PHerc0826-seed3368,0,no,19,111,ended by itself,59aa8503c20e2294,5.5,106,1,0.2147,batch-2401-6400-0826
tools/ladder_par.sh,2026-09-27T03:31:58Z,PHerc0826-seed3384,1,no,0,0,no patch written,6df1ba96258331c8,5.8,106,1,0.2857,batch-2401-6400-0826
tools/ladder_par.sh,2026-09-27T03:32:04Z,PHerc0826-seed3389,1,no,0,0,no patch written,5cb723cb6179679c,5.9,106,1,0.2193,batch-2401-6400-0826
tools/ladder_par.sh,2026-09-27T03:32:06Z,PHerc0826-seed3344,0,no,51,245,ended by itself,2f2f5f6d2a93a26a,4.5,105,0,0.1743,batch-2401-6400-0826
tools/ladder_par.sh,2026-09-27T03:32:09Z,PHerc0826-seed3395,1,no,0,0,no patch written,4832a95793450070,5.6,107,0,0.2860,batch-2401-6400-0826
tools/ladder_par.sh,2026-09-27T03:32:21Z,PHerc0826-seed3397,0,no,8,39,ended by itself,98676c645d58affb,5.1,107,0,0.2422,batch-2401-6400-0826
tools/ladder_par.sh,2026-09-27T03:32:24Z,PHerc0826-seed3409,0,no,5,24,ended by itself,f58ddb32be200ef1,5.2,106,1,0.0822,batch-2401-6400-0826
tools/ladder_par.sh,2026-09-27T03:32:26Z,PHerc0826-seed3414,1,no,1,0,no patch written,911d22c158342f38,5.7,105,1,0.2421,batch-2401-6400-0826
tools/ladder_par.sh,2026-09-27T03:32:34Z,PHerc0826-seed3428,1,no,0,0,no patch written,6edfac2ae6b45381,5.9,104,1,0.0607,batch-2401-6400-0826
tools/ladder_par.sh,2026-09-27T03:32:41Z,PHerc0826-seed3433,1,no,0,0,no patch written,97c538ed0326ed21,6.2,103,2,0.2432,batch-2401-6400-0826
tools/ladder_par.sh,2026-09-27T03:32:42Z,PHerc0826-seed3429,0,no,5,18,ended by itself,9af3a9d0a8788d7d,5.9,104,1,0.1301,batch-2401-6400-0826
tools/ladder_par.sh,2026-09-27T03:32:50Z,PHerc0826-seed3436,1,no,1,0,no patch written,e19ae350d405feb2,6.7,102,1,0.2466,batch-2401-6400-0826
tools/ladder_par.sh,2026-09-27T03:32:55Z,PHerc0826-seed3440,1,no,0,0,no patch written,f4692da34079e683,6.2,102,1,0.2499,batch-2401-6400-0826
tools/ladder_par.sh,2026-09-27T03:32:58Z,PHerc0826-seed3442,0,no,0,1,ended by itself,ea85eb0c7222ccc7,6.0,102,1,0.2444,batch-2401-6400-0826
tools/ladder_par.sh,2026-09-27T03:33:05Z,PHerc0826-seed3444,1,no,0,0,no patch written,1048b636f6f37426,6.2,101,1,0.1108,batch-2401-6400-0826
tools/ladder_par.sh,2026-09-27T03:33:11Z,PHerc0826-seed3446,1,no,1,0,no patch written,4a97d01d0d5c7529,6.3,101,1,0.2100,batch-2401-6400-0826
tools/ladder_par.sh,2026-09-27T03:33:13Z,PHerc0826-seed3448,1,no,0,0,no patch written,c9e458bc5fdabf76,5.7,101,1,0.2773,batch-2401-6400-0826
tools/ladder_par.sh,2026-09-27T03:33:21Z,PHerc0826-seed3452,0,no,1,6,ended by itself,f783c987b7196119,5.1,101,1,0.2695,batch-2401-6400-0826
tools/ladder_par.sh,2026-09-27T03:33:26Z,PHerc0826-seed3457,1,no,0,0,no patch written,18394ab28999b679,5.2,100,1,0.1381,batch-2401-6400-0826
tools/ladder_par.sh,2026-09-27T03:33:29Z,PHerc0826-seed3459,1,no,0,0,no patch written,f42f1ed2f8a80f47,5.3,100,1,0.2799,batch-2401-6400-0826
tools/ladder_par.sh,2026-09-27T03:33:35Z,PHerc0826-seed3465,1,no,0,0,no patch written,aa7292f74ada0a93,6.0,100,1,0.2400,batch-2401-6400-0826
tools/ladder_par.sh,2026-09-27T03:33:43Z,PHerc0826-seed3468,1,no,0,0,no patch written,8b325c14a4d5f327,5.9,100,1,0.2427,batch-2401-6400-0826
tools/ladder_par.sh,2026-09-27T03:33:46Z,PHerc0826-seed3481,1,no,1,0,no patch written,1b529d45a9eeb200,5.9,100,1,0.1575,batch-2401-6400-0826
tools/ladder_par.sh,2026-09-27T03:33:55Z,PHerc0826-seed3485,0,no,4,33,ended by itself,1273cb623572f5ab,6.1,100,1,0.1916,batch-2401-6400-0826
tools/ladder_par.sh,2026-09-27T03:34:01Z,PHerc0826-seed3491,1,no,0,0,no patch written,b3fdd57b234b0f5e,6.6,99,2,0.2198,batch-2401-6400-0826
tools/ladder_par.sh,2026-09-27T03:34:09Z,PHerc0826-seed3494,1,no,0,0,no patch written,56f0989322046149,6.7,98,2,0.2480,batch-2401-6400-0826
tools/ladder_par.sh,2026-09-27T03:34:16Z,PHerc0826-seed3497,1,no,0,0,no patch written,5ec73250af1e58fc,7.0,99,2,0.2646,batch-2401-6400-0826
tools/ladder_par.sh,2026-09-27T03:34:23Z,PHerc0826-seed3412,124,yes,121,0,still growing at the cap,f7f82ce6ad49d037,5.4,106,1,0.0594,batch-2401-6400-0826
tools/ladder_par.sh,2026-09-27T03:34:32Z,PHerc0826-seed3506,1,no,1,0,no patch written,f2f8550e93ba2d5e,6.1,101,2,0.2860,batch-2401-6400-0826
tools/ladder_par.sh,2026-09-27T03:34:34Z,PHerc0826-seed3502,0,no,10,59,ended by itself,110c4727f1edf620,6.0,102,1,0.2074,batch-2401-6400-0826
tools/ladder_par.sh,2026-09-27T03:34:36Z,PHerc0826-seed3507,1,no,0,0,no patch written,d235d641ec29ee94,6.7,101,1,0.2545,batch-2401-6400-0826
tools/ladder_par.sh,2026-09-27T03:34:50Z,PHerc0826-seed3511,0,no,0,1,ended by itself,cd22744d48192a6e,6.2,100,2,0.2984,batch-2401-6400-0826
tools/ladder_par.sh,2026-09-27T03:34:53Z,PHerc0826-seed3515,1,no,0,0,no patch written,921da96ccdff09e4,6.5,99,2,0.2681,batch-2401-6400-0826
tools/ladder_par.sh,2026-09-27T03:35:05Z,PHerc0826-seed3522,1,no,0,0,no patch written,987aca211a94a9f5,7.6,97,2,0.2455,batch-2401-6400-0826
tools/ladder_par.sh,2026-09-27T03:35:09Z,PHerc0826-seed3528,1,no,1,0,no patch written,175d0bff20830763,7.8,97,2,0.1778,batch-2401-6400-0826
tools/ladder_par.sh,2026-09-27T03:35:21Z,PHerc0826-seed3539,1,no,0,0,no patch written,58ff97a47c5b5117,7.6,95,2,0.1938,batch-2401-6400-0826
tools/ladder_par.sh,2026-09-27T03:35:25Z,PHerc0826-seed3544,1,no,0,0,no patch written,bf1db160260aa595,7.3,95,2,0.2792,batch-2401-6400-0826
tools/ladder_par.sh,2026-09-27T03:35:58Z,PHerc0826-seed3490,124,yes,120,0,still growing at the cap,2c1510d59f6b399b,6.5,100,1,0.1647,batch-2401-6400-0826
tools/ladder_par.sh,2026-09-27T03:36:21Z,PHerc0826-seed3548,1,no,0,0,no patch written,fa4342d77393a224,8.2,95,1,0.1924,batch-2401-6400-0826
tools/ladder_par.sh,2026-09-27T03:36:24Z,PHerc0826-seed3565,1,no,0,0,no patch written,670d1dad15019ac6,7.9,95,1,0.2695,batch-2401-6400-0826
tools/ladder_par.sh,2026-09-27T03:36:37Z,PHerc0826-seed3570,1,no,1,0,no patch written,cf2879edd7d5560c,7.7,94,1,0.2097,batch-2401-6400-0826
tools/ladder_par.sh,2026-09-27T03:36:47Z,PHerc0826-seed3509,124,yes,120,0,still growing at the cap,01637844d0ef01d9,6.0,101,1,0.1251,batch-2401-6400-0826
tools/ladder_par.sh,2026-09-27T03:36:52Z,PHerc0826-seed3579,1,no,0,0,no patch written,fc391ec43c8f0bf2,7.9,99,1,0.2025,batch-2401-6400-0826
tools/ladder_par.sh,2026-09-27T03:36:57Z,PHerc0826-seed3566,1,no,0,0,no patch written,be461fea38fe506e,7.1,98,1,0.2023,batch-2401-6400-0826
tools/ladder_par.sh,2026-09-27T03:36:57Z,PHerc0826-seed3576,0,no,18,92,ended by itself,43e5e5e6cbd8834c,7.6,93,1,0.1865,batch-2401-6400-0826
tools/ladder_par.sh,2026-09-27T03:37:08Z,PHerc0826-seed3588,0,no,0,1,ended by itself,ddc4b3956804e9bc,7.2,98,0,0.1301,batch-2401-6400-0826
tools/ladder_par.sh,2026-09-27T03:37:23Z,PHerc0826-seed3609,0,no,9,47,ended by itself,df3000df38aa0943,7.6,97,1,0.0876,batch-2401-6400-0826
tools/ladder_par.sh,2026-09-27T03:37:23Z,PHerc0826-seed3612,1,no,0,0,no patch written,fbdccefe1870005f,9.6,99,2,0.2349,batch-2401-6400-0826
tools/ladder_par.sh,2026-09-27T03:37:37Z,PHerc0826-seed3616,1,no,0,0,no patch written,3970db86e58cce05,10.0,98,1,0.2175,batch-2401-6400-0826
tools/ladder_par.sh,2026-09-27T03:37:40Z,PHerc0826-seed3621,1,no,0,0,no patch written,e7e7fe030e81d18a,9.5,97,1,0.1810,batch-2401-6400-0826
tools/ladder_par.sh,2026-09-27T03:37:44Z,PHerc0826-seed3583,1,no,0,0,no patch written,f8569e859fba5433,9.5,97,1,0.2276,batch-2401-6400-0826
tools/ladder_par.sh,2026-09-27T03:37:53Z,PHerc0826-seed3624,1,no,1,0,no patch written,783ccc993a656a3d,9.6,96,1,0.2552,batch-2401-6400-0826
tools/ladder_par.sh,2026-09-27T03:37:56Z,PHerc0826-seed3637,1,no,0,0,no patch written,e7c23b18076b4226,9.2,96,1,0.2799,batch-2401-6400-0826
tools/ladder_par.sh,2026-09-27T03:38:12Z,PHerc0826-seed3651,1,no,0,0,no patch written,2a8dd41d23e75552,10.5,95,3,0.2428,batch-2401-6400-0826
tools/ladder_par.sh,2026-09-27T03:38:13Z,PHerc0826-seed3647,0,no,13,91,ended by itself,067545f2c5a63302,9.2,96,1,0.2683,batch-2401-6400-0826
tools/ladder_par.sh,2026-09-27T03:38:27Z,PHerc0826-seed3655,1,no,0,0,no patch written,7831f2a566f79a1c,9.6,94,2,0.0594,batch-2401-6400-0826
tools/ladder_par.sh,2026-09-27T03:38:30Z,PHerc0826-seed3664,1,no,0,0,no patch written,2ae53b3c07f4bdd3,9.1,93,2,0.2522,batch-2401-6400-0826
tools/ladder_par.sh,2026-09-27T03:38:43Z,PHerc0826-seed3671,1,no,0,0,no patch written,d68aaa5de44ae448,9.3,93,2,0.1944,batch-2401-6400-0826
tools/ladder_par.sh,2026-09-27T03:38:50Z,PHerc0826-seed3673,0,no,1,5,ended by itself,32d26686222fdbbc,9.4,93,2,0.2090,batch-2401-6400-0826
tools/ladder_par.sh,2026-09-27T03:38:58Z,PHerc0826-seed3682,1,no,0,0,no patch written,93f52bd2aaf4d843,10.3,96,2,0.2244,batch-2401-6400-0826
tools/ladder_par.sh,2026-09-27T03:39:04Z,PHerc0826-seed3686,1,no,0,0,no patch written,61025a3c84c8c163,10.7,95,2,0.2417,batch-2401-6400-0826
tools/ladder_par.sh,2026-09-27T03:39:11Z,PHerc0826-seed3607,124,yes,120,0,still growing at the cap,15b061a86842f165,7.2,98,0,0.1755,batch-2401-6400-0826
tools/ladder_par.sh,2026-09-27T03:39:14Z,PHerc0826-seed3691,1,no,0,0,no patch written,e6699505bf2428c7,11.4,103,1,0.2360,batch-2401-6400-0826
tools/ladder_par.sh,2026-09-27T03:39:20Z,PHerc0826-seed3701,1,no,0,0,no patch written,f2712cffa9d7c9f6,11.5,104,1,0.2650,batch-2401-6400-0826
tools/ladder_par.sh,2026-09-27T03:39:25Z,PHerc0826-seed3709,1,no,0,0,no patch written,c69d0c4286c410c9,10.1,104,1,0.2835,batch-2401-6400-0826
tools/ladder_par.sh,2026-09-27T03:39:29Z,PHerc0826-seed3712,1,no,0,0,no patch written,0cdf468b5cac06f7,8.7,104,1,0.1908,batch-2401-6400-0826
tools/ladder_par.sh,2026-09-27T03:39:36Z,PHerc0826-seed3717,0,no,0,4,ended by itself,d8712ff649c6fe6c,7.4,103,1,0.0862,batch-2401-6400-0826
tools/ladder_par.sh,2026-09-27T03:39:45Z,PHerc0826-seed3724,1,no,0,0,no patch written,983b2abaeb23d035,7.9,101,2,0.2087,batch-2401-6400-0826
tools/ladder_par.sh,2026-09-27T03:39:51Z,PHerc0826-seed3733,1,no,0,0,no patch written,e3650d122001f685,8.6,100,2,0.2665,batch-2401-6400-0826
tools/ladder_par.sh,2026-09-27T03:40:00Z,PHerc0826-seed3737,1,no,0,0,no patch written,e58ac84ea7eaf3b8,8.8,99,2,0.2480,batch-2401-6400-0826
tools/ladder_par.sh,2026-09-27T03:40:07Z,PHerc0826-seed3741,1,no,0,0,no patch written,e5c395eae94c6299,9.0,98,2,0.2573,batch-2401-6400-0826
tools/ladder_par.sh,2026-09-27T03:40:08Z,PHerc0826-seed3648,124,yes,120,0,still growing at the cap,30d5ff1a65888377,10.1,95,2,0.2520,batch-2401-6400-0826
tools/ladder_par.sh,2026-09-27T03:40:16Z,PHerc0826-seed3744,1,no,0,0,no patch written,0cf52f0d5dc48e8e,8.4,101,1,0.2847,batch-2401-6400-0826
tools/ladder_par.sh,2026-09-27T03:40:22Z,PHerc0826-seed3750,1,no,0,0,no patch written,cafb7e5b6a3542c2,7.9,101,1,0.2552,batch-2401-6400-0826
tools/ladder_par.sh,2026-09-27T03:40:25Z,PHerc0826-seed3757,1,no,0,0,no patch written,d3441c6aff324788,7.7,100,1,0.2902,batch-2401-6400-0826
tools/ladder_par.sh,2026-09-27T03:40:38Z,PHerc0826-seed3779,1,no,1,0,no patch written,a2194be96ababbd2,8.1,100,2,0.2214,batch-2401-6400-0826
tools/ladder_par.sh,2026-09-27T03:40:39Z,PHerc0826-seed3759,0,no,8,47,ended by itself,48b9fde6f4dc8bf7,8.0,100,1,0.1748,batch-2401-6400-0826
tools/ladder_par.sh,2026-09-27T03:40:41Z,PHerc0826-seed3781,1,no,1,0,no patch written,5657826a6bf090a6,8.2,100,1,0.1877,batch-2401-6400-0826
tools/ladder_par.sh,2026-09-27T03:40:53Z,PHerc0826-seed3782,1,no,0,0,no patch written,6dbafe0db44d5d85,7.7,100,1,0.2681,batch-2401-6400-0826
tools/ladder_par.sh,2026-09-27T03:40:56Z,PHerc0826-seed3785,1,no,0,0,no patch written,a9449707b1ef6a0d,7.7,100,1,0.1947,batch-2401-6400-0826
tools/ladder_par.sh,2026-09-27T03:40:59Z,PHerc0826-seed3786,1,no,0,0,no patch written,1a8532549b7b367b,7.8,100,1,0.2370,batch-2401-6400-0826
tools/ladder_par.sh,2026-09-27T03:41:15Z,PHerc0826-seed3800,1,no,1,0,no patch written,928b16890695724d,9.2,98,3,0.2100,batch-2401-6400-0826
tools/ladder_par.sh,2026-09-27T03:41:16Z,PHerc0826-seed3794,0,no,8,32,ended by itself,ece336e9d84a41fa,8.5,99,1,0.1867,batch-2401-6400-0826
tools/ladder_par.sh,2026-09-27T03:41:17Z,PHerc0826-seed3796,0,no,6,33,ended by itself,5e7bc1a57691689c,8.7,99,2,0.1575,batch-2401-6400-0826
tools/ladder_par.sh,2026-09-27T03:41:22Z,PHerc0826-seed3722,0,no,101,545,ended by itself,80659b5cf65a1e43,7.5,102,1,0.2066,batch-2401-6400-0826
tools/ladder_par.sh,2026-09-27T03:41:30Z,PHerc0826-seed3807,1,no,0,0,no patch written,c54306824d407334,8.2,103,0,0.2716,batch-2401-6400-0826
tools/ladder_par.sh,2026-09-27T03:41:33Z,PHerc0826-seed3811,1,no,0,0,no patch written,121fae45c800e995,7.5,103,0,0.1428,batch-2401-6400-0826
tools/ladder_par.sh,2026-09-27T03:41:36Z,PHerc0826-seed3813,1,no,0,0,no patch written,2b0703716603672d,7.6,103,0,0.2857,batch-2401-6400-0826
tools/ladder_par.sh,2026-09-27T03:41:42Z,PHerc0826-seed3815,0,no,3,20,ended by itself,93fe966e92d18f89,7.6,103,0,0.2302,batch-2401-6400-0826
tools/ladder_par.sh,2026-09-27T03:41:45Z,PHerc0826-seed3817,1,no,0,0,no patch written,0217ed21edbbd0da,8.2,102,0,0.2301,batch-2401-6400-0826
tools/ladder_par.sh,2026-09-27T03:41:48Z,PHerc0826-seed3826,1,no,0,0,no patch written,b61eff9333fd07df,8.0,102,0,0.2329,batch-2401-6400-0826
tools/ladder_par.sh,2026-09-27T03:41:51Z,PHerc0826-seed3827,1,no,0,0,no patch written,9cd1bcc81c3c67f3,7.5,104,0,0.2294,batch-2401-6400-0826
tools/ladder_par.sh,2026-09-27T03:41:56Z,PHerc0826-seed3828,1,no,0,0,no patch written,abaff4bf9986d1f3,7.0,104,0,0.2750,batch-2401-6400-0826
tools/ladder_par.sh,2026-09-27T03:42:01Z,PHerc0826-seed3832,1,no,0,0,no patch written,37cfe606d8cb3b11,6.3,104,0,0.2255,batch-2401-6400-0826
tools/ladder_par.sh,2026-09-27T03:42:07Z,PHerc0826-seed3843,1,no,0,0,no patch written,c32d6fd52390a45c,5.8,103,1,0.2556,batch-2401-6400-0826
tools/ladder_par.sh,2026-09-27T03:42:11Z,PHerc0826-seed3850,1,no,0,0,no patch written,34616db9f933cf98,6.7,107,1,0.2970,batch-2401-6400-0826
tools/ladder_par.sh,2026-09-27T03:42:17Z,PHerc0826-seed3864,1,no,1,0,no patch written,1124a4801580436b,8.9,106,1,0.2040,batch-2401-6400-0826
tools/ladder_par.sh,2026-09-27T03:42:27Z,PHerc0826-seed3867,1,no,0,0,no patch written,07f49831095189eb,9.9,104,2,0.2461,batch-2401-6400-0826
tools/ladder_par.sh,2026-09-27T03:42:32Z,PHerc0826-seed3871,1,no,0,0,no patch written,9a0ed8797d38028f,10.7,103,2,0.2750,batch-2401-6400-0826
tools/ladder_par.sh,2026-09-27T03:42:43Z,PHerc0826-seed3873,1,no,0,0,no patch written,641a730de085ae2d,10.9,102,2,0.2533,batch-2401-6400-0826
tools/ladder_par.sh,2026-09-27T03:42:48Z,PHerc0826-seed3866,0,no,26,152,ended by itself,fdd9867a4a223e76,9.8,105,1,0.2683,batch-2401-6400-0826
tools/ladder_par.sh,2026-09-27T03:42:58Z,PHerc0826-seed3883,1,no,0,0,no patch written,524c88bd0ebdb24f,8.1,101,2,0.2204,batch-2401-6400-0826
tools/ladder_par.sh,2026-09-27T03:43:02Z,PHerc0826-seed3884,1,no,1,0,no patch written,57e63cd8fbde4acd,7.9,101,2,0.2214,batch-2401-6400-0826
tools/ladder_par.sh,2026-09-27T03:43:14Z,PHerc0826-seed3885,1,no,0,0,no patch written,84b9a298d74ab050,8.0,99,2,0.2432,batch-2401-6400-0826
tools/ladder_par.sh,2026-09-27T03:43:17Z,PHerc0826-seed3886,1,no,0,0,no patch written,7a12a110dadab874,7.8,98,2,0.2970,batch-2401-6400-0826
tools/ladder_par.sh,2026-09-27T03:43:30Z,PHerc0826-seed3887,1,no,1,0,no patch written,df309bf6f3206bcc,7.9,97,2,0.2151,batch-2401-6400-0826
tools/ladder_par.sh,2026-09-27T03:43:33Z,PHerc0826-seed3893,1,no,0,0,no patch written,02e4a3b2d4b8a800,7.7,97,2,0.1915,batch-2401-6400-0826
tools/ladder_par.sh,2026-09-27T03:43:47Z,PHerc0826-seed3894,0,no,2,7,ended by itself,3d070e7012727e77,7.7,96,2,0.2552,batch-2401-6400-0826
tools/ladder_par.sh,2026-09-27T03:43:48Z,PHerc0826-seed3907,1,no,0,0,no patch written,8092a0bac5b1274d,7.8,96,2,0.1131,batch-2401-6400-0826
tools/ladder_par.sh,2026-09-27T03:44:04Z,PHerc0826-seed3915,1,no,0,0,no patch written,28fbaa0573a2fe7d,7.8,95,3,0.2765,batch-2401-6400-0826
tools/ladder_par.sh,2026-09-27T03:44:04Z,PHerc0826-seed3839,124,yes,120,0,still growing at the cap,437a784d2f093f0e,5.7,104,0,0.1847,batch-2401-6400-0826
tools/ladder_par.sh,2026-09-27T03:44:20Z,PHerc0826-seed3920,139,no,3,0,no patch written,6bbcdea654c69f3d,8.5,97,2,0.2175,batch-2401-6400-0826
tools/ladder_par.sh,2026-09-27T03:44:30Z,PHerc0826-seed3928,0,no,9,62,ended by itself,a669bf0a71ca9eb7,8.1,97,2,0.1997,batch-2401-6400-0826
tools/ladder_par.sh,2026-09-27T03:44:34Z,PHerc0826-seed3940,1,no,0,0,no patch written,5f55ef856b4595fc,8.4,97,2,0.2403,batch-2401-6400-0826
tools/ladder_par.sh,2026-09-27T03:44:44Z,PHerc0826-seed3941,1,no,0,0,no patch written,77afe179dcd1ecd6,7.9,101,2,0.2835,batch-2401-6400-0826
tools/ladder_par.sh,2026-09-27T03:44:48Z,PHerc0826-seed3880,124,yes,120,0,still growing at the cap,df8edab761112fa0,9.7,103,1,0.1947,batch-2401-6400-0826
tools/ladder_par.sh,2026-09-27T03:44:49Z,PHerc0826-seed3946,1,no,0,0,no patch written,d2b3fb6daf153670,7.8,104,1,0.1832,batch-2401-6400-0826
tools/ladder_par.sh,2026-09-27T03:45:03Z,PHerc0826-seed3952,1,no,1,0,no patch written,6e7d0c98df771e9a,6.8,102,2,0.2040,batch-2401-6400-0826
tools/ladder_par.sh,2026-09-27T03:45:21Z,PHerc0826-seed3970,0,no,3,14,ended by itself,916fb4d23897df46,9.3,98,3,0.2609,batch-2401-6400-0826
tools/ladder_par.sh,2026-09-27T03:45:38Z,PHerc0826-seed3975,0,no,4,23,ended by itself,edcb8255006fa7f5,9.1,95,3,0.1458,batch-2401-6400-0826
tools/ladder_par.sh,2026-09-27T03:45:52Z,PHerc0826-seed3979,1,no,0,0,no patch written,6fe4c15c4e629132,9.3,94,3,0.2413,batch-2401-6400-0826
tools/ladder_par.sh,2026-09-27T03:46:01Z,PHerc0826-seed3911,124,yes,120,0,still growing at the cap,3dca59658e6bdda5,7.6,95,2,0.1537,batch-2401-6400-0826
tools/ladder_par.sh,2026-09-27T03:46:08Z,PHerc0826-seed3982,1,no,1,0,no patch written,518549730a76aade,7.9,98,2,0.1333,batch-2401-6400-0826
tools/ladder_par.sh,2026-09-27T03:47:00Z,PHerc0826-seed3950,124,yes,121,0,still growing at the cap,02842bb4c80f57cb,6.7,103,1,0.1744,batch-2401-6400-0826
tools/ladder_par.sh,2026-09-27T03:47:05Z,PHerc0826-seed3991,0,no,8,34,ended by itself,2c75fe7c23583ce2,7.4,96,2,0.1600,batch-2401-6400-0826
tools/ladder_par.sh,2026-09-27T03:47:06Z,PHerc0826-seed3953,124,yes,120,0,still growing at the cap,1d31bdf4afbd07da,6.9,102,2,0.2302,batch-2401-6400-0826
tools/ladder_par.sh,2026-09-27T03:47:07Z,PHerc0826-seed4005,0,no,2,11,ended by itself,774e3e24e53670e9,6.9,100,2,0.1433,batch-2401-6400-0826
tools/ladder_par.sh,2026-09-27T03:47:25Z,PHerc0826-seed4020,1,no,1,0,no patch written,2ffe4e85705814b7,7.3,102,1,0.0758,batch-2401-6400-0826
tools/ladder_par.sh,2026-09-27T03:47:40Z,PHerc0826-seed4025,1,no,0,0,no patch written,0d7ea805350e9381,7.8,99,1,0.2552,batch-2401-6400-0826
tools/ladder_par.sh,2026-09-27T03:47:56Z,PHerc0826-seed4028,1,no,0,0,no patch written,03198522a016982f,5.8,104,1,0.2303,batch-2401-6400-0826
tools/ladder_par.sh,2026-09-27T03:47:58Z,PHerc0826-seed4007,1,no,0,0,no patch written,3fd134c0653c2b45,5.2,103,1,0.2533,batch-2401-6400-0826
tools/ladder_par.sh,2026-09-27T03:48:12Z,PHerc0826-seed4035,1,no,1,0,no patch written,a960cfe926c18874,5.2,101,2,0.1915,batch-2401-6400-0826
tools/ladder_par.sh,2026-09-27T03:48:14Z,PHerc0826-seed4042,1,no,0,0,no patch written,f1fbd65c0fbc33a4,5.3,101,2,0.2377,batch-2401-6400-0826
tools/ladder_par.sh,2026-09-27T03:48:21Z,PHerc0826-seed4010,0,no,16,81,ended by itself,5220a5e44bd6c3a7,5.0,103,1,0.1867,batch-2401-6400-0826
tools/ladder_par.sh,2026-09-27T03:48:27Z,PHerc0826-seed4046,1,no,0,0,no patch written,a77c2cb677cbabda,5.3,102,1,0.2294,batch-2401-6400-0826
tools/ladder_par.sh,2026-09-27T03:48:30Z,PHerc0826-seed4053,1,no,0,0,no patch written,ff90938abd2aa2e0,4.7,102,1,0.1035,batch-2401-6400-0826
tools/ladder_par.sh,2026-09-27T03:48:35Z,PHerc0826-seed4054,1,no,0,0,no patch written,4c98bb23c93b58a3,4.8,101,1,0.2036,batch-2401-6400-0826
tools/ladder_par.sh,2026-09-27T03:49:19Z,PHerc0826-seed4009,124,yes,120,0,still growing at the cap,d27c5b70bd4993f5,6.1,103,0,0.1758,batch-2401-6400-0826
tools/ladder_par.sh,2026-09-27T03:49:36Z,PHerc0826-seed4064,0,no,4,14,ended by itself,66bb373ad51fb13f,7.8,96,3,0.2317,batch-2401-6400-0826
tools/ladder_par.sh,2026-09-27T03:49:50Z,PHerc0826-seed4066,1,no,0,0,no patch written,5630f1505bdf92b1,7.5,93,3,0.1456,batch-2401-6400-0826
tools/ladder_par.sh,2026-09-27T03:50:28Z,PHerc0826-seed4067,0,no,22,112,ended by itself,4deebe6455aa6741,9.1,90,3,0.2377,batch-2401-6400-0826
tools/ladder_par.sh,2026-09-27T03:50:42Z,PHerc0826-seed4069,1,no,0,0,no patch written,e17082005c47f094,8.3,88,3,0.2533,batch-2401-6400-0826
tools/ladder_par.sh,2026-09-27T03:50:43Z,PHerc0826-seed4058,124,yes,120,0,still growing at the cap,2cdfbe248199a443,4.7,101,1,0.1298,batch-2401-6400-0826
tools/ladder_par.sh,2026-09-27T03:50:46Z,PHerc0826-seed4062,124,yes,120,0,still growing at the cap,a13115dcfa15c108,5.1,100,2,0.2681,batch-2401-6400-0826
tools/ladder_par.sh,2026-09-27T03:50:51Z,PHerc0826-seed4063,124,yes,120,0,still growing at the cap,c2349a264b4c656e,6.5,99,3,0.1943,batch-2401-6400-0826
tools/ladder_par.sh,2026-09-27T03:50:57Z,PHerc0826-seed4070,1,no,1,0,no patch written,81f03689c5111540,5.8,101,0,0.2533,batch-2401-6400-0826
tools/ladder_par.sh,2026-09-27T03:51:00Z,PHerc0826-seed4081,1,no,0,0,no patch written,e0cbf8b1cc76edae,5.0,101,0,0.1756,batch-2401-6400-0826
tools/ladder_par.sh,2026-09-27T03:51:03Z,PHerc0826-seed4087,1,no,0,0,no patch written,c471846ce36807bc,4.9,100,0,0.0548,batch-2401-6400-0826
tools/ladder_par.sh,2026-09-27T03:51:06Z,PHerc0826-seed4092,1,no,0,0,no patch written,c9dc71c13044cab5,5.0,100,0,0.2087,batch-2401-6400-0826
tools/ladder_par.sh,2026-09-27T03:51:14Z,PHerc0826-seed4099,0,no,2,9,ended by itself,12353019eda6c980,5.1,100,0,0.2645,batch-2401-6400-0826
tools/ladder_par.sh,2026-09-27T03:51:18Z,PHerc0826-seed4118,1,no,0,0,no patch written,6dd11e01611b6d06,5.4,100,1,0.1702,batch-2401-6400-0826
tools/ladder_par.sh,2026-09-27T03:51:21Z,PHerc0826-seed4119,1,no,0,0,no patch written,054fb633f37f58bb,6.0,99,1,0.0687,batch-2401-6400-0826
tools/ladder_par.sh,2026-09-27T03:51:28Z,PHerc0826-seed4123,1,no,0,0,no patch written,b8c72b2c500a3ec6,7.0,99,1,0.2480,batch-2401-6400-0826
tools/ladder_par.sh,2026-09-27T03:51:35Z,PHerc0826-seed4126,1,no,0,0,no patch written,a8c95d2788df6d2d,7.0,98,1,0.1997,batch-2401-6400-0826
tools/ladder_par.sh,2026-09-27T03:51:46Z,PHerc0826-seed4127,0,no,8,60,ended by itself,2169102327930160,6.9,98,1,0.0615,batch-2401-6400-0826
tools/ladder_par.sh,2026-09-27T03:51:50Z,PHerc0826-seed4131,1,no,0,0,no patch written,0ed85a5cf0a6fc5a,8.2,97,2,0.2603,batch-2401-6400-0826
tools/ladder_par.sh,2026-09-27T03:51:51Z,PHerc0826-seed4109,0,no,36,212,ended by itself,d0414c9a8a616c8a,4.9,100,0,0.2349,batch-2401-6400-0826
tools/ladder_par.sh,2026-09-27T03:52:00Z,PHerc0826-seed4136,1,no,0,0,no patch written,e2b510bf2e41425c,7.6,97,1,0.0482,batch-2401-6400-0826
tools/ladder_par.sh,2026-09-27T03:52:05Z,PHerc0826-seed4137,1,no,0,0,no patch written,6e8773960a1cf8d2,7.4,97,1,0.0733,batch-2401-6400-0826
tools/ladder_par.sh,2026-09-27T03:52:09Z,PHerc0826-seed4138,0,no,1,4,ended by itself,ac581997e59bf9e2,7.3,98,1,0.2032,batch-2401-6400-0826
tools/ladder_par.sh,2026-09-27T03:52:16Z,PHerc0826-seed4141,1,no,0,0,no patch written,9df10a8ed10e85d7,7.1,97,1,0.2084,batch-2401-6400-0826
tools/ladder_par.sh,2026-09-27T03:52:21Z,PHerc0826-seed4146,1,no,0,0,no patch written,637d0af6473525f2,6.3,97,1,0.2765,batch-2401-6400-0826
tools/ladder_par.sh,2026-09-27T03:52:24Z,PHerc0826-seed4152,1,no,0,0,no patch written,019fe0f28644c1c6,6.2,97,1,0.0275,batch-2401-6400-0826
tools/ladder_par.sh,2026-09-27T03:52:31Z,PHerc0826-seed4156,1,no,0,0,no patch written,7bf372bc4c3675f5,7.3,96,1,0.1726,batch-2401-6400-0826
tools/ladder_par.sh,2026-09-27T03:52:37Z,PHerc0826-seed4160,1,no,0,0,no patch written,abd95241ebcd5b10,7.6,95,1,0.2025,batch-2401-6400-0826
tools/ladder_par.sh,2026-09-27T03:52:47Z,PHerc0826-seed4168,1,no,0,0,no patch written,c43423124bbc7b66,8.2,94,2,0.2573,batch-2401-6400-0826
tools/ladder_par.sh,2026-09-27T03:52:52Z,PHerc0826-seed4183,1,no,0,0,no patch written,51ec0b8189e3852b,8.3,93,2,0.2799,batch-2401-6400-0826
tools/ladder_par.sh,2026-09-27T03:53:03Z,PHerc0826-seed4189,1,no,0,0,no patch written,1de189e61880480f,8.5,92,2,0.2292,batch-2401-6400-0826
tools/ladder_par.sh,2026-09-27T03:53:08Z,PHerc0826-seed4193,1,no,0,0,no patch written,d2a619e4a6082c18,8.7,90,2,0.2823,batch-2401-6400-0826
tools/ladder_par.sh,2026-09-27T03:53:25Z,PHerc0826-seed4203,0,no,1,4,ended by itself,bde2c0c44a7d3251,9.3,88,3,0.2097,batch-2401-6400-0826
tools/ladder_par.sh,2026-09-27T03:53:30Z,PHerc0826-seed4165,0,no,50,281,ended by itself,d3cd0dd17a90737e,7.6,95,1,0.1178,batch-2401-6400-0826
tools/ladder_par.sh,2026-09-27T03:53:39Z,PHerc0826-seed4210,1,no,0,0,no patch written,fcaf235d9f6a49a8,8.8,90,2,0.1559,batch-2401-6400-0826
tools/ladder_par.sh,2026-09-27T03:53:44Z,PHerc0826-seed4218,1,no,1,0,no patch written,b544f89a64bbbdb7,8.6,89,2,0.2573,batch-2401-6400-0826
tools/ladder_par.sh,2026-09-27T03:53:44Z,PHerc0826-seed4128,124,yes,121,0,still growing at the cap,a3e187c5bea317a5,7.5,97,2,0.1744,batch-2401-6400-0826
tools/ladder_par.sh,2026-09-27T03:53:55Z,PHerc0826-seed4219,1,no,0,0,no patch written,c1f66d7095ca2721,8.2,93,1,0.2466,batch-2401-6400-0826
tools/ladder_par.sh,2026-09-27T03:54:01Z,PHerc0826-seed4221,0,no,3,9,ended by itself,3a2e025b37fcb8d5,8.3,93,1,0.2416,batch-2401-6400-0826
tools/ladder_par.sh,2026-09-27T03:54:01Z,PHerc0826-seed4223,1,no,0,0,no patch written,8c82981103c87b25,8.6,92,1,0.2100,batch-2401-6400-0826
tools/ladder_par.sh,2026-09-27T03:54:11Z,PHerc0826-seed4224,1,no,0,0,no patch written,51d520a85159fc5d,9.1,92,1,0.2806,batch-2401-6400-0826
tools/ladder_par.sh,2026-09-27T03:54:14Z,PHerc0826-seed4225,1,no,0,0,no patch written,5d1122519d567c4e,8.7,92,1,0.2334,batch-2401-6400-0826
tools/ladder_par.sh,2026-09-27T03:54:18Z,PHerc0826-seed4229,1,no,1,0,no patch written,d8a7ab5023d4a59a,8.7,92,1,0.2400,batch-2401-6400-0826
tools/ladder_par.sh,2026-09-27T03:54:27Z,PHerc0826-seed4236,1,no,0,0,no patch written,eab46cea2fd546d8,9.1,91,1,0.2518,batch-2401-6400-0826
tools/ladder_par.sh,2026-09-27T03:54:32Z,PHerc0826-seed4237,0,no,2,5,ended by itself,907ac34f6cd279c9,8.7,92,1,0.2018,batch-2401-6400-0826
tools/ladder_par.sh,2026-09-27T03:54:34Z,PHerc0826-seed4238,0,no,1,4,ended by itself,dbc470733ba605b7,8.8,91,1,0.2020,batch-2401-6400-0826
tools/ladder_par.sh,2026-09-27T03:54:46Z,PHerc0826-seed4242,1,no,0,0,no patch written,d1e371e192361fae,8.7,91,2,0.1944,batch-2401-6400-0826
tools/ladder_par.sh,2026-09-27T03:54:49Z,PHerc0826-seed4249,1,no,0,0,no patch written,4acc51cd617e1f5b,8.9,90,2,0.2078,batch-2401-6400-0826
tools/ladder_par.sh,2026-09-27T03:55:05Z,PHerc0826-seed4262,1,no,0,0,no patch written,16608a51839e5502,9.3,88,3,0.2555,batch-2401-6400-0826
tools/ladder_par.sh,2026-09-27T03:55:19Z,PHerc0826-seed4202,124,yes,120,0,still growing at the cap,dbf2e2a7c731d550,9.0,89,2,0.2290,batch-2401-6400-0826
tools/ladder_par.sh,2026-09-27T03:55:22Z,PHerc0826-seed4264,0,no,1,4,ended by itself,8e29b6a885ef0dbc,10.5,90,2,0.2621,batch-2401-6400-0826
tools/ladder_par.sh,2026-09-27T03:55:31Z,PHerc0826-seed4259,0,no,29,201,ended by itself,1c066616aae6a594,8.8,89,2,0.2432,batch-2401-6400-0826
tools/ladder_par.sh,2026-09-27T03:55:32Z,PHerc0826-seed4265,1,no,0,0,no patch written,f29d29c2c7fe9298,9.8,90,1,0.2428,batch-2401-6400-0826
tools/ladder_par.sh,2026-09-27T03:55:37Z,PHerc0826-seed4269,1,no,0,0,no patch written,b4382268efb4d589,9.4,90,1,0.2775,batch-2401-6400-0826
tools/ladder_par.sh,2026-09-27T03:55:43Z,PHerc0826-seed4240,0,no,61,311,ended by itself,a75d20015d758ea2,8.8,91,1,0.2377,batch-2401-6400-0826
tools/ladder_par.sh,2026-09-27T03:55:45Z,PHerc0826-seed4272,1,no,0,0,no patch written,1d2d935d63ecae48,9.0,92,0,0.0548,batch-2401-6400-0826
tools/ladder_par.sh,2026-09-27T03:55:48Z,PHerc0826-seed4278,1,no,0,0,no patch written,f7b38cca9a7cf309,8.4,91,0,0.1290,batch-2401-6400-0826
tools/ladder_par.sh,2026-09-27T03:55:53Z,PHerc0826-seed4284,1,no,1,0,no patch written,869c7d2403c5b0cc,7.9,91,0,0.2823,batch-2401-6400-0826
tools/ladder_par.sh,2026-09-27T03:55:57Z,PHerc0826-seed4286,1,no,0,0,no patch written,3b51b797bcfdcf4b,8.1,91,0,0.2018,batch-2401-6400-0826
tools/ladder_par.sh,2026-09-27T03:56:04Z,PHerc0826-seed4289,1,no,0,0,no patch written,49b96149380e04aa,8.1,90,1,0.2806,batch-2401-6400-0826
tools/ladder_par.sh,2026-09-27T03:56:08Z,PHerc0826-seed4287,0,no,7,37,ended by itself,3ccc2fa61df678d4,8.0,91,0,0.2430,batch-2401-6400-0826
tools/ladder_par.sh,2026-09-27T03:56:08Z,PHerc0826-seed4293,1,no,0,0,no patch written,0056c2a3aa438f8b,8.4,90,1,0.2276,batch-2401-6400-0826
tools/ladder_par.sh,2026-09-27T03:56:13Z,PHerc0826-seed4297,1,no,0,0,no patch written,06156605035c5134,8.3,90,0,0.2860,batch-2401-6400-0826
tools/ladder_par.sh,2026-09-27T03:56:20Z,PHerc0826-seed4299,1,no,0,0,no patch written,ee1a69e5a8895138,8.5,90,0,0.0500,batch-2401-6400-0826
tools/ladder_par.sh,2026-09-27T03:56:50Z,PHerc0826-seed4302,0,no,24,128,ended by itself,b75d668ca12c7c4d,9.2,89,0,0.1013,batch-2401-6400-0826
tools/ladder_par.sh,2026-09-27T03:57:08Z,PHerc0826-seed4301,1,no,0,0,no patch written,bfe63c79aa81b656,10.2,87,2,0.2556,batch-2401-6400-0826
tools/ladder_par.sh,2026-09-27T03:57:14Z,PHerc0826-seed4309,1,no,0,0,no patch written,7e4a4a8b52204d4a,10.6,85,2,0.2806,batch-2401-6400-0826
tools/ladder_par.sh,2026-09-27T03:57:26Z,PHerc0826-seed4331,0,no,2,6,ended by itself,7db10677827cfdb4,10.9,87,2,0.2650,batch-2401-6400-0826
tools/ladder_par.sh,2026-09-27T03:57:30Z,PHerc0826-seed4333,1,no,0,0,no patch written,fb9d9ef7669d3545,10.3,86,2,0.2444,batch-2401-6400-0826
tools/ladder_par.sh,2026-09-27T03:57:46Z,PHerc0826-seed4320,0,no,42,266,ended by itself,05483704a0721fac,10.8,87,1,0.0251,batch-2401-6400-0826
tools/ladder_par.sh,2026-09-27T03:57:50Z,PHerc0826-seed4355,0,no,4,21,ended by itself,64d3a3d55d4efe39,11.2,86,2,0.1433,batch-2401-6400-0826
tools/ladder_par.sh,2026-09-27T03:58:04Z,PHerc0826-seed4361,1,no,0,0,no patch written,3cbfc9ccdc0be1d8,12.0,83,2,0.2725,batch-2401-6400-0826
tools/ladder_par.sh,2026-09-27T03:58:22Z,PHerc0826-seed4362,0,no,2,9,ended by itself,880e56f6b9f7d1e5,12.1,81,2,0.2466,batch-2401-6400-0826
tools/ladder_par.sh,2026-09-27T03:58:33Z,PHerc0826-seed4311,0,no,117,555,ended by itself,fa4c8029edf9b06a,11.0,88,1,0.1743,batch-2401-6400-0826
tools/ladder_par.sh,2026-09-27T03:58:37Z,PHerc0826-seed4364,1,no,0,0,no patch written,cf88454009cdddcb,11.7,82,1,0.2432,batch-2401-6400-0826
tools/ladder_par.sh,2026-09-27T03:58:52Z,PHerc0826-seed4372,1,no,0,0,no patch written,03a498b10f711b65,11.8,79,1,0.1117,batch-2401-6400-0826
tools/ladder_par.sh,2026-09-27T03:59:08Z,PHerc0826-seed4373,1,no,0,0,no patch written,d7816d65d1c18d56,12.0,80,1,0.1267,batch-2401-6400-0826
tools/ladder_par.sh,2026-09-27T03:59:14Z,PHerc0826-seed4360,1,no,0,0,no patch written,fdf9cbb61a8552aa,12.2,79,1,0.2204,batch-2401-6400-0826
tools/ladder_par.sh,2026-09-27T03:59:30Z,PHerc0826-seed4381,1,no,0,0,no patch written,dd8f44fc3d20e398,11.6,80,2,0.2518,batch-2401-6400-0826
tools/ladder_par.sh,2026-09-27T03:59:32Z,PHerc0826-seed4366,1,no,0,0,no patch written,18509ac4035f94ce,11.6,80,2,0.2427,batch-2401-6400-0826
tools/ladder_par.sh,2026-09-27T03:59:37Z,PHerc0826-seed4380,0,no,13,52,ended by itself,7441a4d149afbcb5,11.7,80,1,0.1421,batch-2401-6400-0826
tools/ladder_par.sh,2026-09-27T03:59:40Z,PHerc0826-seed4343,124,yes,120,0,still growing at the cap,9f7666a4dabd72f8,11.0,85,2,0.2695,batch-2401-6400-0826
tools/ladder_par.sh,2026-09-27T03:59:49Z,PHerc0826-seed4411,1,no,0,0,no patch written,9c86c3e739034c56,12.2,87,1,0.2806,batch-2401-6400-0826
tools/ladder_par.sh,2026-09-27T03:59:52Z,PHerc0826-seed4431,1,no,0,0,no patch written,9af8cf2f4e8540c8,12.6,87,1,0.2725,batch-2401-6400-0826
tools/ladder_par.sh,2026-09-27T04:00:07Z,PHerc0826-seed4437,1,no,0,0,no patch written,d365b3cc05325930,12.3,87,2,0.2558,batch-2401-6400-0826
tools/ladder_par.sh,2026-09-27T04:00:09Z,PHerc0826-seed4445,1,no,0,0,no patch written,4dff1c7e1b3ac7fd,12.0,86,2,0.2670,batch-2401-6400-0826
tools/ladder_par.sh,2026-09-27T04:00:23Z,PHerc0826-seed4458,1,no,0,0,no patch written,4eabafe45c399b4d,12.8,83,2,0.2725,batch-2401-6400-0826
tools/ladder_par.sh,2026-09-27T04:00:26Z,PHerc0826-seed4466,1,no,0,0,no patch written,35922f422bc3c249,12.7,82,2,0.1647,batch-2401-6400-0826
tools/ladder_par.sh,2026-09-27T04:00:39Z,PHerc0826-seed4468,1,no,0,0,no patch written,70cf0e06776ee650,13.0,80,2,0.0303,batch-2401-6400-0826
tools/ladder_par.sh,2026-09-27T04:00:43Z,PHerc0826-seed4469,1,no,0,0,no patch written,6e2a8a34db8dd614,12.7,80,2,0.2522,batch-2401-6400-0826
tools/ladder_par.sh,2026-09-27T04:00:58Z,PHerc0826-seed4473,1,no,0,0,no patch written,f3432766b13ea3e1,12.8,79,2,0.2681,batch-2401-6400-0826
tools/ladder_par.sh,2026-09-27T04:01:01Z,PHerc0826-seed4475,1,no,0,0,no patch written,8121e56c5c0e6d48,12.7,79,2,0.2860,batch-2401-6400-0826
tools/ladder_par.sh,2026-09-27T04:01:14Z,PHerc0826-seed4476,1,no,0,0,no patch written,ea503991a12d850c,12.4,78,2,0.1943,batch-2401-6400-0826
tools/ladder_par.sh,2026-09-27T04:01:17Z,PHerc0826-seed4478,1,no,0,0,no patch written,9b4ac4630d30131e,10.0,78,2,0.2427,batch-2401-6400-0826
tools/ladder_par.sh,2026-09-27T04:01:46Z,PHerc0826-seed4391,124,yes,120,0,still growing at the cap,455a8893b7141073,12.8,87,0,0.0776,batch-2401-6400-0826
tools/ladder_par.sh,2026-09-27T04:01:54Z,PHerc0826-seed4483,0,no,3,13,ended by itself,302c4517bf584005,10.0,80,2,0.2329,batch-2401-6400-0826
tools/ladder_par.sh,2026-09-27T04:02:05Z,PHerc0826-seed4440,124,yes,120,0,still growing at the cap,38f24e6b255f062d,12.4,87,1,0.1600,batch-2401-6400-0826
tools/ladder_par.sh,2026-09-27T04:02:16Z,PHerc0826-seed4484,1,no,0,0,no patch written,4bb5a35a57b5aeb9,12.9,80,1,0.0961,batch-2401-6400-0826
tools/ladder_par.sh,2026-09-27T04:02:34Z,PHerc0826-seed4489,1,no,0,0,no patch written,fce26c9bb320e610,13.4,78,2,0.2056,batch-2401-6400-0826
tools/ladder_par.sh,2026-09-27T04:03:22Z,PHerc0826-seed4486,0,no,57,380,ended by itself,f53762a7d1a29508,12.8,80,1,0.1512,batch-2401-6400-0826
tools/ladder_par.sh,2026-09-27T04:03:38Z,PHerc0826-seed4480,124,yes,120,0,still growing at the cap,368354e6eccd6945,7.8,78,2,0.2681,batch-2401-6400-0826
tools/ladder_par.sh,2026-09-27T04:03:42Z,PHerc0826-seed4493,1,no,0,0,no patch written,e64c3eb0bf21b682,13.2,78,1,0.1947,batch-2401-6400-0826
tools/ladder_par.sh,2026-09-27T04:03:46Z,PHerc0826-seed4492,1,no,0,0,no patch written,5e4dd24e40fe3a99,13.1,78,1,0.2522,batch-2401-6400-0826
tools/ladder_par.sh,2026-09-27T04:04:41Z,PHerc0826-seed4490,124,yes,120,0,still growing at the cap,114cb97ed8925d30,13.5,78,2,0.1400,batch-2401-6400-0826
tools/ladder_par.sh,2026-09-27T04:04:42Z,PHerc0826-seed4509,1,no,0,0,no patch written,bde952b0fe6f6d71,13.5,77,1,0.2336,batch-2401-6400-0826
tools/ladder_par.sh,2026-09-27T04:04:45Z,PHerc0826-seed4504,1,no,0,0,no patch written,b5fd2b78fe4b499d,12.9,76,1,0.1428,batch-2401-6400-0826
tools/ladder_par.sh,2026-09-27T04:04:58Z,PHerc0826-seed4511,1,no,0,0,no patch written,effda4b8bda67a4a,11.2,76,1,0.2902,batch-2401-6400-0826
tools/ladder_par.sh,2026-09-27T04:05:06Z,PHerc0826-seed4517,1,no,0,0,no patch written,68fbf56f076d919d,12.1,76,1,0.2097,batch-2401-6400-0826
tools/ladder_par.sh,2026-09-27T04:05:18Z,PHerc0826-seed4518,1,no,0,0,no patch written,17936575ba21dc99,9.1,75,1,0.1944,batch-2401-6400-0826
tools/ladder_par.sh,2026-09-27T04:05:28Z,PHerc0826-seed4521,1,no,0,0,no patch written,83b2a9ee6eb5c767,7.2,75,1,0.2151,batch-2401-6400-0826
tools/ladder_par.sh,2026-09-27T04:05:58Z,PHerc0826-seed4494,124,yes,120,0,still growing at the cap,2e4e9f7c4d103b84,12.6,77,1,0.2056,batch-2401-6400-0826
tools/ladder_par.sh,2026-09-27T04:05:58Z,PHerc0826-seed4528,0,no,17,53,ended by itself,30c376f6e68ebcc9,9.3,75,1,0.2847,batch-2401-6400-0826
tools/ladder_par.sh,2026-09-27T04:06:05Z,PHerc0826-seed4532,1,no,0,0,no patch written,949811efb6395a01,8.7,80,0,0.2334,batch-2401-6400-0826
tools/ladder_par.sh,2026-09-27T04:06:14Z,PHerc0826-seed4538,1,no,0,0,no patch written,fbff566ec3ff7223,7.1,79,0,0.2570,batch-2401-6400-0826
tools/ladder_par.sh,2026-09-27T04:06:41Z,PHerc0826-seed4551,0,no,7,33,ended by itself,69db1c6d9fad548a,9.5,83,0,0.1743,batch-2401-6400-0826
tools/ladder_par.sh,2026-09-27T04:06:59Z,PHerc0826-seed4562,0,no,4,27,ended by itself,c9fa2094283f9c7b,14.5,85,0,0.1117,batch-2401-6400-0826
tools/ladder_par.sh,2026-09-27T04:07:13Z,PHerc0826-seed4564,0,no,14,77,ended by itself,f762eb23e2274c05,15.3,83,1,0.1744,batch-2401-6400-0826
tools/ladder_par.sh,2026-09-27T04:07:19Z,PHerc0826-seed4542,1,no,0,0,no patch written,96f7c1e3e03be473,14.7,83,0,0.2231,batch-2401-6400-0826
tools/ladder_par.sh,2026-09-27T04:07:27Z,PHerc0826-seed4571,0,no,4,14,ended by itself,f34f1393cb39585c,12.1,87,0,0.2025,batch-2401-6400-0826
tools/ladder_par.sh,2026-09-27T04:07:31Z,PHerc0826-seed4557,1,no,0,0,no patch written,c2e03b1359c90283,13.3,87,0,0.2204,batch-2401-6400-0826
tools/ladder_par.sh,2026-09-27T04:07:33Z,PHerc0826-seed4577,1,no,0,0,no patch written,e1003fd1721e1411,13.2,87,0,0.1421,batch-2401-6400-0826
tools/ladder_par.sh,2026-09-27T04:07:43Z,PHerc0826-seed4583,0,no,2,9,ended by itself,70a7711ddd7ea900,12.2,87,0,0.1647,batch-2401-6400-0826
tools/ladder_par.sh,2026-09-27T04:07:50Z,PHerc0826-seed4585,1,no,1,0,no patch written,d94fc2aafeb29798,11.8,86,0,0.2466,batch-2401-6400-0826
tools/ladder_par.sh,2026-09-27T04:07:59Z,PHerc0826-seed4586,1,no,0,0,no patch written,373c312bab1e4875,11.8,85,0,0.1013,batch-2401-6400-0826
tools/ladder_par.sh,2026-09-27T04:08:05Z,PHerc0826-seed4587,1,no,0,0,no patch written,ef7e55c3c9abe583,12.1,84,0,0.2533,batch-2401-6400-0826
tools/ladder_par.sh,2026-09-27T04:08:11Z,PHerc0826-seed4589,1,no,0,0,no patch written,984a280aa548989a,12.4,85,0,0.1448,batch-2401-6400-0826
tools/ladder_par.sh,2026-09-27T04:08:28Z,PHerc0826-seed4609,1,no,0,0,no patch written,4fd6394fc1d43a6c,13.2,82,1,0.1290,batch-2401-6400-0826
tools/ladder_par.sh,2026-09-27T04:08:35Z,PHerc0826-seed4610,1,no,1,0,no patch written,e26091382c1b0402,13.6,82,1,0.2608,batch-2401-6400-0826
tools/ladder_par.sh,2026-09-27T04:08:46Z,PHerc0826-seed4611,1,no,0,0,no patch written,18bf96f028dee3d6,13.4,80,1,0.2750,batch-2401-6400-0826
tools/ladder_par.sh,2026-09-27T04:08:53Z,PHerc0826-seed4615,1,no,0,0,no patch written,3c4cf1fd6703bb38,13.4,81,1,0.2403,batch-2401-6400-0826
tools/ladder_par.sh,2026-09-27T04:09:04Z,PHerc0826-seed4593,1,no,1,0,no patch written,136f8e58f5274434,13.6,81,1,0.2545,batch-2401-6400-0826
tools/ladder_par.sh,2026-09-27T04:09:11Z,PHerc0826-seed4624,1,no,0,0,no patch written,8b1c2dc91db98b70,13.2,80,1,0.1931,batch-2401-6400-0826
tools/ladder_par.sh,2026-09-27T04:09:19Z,PHerc0826-seed4640,1,no,0,0,no patch written,33334a8e619499ca,14.0,80,1,0.2823,batch-2401-6400-0826
tools/ladder_par.sh,2026-09-27T04:09:29Z,PHerc0826-seed4645,1,no,0,0,no patch written,38582428fa12f8d1,14.0,79,1,0.2244,batch-2401-6400-0826
tools/ladder_par.sh,2026-09-27T04:09:35Z,PHerc0826-seed4653,1,no,0,0,no patch written,7531e762c1d4948d,14.0,78,1,0.1702,batch-2401-6400-0826
tools/ladder_par.sh,2026-09-27T04:09:52Z,PHerc0826-seed4620,0,no,2,11,ended by itself,b3b0c49064fc7cf8,13.4,79,2,0.1915,batch-2401-6400-0826
tools/ladder_par.sh,2026-09-27T04:10:13Z,PHerc0826-seed4665,0,no,28,134,ended by itself,1738938e54a1e1ad,13.6,79,1,0.2773,batch-2401-6400-0826
tools/ladder_par.sh,2026-09-27T04:10:17Z,PHerc0826-seed4672,1,no,0,0,no patch written,cc63056b8c94c731,14.6,78,2,0.2725,batch-2401-6400-0826
tools/ladder_par.sh,2026-09-27T04:10:22Z,PHerc0826-seed4595,124,yes,120,0,still growing at the cap,c61fff034b4d340d,13.0,84,0,0.1581,batch-2401-6400-0826
tools/ladder_par.sh,2026-09-27T04:10:27Z,PHerc0826-seed4676,1,no,0,0,no patch written,8db6c78e2d6adb1f,14.5,80,1,0.1931,batch-2401-6400-0826
tools/ladder_par.sh,2026-09-27T04:10:39Z,PHerc0826-seed4678,0,no,6,30,ended by itself,daafb7ad1edc4772,13.7,80,1,0.2329,batch-2401-6400-0826
tools/ladder_par.sh,2026-09-27T04:12:02Z,PHerc0826-seed4667,124,yes,120,0,still growing at the cap,0eec318717dd9e0e,14.6,78,2,0.2536,batch-2401-6400-0826
tools/ladder_par.sh,2026-09-27T04:12:04Z,PHerc0826-seed4699,1,no,0,0,no patch written,9f9420905044334a,16.6,77,2,0.1291,batch-2401-6400-0826
tools/ladder_par.sh,2026-09-27T04:12:17Z,PHerc0826-seed4705,1,no,1,0,no patch written,78717fd3777f7d2b,14.3,75,2,0.2518,batch-2401-6400-0826
tools/ladder_par.sh,2026-09-27T04:12:20Z,PHerc0826-seed4707,1,no,0,0,no patch written,27990a9bf154f547,14.0,76,2,0.1243,batch-2401-6400-0826
tools/ladder_par.sh,2026-09-27T04:12:33Z,PHerc0826-seed4710,0,no,1,1,ended by itself,e83222e8ba2af198,14.4,80,2,0.1778,batch-2401-6400-0826
tools/ladder_par.sh,2026-09-27T04:12:36Z,PHerc0826-seed4712,1,no,0,0,no patch written,9f097b481693d1c7,14.5,79,2,0.2292,batch-2401-6400-0826
tools/ladder_par.sh,2026-09-27T04:12:43Z,PHerc0826-seed4695,124,yes,120,0,still growing at the cap,251aaab982c9c803,14.1,79,1,0.2413,batch-2401-6400-0826
tools/ladder_par.sh,2026-09-27T04:12:49Z,PHerc0826-seed4714,1,no,0,0,no patch written,cb27f926d50a5b2b,13.8,83,1,0.2533,batch-2401-6400-0826
tools/ladder_par.sh,2026-09-27T04:12:52Z,PHerc0826-seed4717,1,no,0,0,no patch written,82af3fdf96ef5851,12.8,83,1,0.2206,batch-2401-6400-0826
tools/ladder_par.sh,2026-09-27T04:12:58Z,PHerc0826-seed4718,0,no,1,1,ended by itself,20275e94ee29d0db,12.2,83,1,0.2461,batch-2401-6400-0826
tools/ladder_par.sh,2026-09-27T04:13:05Z,PHerc0826-seed4721,1,no,0,0,no patch written,07f6e602862f50ee,13.0,87,1,0.1290,batch-2401-6400-0826
tools/ladder_par.sh,2026-09-27T04:13:08Z,PHerc0826-seed4722,1,no,0,0,no patch written,d854da7008da893b,13.7,87,1,0.1456,batch-2401-6400-0826
tools/ladder_par.sh,2026-09-27T04:13:14Z,PHerc0826-seed4731,1,no,0,0,no patch written,ffe25728a57ce6ac,14.9,86,1,0.2545,batch-2401-6400-0826
tools/ladder_par.sh,2026-09-27T04:13:25Z,PHerc0826-seed4733,1,no,0,0,no patch written,cf82db72800ad298,15.2,84,2,0.2056,batch-2401-6400-0826
tools/ladder_par.sh,2026-09-27T04:13:27Z,PHerc0826-seed4690,124,yes,120,0,still growing at the cap,ea5ac6c823e2d7b2,14.2,77,2,0.2421,batch-2401-6400-0826
tools/ladder_par.sh,2026-09-27T04:13:30Z,PHerc0826-seed4739,1,no,0,0,no patch written,71856e5482026783,15.0,88,1,0.2987,batch-2401-6400-0826
tools/ladder_par.sh,2026-09-27T04:13:41Z,PHerc0826-seed4744,1,no,0,0,no patch written,0db8a52fd7548931,13.2,87,1,0.2430,batch-2401-6400-0826
tools/ladder_par.sh,2026-09-27T04:13:44Z,PHerc0826-seed4750,1,no,0,0,no patch written,0e4056633a61bb23,12.9,86,1,0.2193,batch-2401-6400-0826
tools/ladder_par.sh,2026-09-27T04:13:48Z,PHerc0826-seed4751,1,no,0,0,no patch written,ab7b8c6317cd52bc,12.7,86,1,0.1291,batch-2401-6400-0826
tools/ladder_par.sh,2026-09-27T04:13:57Z,PHerc0826-seed4767,1,no,0,0,no patch written,38fdea6232fdda78,12.2,85,1,0.2557,batch-2401-6400-0826
tools/ladder_par.sh,2026-09-27T04:14:00Z,PHerc0826-seed4771,1,no,0,0,no patch written,bc2847d0daf62751,12.0,85,1,0.1411,batch-2401-6400-0826
tools/ladder_par.sh,2026-09-27T04:14:03Z,PHerc0826-seed4775,1,no,0,0,no patch written,abd1003354f4588c,12.0,85,1,0.2087,batch-2401-6400-0826
tools/ladder_par.sh,2026-09-27T04:14:13Z,PHerc0826-seed4778,1,no,0,0,no patch written,13669fcc7af66965,12.1,84,1,0.1761,batch-2401-6400-0826
tools/ladder_par.sh,2026-09-27T04:14:16Z,PHerc0826-seed4789,1,no,0,0,no patch written,1b632f381388e36a,11.8,84,1,0.2036,batch-2401-6400-0826
tools/ladder_par.sh,2026-09-27T04:14:20Z,PHerc0826-seed4790,1,no,1,0,no patch written,a179bd3da0a5f824,11.9,84,1,0.2865,batch-2401-6400-0826
tools/ladder_par.sh,2026-09-27T04:14:33Z,PHerc0826-seed4792,0,no,4,23,ended by itself,e27e759b5c7fb6e6,11.9,84,1,0.1446,batch-2401-6400-0826
tools/ladder_par.sh,2026-09-27T04:14:40Z,PHerc0826-seed4797,0,no,4,22,ended by itself,e3886b1ae33d03a6,12.6,83,2,0.1448,batch-2401-6400-0826
tools/ladder_par.sh,2026-09-27T04:14:43Z,PHerc0826-seed4794,0,no,11,54,ended by itself,f0d5a32eb6f584b3,12.1,83,2,0.2255,batch-2401-6400-0826
tools/ladder_par.sh,2026-09-27T04:14:49Z,PHerc0826-seed4800,1,no,0,0,no patch written,a8e6839bbbf90f37,13.6,83,1,0.2231,batch-2401-6400-0826
tools/ladder_par.sh,2026-09-27T04:14:54Z,PHerc0826-seed4801,1,no,0,0,no patch written,8dcf8499ca4042d6,12.7,83,1,0.2267,batch-2401-6400-0826
tools/ladder_par.sh,2026-09-27T04:14:58Z,PHerc0826-seed4803,1,no,0,0,no patch written,cf231686677d91d6,12.5,82,1,0.2217,batch-2401-6400-0826
tools/ladder_par.sh,2026-09-27T04:15:10Z,PHerc0826-seed4826,1,no,0,0,no patch written,1491b905ae7cc6a5,13.1,82,2,0.0363,batch-2401-6400-0826
tools/ladder_par.sh,2026-09-27T04:15:21Z,PHerc0826-seed4829,0,no,8,41,ended by itself,c5adee5bf14f6936,13.3,81,2,0.2311,batch-2401-6400-0826
tools/ladder_par.sh,2026-09-27T04:15:21Z,PHerc0826-seed4732,124,yes,120,0,still growing at the cap,9bcbf46084ce0fd4,15.2,85,1,0.1755,batch-2401-6400-0826
tools/ladder_par.sh,2026-09-27T04:15:35Z,PHerc0826-seed4841,1,no,0,0,no patch written,d39124fe4b4cc8ce,13.8,89,2,0.1230,batch-2401-6400-0826
tools/ladder_par.sh,2026-09-27T04:15:38Z,PHerc0826-seed4846,1,no,0,0,no patch written,67721fd0f8a3dd0d,13.1,88,2,0.2775,batch-2401-6400-0826
tools/ladder_par.sh,2026-09-27T04:15:39Z,PHerc0826-seed4834,0,no,13,69,ended by itself,b0fc73b3574ad4c8,14.2,90,1,0.2078,batch-2401-6400-0826
tools/ladder_par.sh,2026-09-27T04:15:51Z,PHerc0826-seed4849,1,no,0,0,no patch written,e5d6b2311083c66f,12.5,87,1,0.1865,batch-2401-6400-0826
tools/ladder_par.sh,2026-09-27T04:15:57Z,PHerc0826-seed4852,0,no,3,11,ended by itself,bfb36430189fa397,12.5,87,1,0.2054,batch-2401-6400-0826
tools/ladder_par.sh,2026-09-27T04:15:57Z,PHerc0826-seed4853,1,no,0,0,no patch written,c557d6e898871445,12.9,86,1,0.2847,batch-2401-6400-0826
tools/ladder_par.sh,2026-09-27T04:16:07Z,PHerc0826-seed4857,1,no,0,0,no patch written,bc060fde9c24a333,12.7,86,1,0.2880,batch-2401-6400-0826
tools/ladder_par.sh,2026-09-27T04:16:11Z,PHerc0826-seed4859,1,no,0,0,no patch written,d0d5002f00df4647,11.9,85,1,0.2432,batch-2401-6400-0826
tools/ladder_par.sh,2026-09-27T04:16:14Z,PHerc0826-seed4865,1,no,0,0,no patch written,3977a64880501c47,11.8,84,1,0.2750,batch-2401-6400-0826
tools/ladder_par.sh,2026-09-27T04:16:31Z,PHerc0826-seed4883,0,no,1,2,ended by itself,1799eda6cf025c80,13.1,83,2,0.1108,batch-2401-6400-0826
tools/ladder_par.sh,2026-09-27T04:16:46Z,PHerc0826-seed4891,1,no,0,0,no patch written,9f96c04c121a72f5,13.5,81,2,0.1906,batch-2401-6400-0826
tools/ladder_par.sh,2026-09-27T04:17:03Z,PHerc0826-seed4893,1,no,0,0,no patch written,511e8ccf1352ab61,13.0,80,2,0.1802,batch-2401-6400-0826
tools/ladder_par.sh,2026-09-27T04:17:05Z,PHerc0826-seed4813,124,yes,120,0,still growing at the cap,c693046e30d2e35d,13.0,83,1,0.1758,batch-2401-6400-0826
tools/ladder_par.sh,2026-09-27T04:17:13Z,PHerc0826-seed4881,1,no,0,0,no patch written,0df6f1766e0b5adf,11.6,84,1,0.1756,batch-2401-6400-0826
tools/ladder_par.sh,2026-09-27T04:17:18Z,PHerc0826-seed4896,1,no,0,0,no patch written,9b56b9e2766485c7,11.7,84,1,0.2835,batch-2401-6400-0826
tools/ladder_par.sh,2026-09-27T04:17:22Z,PHerc0826-seed4926,1,no,0,0,no patch written,b3672729141ed4c6,11.7,84,1,0.1944,batch-2401-6400-0826
tools/ladder_par.sh,2026-09-27T04:17:30Z,PHerc0826-seed4937,1,no,1,0,no patch written,24bc450375f12bba,11.1,83,1,0.2609,batch-2401-6400-0826
tools/ladder_par.sh,2026-09-27T04:17:34Z,PHerc0826-seed4939,1,no,0,0,no patch written,9262e93775431d17,10.8,84,1,0.2865,batch-2401-6400-0826
tools/ladder_par.sh,2026-09-27T04:17:46Z,PHerc0826-seed4948,1,no,1,0,no patch written,914a27a288c8688c,11.2,83,2,0.2023,batch-2401-6400-0826
tools/ladder_par.sh,2026-09-27T04:17:50Z,PHerc0826-seed4952,1,no,0,0,no patch written,b3382fa9acf959ee,11.1,82,2,0.2902,batch-2401-6400-0826
tools/ladder_par.sh,2026-09-27T04:17:56Z,PHerc0826-seed4946,0,no,18,104,ended by itself,18325cec099132ef,10.9,83,1,0.2301,batch-2401-6400-0826
tools/ladder_par.sh,2026-09-27T04:18:07Z,PHerc0826-seed4972,1,no,1,0,no patch written,0b07bee042a8b836,10.1,83,2,0.2925,batch-2401-6400-0826
tools/ladder_par.sh,2026-09-27T04:18:10Z,PHerc0826-seed4979,1,no,0,0,no patch written,d90b5709bdc6f1fb,10.2,83,2,0.2570,batch-2401-6400-0826
tools/ladder_par.sh,2026-09-27T04:18:23Z,PHerc0826-seed4868,124,yes,120,0,still growing at the cap,d742eaf6105d91c7,12.6,84,1,0.1679,batch-2401-6400-0826
tools/ladder_par.sh,2026-09-27T04:18:26Z,PHerc0826-seed4997,1,no,0,0,no patch written,9637c72dd74c1fc6,11.5,85,1,0.2683,batch-2401-6400-0826
tools/ladder_par.sh,2026-09-27T04:18:43Z,PHerc0826-seed5020,0,no,1,2,ended by itself,1d59835ba0c3f838,11.7,83,1,0.2765,batch-2401-6400-0826
tools/ladder_par.sh,2026-09-27T04:18:58Z,PHerc0826-seed5027,1,no,0,0,no patch written,6e796262d1834c06,11.7,86,1,0.1931,batch-2401-6400-0826
tools/ladder_par.sh,2026-09-27T04:19:10Z,PHerc0826-seed4994,1,no,0,0,no patch written,9d188b66105ff704,13.2,84,1,0.2880,batch-2401-6400-0826
tools/ladder_par.sh,2026-09-27T04:19:24Z,PHerc0826-seed4998,1,no,0,0,no patch written,4ab3c996b223f17b,12.6,84,1,0.2188,batch-2401-6400-0826
tools/ladder_par.sh,2026-09-27T04:19:26Z,PHerc0826-seed5054,1,no,0,0,no patch written,dc959728aba4bdc7,11.9,84,1,0.1847,batch-2401-6400-0826
tools/ladder_par.sh,2026-09-27T04:19:40Z,PHerc0826-seed5055,1,no,0,0,no patch written,a95a19233ea79d7d,10.9,88,1,0.2823,batch-2401-6400-0826
tools/ladder_par.sh,2026-09-27T04:19:56Z,PHerc0826-seed5058,0,no,13,59,ended by itself,bd79baf9e7709964,11.2,87,1,0.2074,batch-2401-6400-0826
tools/ladder_par.sh,2026-09-27T04:19:56Z,PHerc0826-seed5063,1,no,0,0,no patch written,b6c95e0ceaad7d42,13.3,89,1,0.1966,batch-2401-6400-0826
tools/ladder_par.sh,2026-09-27T04:20:02Z,PHerc0826-seed4960,124,yes,121,0,still growing at the cap,e1eee5a090beaecd,10.5,83,1,0.1745,batch-2401-6400-0826
tools/ladder_par.sh,2026-09-27T04:20:10Z,PHerc0826-seed5070,1,no,0,0,no patch written,32c896e343cc1821,11.2,91,1,0.2294,batch-2401-6400-0826
tools/ladder_par.sh,2026-09-27T04:20:15Z,PHerc0826-seed5071,0,no,2,7,ended by itself,1dd4b411d7e0f30d,10.8,91,1,0.2244,batch-2401-6400-0826
tools/ladder_par.sh,2026-09-27T04:20:19Z,PHerc0826-seed5075,0,no,3,11,ended by itself,6f90c8a58f0ecccb,10.8,90,1,0.1396,batch-2401-6400-0826
tools/ladder_par.sh,2026-09-27T04:20:24Z,PHerc0826-seed5030,0,no,23,97,ended by itself,93adeeb1d3048fbf,12.9,88,1,0.2156,batch-2401-6400-0826
tools/ladder_par.sh,2026-09-27T04:20:26Z,PHerc0826-seed5077,1,no,0,0,no patch written,c458a8f06f3c7911,10.8,92,0,0.0615,batch-2401-6400-0826
tools/ladder_par.sh,2026-09-27T04:20:29Z,PHerc0826-seed5081,1,no,0,0,no patch written,1edf645ed4bfc8f5,10.0,92,0,0.1446,batch-2401-6400-0826
tools/ladder_par.sh,2026-09-27T04:20:38Z,PHerc0826-seed5084,1,no,0,0,no patch written,4eb40c6035fbc16f,9.9,91,1,0.2835,batch-2401-6400-0826
tools/ladder_par.sh,2026-09-27T04:20:41Z,PHerc0826-seed5083,0,no,8,50,ended by itself,bbed0e9fd767b70c,9.6,91,0,0.1458,batch-2401-6400-0826
tools/ladder_par.sh,2026-09-27T04:20:42Z,PHerc0826-seed5089,1,no,0,0,no patch written,d83106525eee553e,10.2,93,0,0.2303,batch-2401-6400-0826
tools/ladder_par.sh,2026-09-27T04:20:45Z,PHerc0826-seed5102,1,no,0,0,no patch written,5895c2c62f2c6d79,10.1,92,0,0.2902,batch-2401-6400-0826
tools/ladder_par.sh,2026-09-27T04:20:54Z,PHerc0826-seed5103,1,no,0,0,no patch written,053aec6d04ee8439,9.2,93,0,0.2610,batch-2401-6400-0826
tools/ladder_par.sh,2026-09-27T04:21:04Z,PHerc0826-seed5119,0,no,1,1,ended by itself,62b7544b51f99cd6,9.8,91,2,0.2545,batch-2401-6400-0826
tools/ladder_par.sh,2026-09-27T04:21:06Z,PHerc0826-seed5110,0,no,6,24,ended by itself,7e4071ec1fb77865,8.9,92,1,0.2032,batch-2401-6400-0826
tools/ladder_par.sh,2026-09-27T04:21:10Z,PHerc0826-seed5120,1,no,0,0,no patch written,91f328d492b53b20,11.6,90,1,0.2084,batch-2401-6400-0826
tools/ladder_par.sh,2026-09-27T04:21:23Z,PHerc0826-seed5133,1,no,0,0,no patch written,2e00ad2babb7983e,10.8,88,2,0.1953,batch-2401-6400-0826
tools/ladder_par.sh,2026-09-27T04:21:26Z,PHerc0826-seed5138,1,no,0,0,no patch written,8d03f84189e1a6c2,11.1,87,2,0.2750,batch-2401-6400-0826
tools/ladder_par.sh,2026-09-27T04:21:29Z,PHerc0826-seed5126,0,no,9,49,ended by itself,572184ec50d3c3f8,11.1,89,1,0.1761,batch-2401-6400-0826
tools/ladder_par.sh,2026-09-27T04:21:39Z,PHerc0826-seed5141,1,no,0,0,no patch written,4333dfb821596d2a,10.9,86,1,0.2520,batch-2401-6400-0826
tools/ladder_par.sh,2026-09-27T04:21:53Z,PHerc0826-seed5157,0,no,8,40,ended by itself,41eb66cad89ac2b7,10.9,84,2,0.2427,batch-2401-6400-0826
tools/ladder_par.sh,2026-09-27T04:21:55Z,PHerc0826-seed5160,1,no,0,0,no patch written,1bf84643e1eea759,12.6,88,2,0.0839,batch-2401-6400-0826
tools/ladder_par.sh,2026-09-27T04:22:08Z,PHerc0826-seed5165,1,no,1,0,no patch written,5a2f47faa28ac004,13.6,86,2,0.2533,batch-2401-6400-0826
tools/ladder_par.sh,2026-09-27T04:22:24Z,PHerc0826-seed5176,1,no,0,0,no patch written,ba00778032d21e17,13.7,84,3,0.2857,batch-2401-6400-0826
tools/ladder_par.sh,2026-09-27T04:22:41Z,PHerc0826-seed5177,0,no,1,6,ended by itself,77bc7016296e24af,13.3,83,3,0.2147,batch-2401-6400-0826
tools/ladder_par.sh,2026-09-27T04:22:57Z,PHerc0826-seed5154,0,no,75,392,ended by itself,72a50e50714b8ba2,10.7,85,1,0.1915,batch-2401-6400-0826
tools/ladder_par.sh,2026-09-27T04:22:57Z,PHerc0826-seed5104,124,yes,120,0,still growing at the cap,572f2a8525dd9a10,8.6,93,0,0.2536,batch-2401-6400-0826
tools/ladder_par.sh,2026-09-27T04:23:11Z,PHerc0826-seed5186,1,no,0,0,no patch written,460c7ffafcd32898,12.4,87,2,0.1916,batch-2401-6400-0826
tools/ladder_par.sh,2026-09-27T04:23:14Z,PHerc0826-seed5190,1,no,0,0,no patch written,14ae8fee474f7415,12.3,87,2,0.2683,batch-2401-6400-0826
tools/ladder_par.sh,2026-09-27T04:23:21Z,PHerc0826-seed5184,0,no,25,121,ended by itself,19bb9ad0c485481c,13.3,82,3,0.0970,batch-2401-6400-0826
tools/ladder_par.sh,2026-09-27T04:23:27Z,PHerc0826-seed5193,1,no,0,0,no patch written,e50494ec58fbbea6,13.2,92,1,0.2987,batch-2401-6400-0826
tools/ladder_par.sh,2026-09-27T04:23:44Z,PHerc0826-seed5199,1,no,0,0,no patch written,5c6cc25c90f75d03,14.7,90,3,0.2750,batch-2401-6400-0826
tools/ladder_par.sh,2026-09-27T04:24:00Z,PHerc0826-seed5203,1,no,1,0,no patch written,f80d6e39b1b34568,13.9,88,3,0.1787,batch-2401-6400-0826
tools/ladder_par.sh,2026-09-27T04:24:11Z,PHerc0826-seed5171,124,yes,120,0,still growing at the cap,51bf035705ae9e2a,13.5,86,2,0.1884,batch-2401-6400-0826
tools/ladder_par.sh,2026-09-27T04:24:16Z,PHerc0826-seed5204,1,no,0,0,no patch written,928352d407de1d5c,12.8,90,2,0.2865,batch-2401-6400-0826
tools/ladder_par.sh,2026-09-27T04:24:26Z,PHerc0826-seed5209,1,no,1,0,no patch written,321d0d51a16c2074,11.3,90,2,0.2806,batch-2401-6400-0826
tools/ladder_par.sh,2026-09-27T04:24:32Z,PHerc0826-seed5210,1,no,0,0,no patch written,66c4ea2571263504,10.7,89,2,0.1869,batch-2401-6400-0826
tools/ladder_par.sh,2026-09-27T04:24:48Z,PHerc0826-seed5221,1,no,0,0,no patch written,717eadf0ea4eb384,11.4,87,3,0.1966,batch-2401-6400-0826
tools/ladder_par.sh,2026-09-27T04:25:04Z,PHerc0826-seed5222,1,no,0,0,no patch written,aba8d3d2b43ce9d0,11.8,85,3,0.2275,batch-2401-6400-0826
tools/ladder_par.sh,2026-09-27T04:25:20Z,PHerc0826-seed5227,1,no,0,0,no patch written,1471ce25553384f4,12.9,83,3,0.1745,batch-2401-6400-0826
tools/ladder_par.sh,2026-09-27T04:25:26Z,PHerc0826-seed5195,0,no,115,714,ended by itself,08e5d7d5a68d05f9,12.9,92,1,0.1251,batch-2401-6400-0826
tools/ladder_par.sh,2026-09-27T04:25:35Z,PHerc0826-seed5198,124,yes,120,0,still growing at the cap,5e2cf1c74136e857,12.7,92,2,0.1296,batch-2401-6400-0826
tools/ladder_par.sh,2026-09-27T04:25:36Z,PHerc0826-seed5240,1,no,0,0,no patch written,a38764e4ad5ca525,11.6,90,1,0.2455,batch-2401-6400-0826
tools/ladder_par.sh,2026-09-27T04:25:40Z,PHerc0826-seed5246,1,no,0,0,no patch written,b1b61e0a9534698e,11.3,89,1,0.1428,batch-2401-6400-0826
tools/ladder_par.sh,2026-09-27T04:25:48Z,PHerc0826-seed5211,0,no,66,388,ended by itself,44cd43764a6638c2,10.8,88,2,0.1785,batch-2401-6400-0826
tools/ladder_par.sh,2026-09-27T04:25:50Z,PHerc0826-seed5252,1,no,0,0,no patch written,c67c342334957ecb,10.8,93,0,0.2204,batch-2401-6400-0826
tools/ladder_par.sh,2026-09-27T04:25:53Z,PHerc0826-seed5253,1,no,0,0,no patch written,030e171158b7609c,10.3,93,0,0.2406,batch-2401-6400-0826
tools/ladder_par.sh,2026-09-27T04:25:56Z,PHerc0826-seed5261,1,no,0,0,no patch written,0c4b98386af39d28,9.9,92,0,0.2621,batch-2401-6400-0826
tools/ladder_par.sh,2026-09-27T04:26:06Z,PHerc0826-seed5264,1,no,1,0,no patch written,4ce546f82ea3fb8b,9.8,94,1,0.2665,batch-2401-6400-0826
tools/ladder_par.sh,2026-09-27T04:26:09Z,PHerc0826-seed5271,1,no,0,0,no patch written,15299aa4992a66cb,9.9,93,1,0.1908,batch-2401-6400-0826
tools/ladder_par.sh,2026-09-27T04:26:12Z,PHerc0826-seed5276,1,no,0,0,no patch written,063ef113c239d5cf,10.2,93,1,0.1943,batch-2401-6400-0826
tools/ladder_par.sh,2026-09-27T04:26:22Z,PHerc0826-seed5288,1,no,0,0,no patch written,3436a0ef0680ac5c,10.6,92,1,0.2377,batch-2401-6400-0826
tools/ladder_par.sh,2026-09-27T04:26:25Z,PHerc0826-seed5291,1,no,0,0,no patch written,a4b29a4fd3be38bd,11.0,91,1,0.1787,batch-2401-6400-0826
tools/ladder_par.sh,2026-09-27T04:26:38Z,PHerc0826-seed5293,0,no,0,1,ended by itself,fa9d099f44e5eb16,11.7,89,1,0.2573,batch-2401-6400-0826
tools/ladder_par.sh,2026-09-27T04:26:41Z,PHerc0826-seed5294,1,no,0,0,no patch written,055f13f55a8745b1,11.7,88,1,0.2203,batch-2401-6400-0826
tools/ladder_par.sh,2026-09-27T04:26:54Z,PHerc0826-seed5300,1,no,0,0,no patch written,3215ec69ab1df03d,11.9,87,1,0.2570,batch-2401-6400-0826
tools/ladder_par.sh,2026-09-27T04:26:57Z,PHerc0826-seed5307,1,no,0,0,no patch written,2f8736681413f34a,11.8,86,1,0.2558,batch-2401-6400-0826
tools/ladder_par.sh,2026-09-27T04:27:10Z,PHerc0826-seed5310,1,no,0,0,no patch written,360417298e8fc585,11.8,86,1,0.2478,batch-2401-6400-0826
tools/ladder_par.sh,2026-09-27T04:27:15Z,PHerc0826-seed5312,0,no,1,4,ended by itself,ef7217a59bcf2413,11.2,85,1,0.1360,batch-2401-6400-0826
tools/ladder_par.sh,2026-09-27T04:27:26Z,PHerc0826-seed5324,1,no,0,0,no patch written,cb29f7c347be40ae,12.0,84,2,0.1433,batch-2401-6400-0826
tools/ladder_par.sh,2026-09-27T04:27:30Z,PHerc0826-seed5325,1,no,0,0,no patch written,ac2854ac0a1e776d,11.7,83,2,0.2400,batch-2401-6400-0826
tools/ladder_par.sh,2026-09-27T04:27:43Z,PHerc0826-seed5335,1,no,1,0,no patch written,10ca255ec352960c,11.6,87,2,0.1411,batch-2401-6400-0826
tools/ladder_par.sh,2026-09-27T04:27:46Z,PHerc0826-seed5341,1,no,0,0,no patch written,4a05765f6ef1ccb1,11.1,86,2,0.2400,batch-2401-6400-0826
tools/ladder_par.sh,2026-09-27T04:27:59Z,PHerc0826-seed5346,1,no,0,0,no patch written,c9cd84cf3f59f814,12.0,86,2,0.2097,batch-2401-6400-0826
tools/ladder_par.sh,2026-09-27T04:28:02Z,PHerc0826-seed5262,124,yes,120,0,still growing at the cap,a21e7d75c495ab93,9.8,94,0,0.1320,batch-2401-6400-0826
tools/ladder_par.sh,2026-09-27T04:28:02Z,PHerc0826-seed5347,1,no,0,0,no patch written,d560c62aa31edd8a,11.7,90,2,0.2310,batch-2401-6400-0826
tools/ladder_par.sh,2026-09-27T04:28:22Z,PHerc0826-seed5353,0,no,1,1,ended by itself,f251fc782a3b88c3,11.2,88,3,0.2984,batch-2401-6400-0826
tools/ladder_par.sh,2026-09-27T04:28:38Z,PHerc0826-seed5358,1,no,0,0,no patch written,e48b3f08fbd63b45,12.3,85,3,0.1968,batch-2401-6400-0826
tools/ladder_par.sh,2026-09-27T04:28:54Z,PHerc0826-seed5359,1,no,0,0,no patch written,a838f7d2ddf322e5,10.5,85,3,0.1575,batch-2401-6400-0826
tools/ladder_par.sh,2026-09-27T04:29:16Z,PHerc0826-seed5292,124,yes,120,0,still growing at the cap,e88d1bd3de772848,11.2,85,1,0.0822,batch-2401-6400-0826
tools/ladder_par.sh,2026-09-27T04:30:15Z,PHerc0826-seed5349,124,yes,120,0,still growing at the cap,4eac42f91a85408d,10.7,89,1,0.1158,batch-2401-6400-0826
tools/ladder_par.sh,2026-09-27T04:30:18Z,PHerc0826-seed5351,124,yes,120,0,still growing at the cap,26dac7859d0e0e5f,10.7,88,2,0.2520,batch-2401-6400-0826
tools/ladder_par.sh,2026-09-27T04:30:29Z,PHerc0826-seed5367,0,no,59,282,ended by itself,28e47e748a59fd49,11.2,82,3,0.2522,batch-2401-6400-0826
tools/ladder_par.sh,2026-09-27T04:30:43Z,PHerc0826-seed5372,1,no,0,0,no patch written,767b4099b4dcc649,11.1,84,1,0.2204,batch-2401-6400-0826
tools/ladder_par.sh,2026-09-27T04:31:00Z,PHerc0826-seed5375,1,no,1,0,no patch written,13530822a349c25f,11.3,83,1,0.2610,batch-2401-6400-0826
tools/ladder_par.sh,2026-09-27T04:31:10Z,PHerc0826-seed5364,124,yes,120,0,still growing at the cap,5b09ba06436e8d5a,11.2,82,3,0.2251,batch-2401-6400-0826
tools/ladder_par.sh,2026-09-27T04:31:16Z,PHerc0826-seed5379,1,no,0,0,no patch written,27340b8d448bb30b,9.8,88,0,0.2773,batch-2401-6400-0826
tools/ladder_par.sh,2026-09-27T04:31:18Z,PHerc0826-seed5368,1,no,0,0,no patch written,1b6aed3694a74df2,9.7,88,0,0.2499,batch-2401-6400-0826
tools/ladder_par.sh,2026-09-27T04:31:21Z,PHerc0826-seed5371,1,no,0,0,no patch written,40ce636fdfc9914b,9.4,88,0,0.2416,batch-2401-6400-0826
tools/ladder_par.sh,2026-09-27T04:31:35Z,PHerc0826-seed5391,1,no,0,0,no patch written,fb5b1064ef49ab79,9.0,89,1,0.1877,batch-2401-6400-0826
tools/ladder_par.sh,2026-09-27T04:31:38Z,PHerc0826-seed5403,1,no,0,0,no patch written,287ca4119d95eaef,8.9,88,1,0.1642,batch-2401-6400-0826
tools/ladder_par.sh,2026-09-27T04:31:51Z,PHerc0826-seed5404,1,no,0,0,no patch written,642251b8f8b005d4,11.2,85,1,0.2902,batch-2401-6400-0826
tools/ladder_par.sh,2026-09-27T04:31:54Z,PHerc0826-seed5407,1,no,0,0,no patch written,a51a24d31d9f88fa,11.2,84,1,0.2455,batch-2401-6400-0826
tools/ladder_par.sh,2026-09-27T04:32:07Z,PHerc0826-seed5414,1,no,0,0,no patch written,7d9e6420e65506a6,10.8,88,1,0.2678,batch-2401-6400-0826
tools/ladder_par.sh,2026-09-27T04:32:11Z,PHerc0826-seed5415,1,no,0,0,no patch written,b936a18a35c5b082,10.6,87,1,0.2036,batch-2401-6400-0826
tools/ladder_par.sh,2026-09-27T04:32:13Z,PHerc0826-seed5380,1,no,0,0,no patch written,fe1779483e6d6cb2,10.7,87,1,0.0102,batch-2401-6400-0826
tools/ladder_par.sh,2026-09-27T04:32:24Z,PHerc0826-seed5423,1,no,0,0,no patch written,d1bb76a2c125f2e6,12.0,86,1,0.0438,batch-2401-6400-0826
tools/ladder_par.sh,2026-09-27T04:32:30Z,PHerc0826-seed5426,1,no,0,0,no patch written,a9a82e43ca2ea411,10.6,85,2,0.2522,batch-2401-6400-0826
tools/ladder_par.sh,2026-09-27T04:32:38Z,PHerc0826-seed5425,0,no,11,39,ended by itself,1895f3c2ca780426,11.0,85,1,0.1867,batch-2401-6400-0826
tools/ladder_par.sh,2026-09-27T04:32:40Z,PHerc0826-seed5431,1,no,0,0,no patch written,31a42e4caf959d57,11.2,84,1,0.2198,batch-2401-6400-0826
tools/ladder_par.sh,2026-09-27T04:32:48Z,PHerc0826-seed5434,0,no,2,9,ended by itself,06bb0b7336369ced,10.6,84,1,0.2174,batch-2401-6400-0826
tools/ladder_par.sh,2026-09-27T04:32:52Z,PHerc0826-seed5441,1,no,0,0,no patch written,865e8193e120c8d9,10.4,85,1,0.2392,batch-2401-6400-0826
tools/ladder_par.sh,2026-09-27T04:32:56Z,PHerc0826-seed5442,1,no,0,0,no patch written,5101f51a86b2080b,10.4,85,1,0.1458,batch-2401-6400-0826
tools/ladder_par.sh,2026-09-27T04:33:03Z,PHerc0826-seed5444,1,no,0,0,no patch written,c3156bdd6ce3d0a4,10.1,85,1,0.2204,batch-2401-6400-0826
tools/ladder_par.sh,2026-09-27T04:33:10Z,PHerc0826-seed5447,0,no,2,13,ended by itself,bc5b11e894b107b3,10.1,85,1,0.1679,batch-2401-6400-0826
tools/ladder_par.sh,2026-09-27T04:33:12Z,PHerc0826-seed5452,1,no,0,0,no patch written,175a6b3c950addff,10.6,85,1,0.1079,batch-2401-6400-0826
tools/ladder_par.sh,2026-09-27T04:33:19Z,PHerc0826-seed5458,1,no,0,0,no patch written,4544880597363f35,11.1,85,1,0.2100,batch-2401-6400-0826
tools/ladder_par.sh,2026-09-27T04:33:25Z,PHerc0826-seed5476,1,no,1,0,no patch written,4eb62907b4bd2fa4,11.3,84,1,0.0733,batch-2401-6400-0826
tools/ladder_par.sh,2026-09-27T04:33:31Z,PHerc0826-seed5482,1,no,0,0,no patch written,7d360e790f470489,11.4,84,1,0.2025,batch-2401-6400-0826
tools/ladder_par.sh,2026-09-27T04:33:32Z,PHerc0826-seed5382,124,yes,120,0,still growing at the cap,c5abb15de4ff02ad,9.4,89,0,0.2179,batch-2401-6400-0826
tools/ladder_par.sh,2026-09-27T04:33:37Z,PHerc0826-seed5485,0,no,2,10,ended by itself,89297baef495eb58,11.0,89,0,0.2275,batch-2401-6400-0826
tools/ladder_par.sh,2026-09-27T04:33:41Z,PHerc0826-seed5487,1,no,0,0,no patch written,a46a2941a022c9f7,10.7,88,0,0.1230,batch-2401-6400-0826
tools/ladder_par.sh,2026-09-27T04:33:49Z,PHerc0826-seed5491,1,no,0,0,no patch written,6ea1342f3dacbe4a,9.9,88,1,0.2427,batch-2401-6400-0826
tools/ladder_par.sh,2026-09-27T04:33:53Z,PHerc0826-seed5497,1,no,1,0,no patch written,8c8eab980fef7374,10.1,88,1,0.1870,batch-2401-6400-0826
tools/ladder_par.sh,2026-09-27T04:33:56Z,PHerc0826-seed5489,0,no,10,53,ended by itself,68973c989a11fe61,10.2,88,0,0.1448,batch-2401-6400-0826
tools/ladder_par.sh,2026-09-27T04:33:57Z,PHerc0826-seed5501,1,no,0,0,no patch written,f306914fe41995a3,10.6,87,0,0.2455,batch-2401-6400-0826
tools/ladder_par.sh,2026-09-27T04:34:05Z,PHerc0826-seed5502,1,no,0,0,no patch written,17def8ee5aaf4248,10.0,89,0,0.1785,batch-2401-6400-0826
tools/ladder_par.sh,2026-09-27T04:34:12Z,PHerc0826-seed5516,1,no,0,0,no patch written,5a9a30a1345d7297,10.0,88,1,0.2598,batch-2401-6400-0826
tools/ladder_par.sh,2026-09-27T04:34:15Z,PHerc0826-seed5527,1,no,0,0,no patch written,b17be158ca3879e8,10.0,88,1,0.1657,batch-2401-6400-0826
tools/ladder_par.sh,2026-09-27T04:34:22Z,PHerc0826-seed5532,1,no,1,0,no patch written,e9199673d1298799,10.0,88,1,0.2847,batch-2401-6400-0826
tools/ladder_par.sh,2026-09-27T04:34:28Z,PHerc0826-seed5533,1,no,0,0,no patch written,315a82a0adeee0a6,10.2,87,1,0.2792,batch-2401-6400-0826
tools/ladder_par.sh,2026-09-27T04:34:31Z,PHerc0826-seed5535,1,no,0,0,no patch written,181b3cf16e377c27,10.2,87,1,0.1290,batch-2401-6400-0826
tools/ladder_par.sh,2026-09-27T04:34:38Z,PHerc0826-seed5539,1,no,0,0,no patch written,a8ca3559fba611a2,10.5,85,1,0.2292,batch-2401-6400-0826
tools/ladder_par.sh,2026-09-27T04:34:44Z,PHerc0826-seed5545,1,no,0,0,no patch written,18479c867e928189,10.4,85,1,0.2880,batch-2401-6400-0826
tools/ladder_par.sh,2026-09-27T04:34:47Z,PHerc0826-seed5561,1,no,0,0,no patch written,e639a1318b4c35b9,10.3,84,1,0.1428,batch-2401-6400-0826
tools/ladder_par.sh,2026-09-27T04:34:54Z,PHerc0826-seed5567,1,no,0,0,no patch written,ff8c1b2e1cc2252b,10.5,84,1,0.2570,batch-2401-6400-0826
tools/ladder_par.sh,2026-09-27T04:35:01Z,PHerc0826-seed5584,1,no,0,0,no patch written,fd96f9412a856183,10.3,83,1,0.1947,batch-2401-6400-0826
tools/ladder_par.sh,2026-09-27T04:35:07Z,PHerc0826-seed5592,0,no,3,14,ended by itself,19844fc4a436d4bd,10.2,83,1,0.2416,batch-2401-6400-0826
tools/ladder_par.sh,2026-09-27T04:35:12Z,PHerc0826-seed5593,0,no,2,7,ended by itself,87acc6167cb2384a,10.6,83,1,0.2835,batch-2401-6400-0826
tools/ladder_par.sh,2026-09-27T04:35:14Z,PHerc0826-seed5513,0,no,65,380,ended by itself,30a21451daa4e334,9.8,89,0,0.1847,batch-2401-6400-0826
tools/ladder_par.sh,2026-09-27T04:35:17Z,PHerc0826-seed5598,1,no,0,0,no patch written,36b92d1167f89af4,10.4,86,0,0.2417,batch-2401-6400-0826
tools/ladder_par.sh,2026-09-27T04:35:21Z,PHerc0826-seed5599,1,no,0,0,no patch written,b2c0775aa94c8337,9.8,86,0,0.2545,batch-2401-6400-0826
tools/ladder_par.sh,2026-09-27T04:35:26Z,PHerc0826-seed5602,1,no,0,0,no patch written,488ead3c6ec0aa9f,9.2,86,0,0.1383,batch-2401-6400-0826
tools/ladder_par.sh,2026-09-27T04:35:29Z,PHerc0826-seed5606,1,no,0,0,no patch written,7a283209b382528a,9.1,86,0,0.2555,batch-2401-6400-0826
tools/ladder_par.sh,2026-09-27T04:35:43Z,PHerc0826-seed5613,1,no,0,0,no patch written,ad5bcf34f170c844,10.7,83,2,0.1267,batch-2401-6400-0826
tools/ladder_par.sh,2026-09-27T04:35:46Z,PHerc0826-seed5616,1,no,0,0,no patch written,c259ebdcca847ace,11.0,83,2,0.2074,batch-2401-6400-0826
tools/ladder_par.sh,2026-09-27T04:35:59Z,PHerc0826-seed5617,1,no,0,0,no patch written,2f82882ac32e2ca0,12.2,80,2,0.2683,batch-2401-6400-0826
tools/ladder_par.sh,2026-09-27T04:36:02Z,PHerc0826-seed5620,1,no,0,0,no patch written,f3975a2e7d7e47d2,12.4,79,2,0.2427,batch-2401-6400-0826
tools/ladder_par.sh,2026-09-27T04:36:15Z,PHerc0826-seed5623,1,no,0,0,no patch written,8a1022031f52dba8,12.9,78,2,0.2857,batch-2401-6400-0826
tools/ladder_par.sh,2026-09-27T04:36:19Z,PHerc0826-seed5625,1,no,0,0,no patch written,df3d42f93b4d2064,12.5,77,2,0.2317,batch-2401-6400-0826
tools/ladder_par.sh,2026-09-27T04:36:32Z,PHerc0826-seed5626,1,no,1,0,no patch written,63431bd81e36b897,12.6,76,2,0.2097,batch-2401-6400-0826
tools/ladder_par.sh,2026-09-27T04:37:33Z,PHerc0826-seed5608,124,yes,120,0,still growing at the cap,75bde389a167ace4,9.3,86,0,0.0279,batch-2401-6400-0826
tools/ladder_par.sh,2026-09-27T04:37:38Z,PHerc0826-seed5611,124,yes,121,0,still growing at the cap,15796834f59d9d0b,9.9,85,1,0.1756,batch-2401-6400-0826
tools/ladder_par.sh,2026-09-27T04:37:39Z,PHerc0826-seed5642,1,no,0,0,no patch written,b47443e14b3be7e5,13.6,78,1,0.1702,batch-2401-6400-0826
tools/ladder_par.sh,2026-09-27T04:37:52Z,PHerc0826-seed5651,1,no,0,0,no patch written,4121107a4a283e01,12.9,77,1,0.2805,batch-2401-6400-0826
tools/ladder_par.sh,2026-09-27T04:37:55Z,PHerc0826-seed5661,1,no,0,0,no patch written,78a838698832c656,12.7,76,1,0.1931,batch-2401-6400-0826
tools/ladder_par.sh,2026-09-27T04:38:09Z,PHerc0826-seed5664,1,no,1,0,no patch written,3f77c68025cafb26,13.0,75,1,0.2090,batch-2401-6400-0826
tools/ladder_par.sh,2026-09-27T04:38:12Z,PHerc0826-seed5665,1,no,0,0,no patch written,79b099d8b4fb8a4d,13.0,75,1,0.1326,batch-2401-6400-0826
tools/ladder_par.sh,2026-09-27T04:38:25Z,PHerc0826-seed5666,1,no,1,0,no patch written,c298fbf05186ab4b,12.6,75,1,0.2610,batch-2401-6400-0826
tools/ladder_par.sh,2026-09-27T04:38:28Z,PHerc0826-seed5667,1,no,0,0,no patch written,2e1345cd4445ff40,12.5,74,1,0.2552,batch-2401-6400-0826
tools/ladder_par.sh,2026-09-27T04:38:35Z,PHerc0826-seed5630,124,yes,120,0,still growing at the cap,b9a55486d2d3b51c,12.5,75,2,0.2147,batch-2401-6400-0826
tools/ladder_par.sh,2026-09-27T04:38:41Z,PHerc0826-seed5674,1,no,0,0,no patch written,9e1c610507db1087,12.8,76,0,0.2835,batch-2401-6400-0826
tools/ladder_par.sh,2026-09-27T04:38:44Z,PHerc0826-seed5676,1,no,0,0,no patch written,0531a2007009f460,11.9,77,0,0.0703,batch-2401-6400-0826
tools/ladder_par.sh,2026-09-27T04:38:52Z,PHerc0826-seed5678,1,no,0,0,no patch written,8988a84acc0110ee,11.8,77,0,0.2799,batch-2401-6400-0826
tools/ladder_par.sh,2026-09-27T04:38:57Z,PHerc0826-seed5679,1,no,0,0,no patch written,8cb6a70f516bacda,11.6,78,0,0.2835,batch-2401-6400-0826
tools/ladder_par.sh,2026-09-27T04:39:01Z,PHerc0826-seed5680,1,no,0,0,no patch written,08000c55120c888d,10.8,84,0,0.0615,batch-2401-6400-0826
tools/ladder_par.sh,2026-09-27T04:39:10Z,PHerc0826-seed5684,0,no,2,6,ended by itself,9d12a40e00e4c63a,9.4,84,1,0.1301,batch-2401-6400-0826
tools/ladder_par.sh,2026-09-27T04:39:17Z,PHerc0826-seed5685,0,no,4,18,ended by itself,d0f67e4e617ab6e7,10.2,84,1,0.1943,batch-2401-6400-0826
tools/ladder_par.sh,2026-09-27T04:39:17Z,PHerc0826-seed5693,1,no,0,0,no patch written,a208e8f1483d2648,10.9,83,1,0.2072,batch-2401-6400-0826
tools/ladder_par.sh,2026-09-27T04:39:25Z,PHerc0826-seed5699,1,no,0,0,no patch written,642eaff51db3cef9,10.1,87,1,0.2023,batch-2401-6400-0826
tools/ladder_par.sh,2026-09-27T04:39:34Z,PHerc0826-seed5703,0,no,0,4,ended by itself,8dce7f4ccd04688f,9.2,87,2,0.1411,batch-2401-6400-0826
tools/ladder_par.sh,2026-09-27T04:39:41Z,PHerc0826-seed5709,1,no,0,0,no patch written,258e84f131bc3310,10.3,86,2,0.2512,batch-2401-6400-0826
tools/ladder_par.sh,2026-09-27T04:39:50Z,PHerc0826-seed5711,1,no,0,0,no patch written,9dd99180da3dcbf0,11.1,85,2,0.1869,batch-2401-6400-0826
tools/ladder_par.sh,2026-09-27T04:40:01Z,PHerc0826-seed5722,0,no,4,21,ended by itself,e07d84a9a6abfdf7,11.4,88,2,0.2432,batch-2401-6400-0826
tools/ladder_par.sh,2026-09-27T04:40:07Z,PHerc0826-seed5725,1,no,1,0,no patch written,74d4578d20a77b0d,13.2,87,2,0.2078,batch-2401-6400-0826
tools/ladder_par.sh,2026-09-27T04:40:16Z,PHerc0826-seed5727,1,no,0,0,no patch written,958aa8f8da82f69a,10.9,86,2,0.2835,batch-2401-6400-0826
tools/ladder_par.sh,2026-09-27T04:40:32Z,PHerc0826-seed5730,1,no,0,0,no patch written,d4a0432049d35fc2,11.7,85,3,0.2494,batch-2401-6400-0826
tools/ladder_par.sh,2026-09-27T04:40:48Z,PHerc0826-seed5735,1,no,0,0,no patch written,755117a469aaa446,11.3,83,3,0.2608,batch-2401-6400-0826
tools/ladder_par.sh,2026-09-27T04:41:05Z,PHerc0826-seed5736,1,no,1,0,no patch written,0a22c5abf953acb0,12.3,79,3,0.1802,batch-2401-6400-0826
tools/ladder_par.sh,2026-09-27T04:41:06Z,PHerc0826-seed5649,124,yes,120,0,still growing at the cap,8238b0aa297cf896,9.6,84,0,0.1618,batch-2401-6400-0826
tools/ladder_par.sh,2026-09-27T04:41:21Z,PHerc0826-seed5738,1,no,0,0,no patch written,5cad1cb27e216069,12.8,85,2,0.1135,batch-2401-6400-0826
tools/ladder_par.sh,2026-09-27T04:41:31Z,PHerc0826-seed5702,124,yes,120,0,still growing at the cap,3664b94772c56251,9.4,87,1,0.1877,batch-2401-6400-0826
tools/ladder_par.sh,2026-09-27T04:41:37Z,PHerc0826-seed5746,1,no,0,0,no patch written,1a1f31f75bb9a05d,13.3,88,1,0.2902,batch-2401-6400-0826
tools/ladder_par.sh,2026-09-27T04:41:54Z,PHerc0826-seed5756,1,no,1,0,no patch written,765f9cdb87e76756,13.3,86,1,0.2400,batch-2401-6400-0826
tools/ladder_par.sh,2026-09-27T04:42:10Z,PHerc0826-seed5759,1,no,0,0,no patch written,73879f53595a4347,10.0,87,1,0.2235,batch-2401-6400-0826
tools/ladder_par.sh,2026-09-27T04:42:12Z,PHerc0826-seed5742,1,no,0,0,no patch written,a6ce5d86e1c8cda4,9.8,86,1,0.2406,batch-2401-6400-0826
tools/ladder_par.sh,2026-09-27T04:42:23Z,PHerc0826-seed5728,124,yes,120,0,still growing at the cap,ac25141fb26be3e8,10.8,85,2,0.2552,batch-2401-6400-0826
tools/ladder_par.sh,2026-09-27T04:42:26Z,PHerc0826-seed5760,1,no,0,0,no patch written,f962eca736c187c4,10.2,93,0,0.2427,batch-2401-6400-0826
tools/ladder_par.sh,2026-09-27T04:42:31Z,PHerc0826-seed5752,1,no,0,0,no patch written,17a718fd214899e8,10.1,97,1,0.1267,batch-2401-6400-0826
tools/ladder_par.sh,2026-09-27T04:42:43Z,PHerc0826-seed5781,1,no,1,0,no patch written,758a634040f7f776,12.7,95,1,0.1251,batch-2401-6400-0826
tools/ladder_par.sh,2026-09-27T04:42:48Z,PHerc0826-seed5782,1,no,1,0,no patch written,ba0a454daee5e519,12.9,95,1,0.2280,batch-2401-6400-0826
tools/ladder_par.sh,2026-09-27T04:42:55Z,PHerc0826-seed5762,0,no,26,146,ended by itself,ae878b83f2192d11,9.7,97,0,0.2098,batch-2401-6400-0826
tools/ladder_par.sh,2026-09-27T04:42:59Z,PHerc0826-seed5785,1,no,0,0,no patch written,01dab85fd526d0ac,11.5,96,0,0.2773,batch-2401-6400-0826
tools/ladder_par.sh,2026-09-27T04:43:04Z,PHerc0826-seed5790,1,no,0,0,no patch written,2228a1712ef0f193,10.6,94,0,0.2984,batch-2401-6400-0826
tools/ladder_par.sh,2026-09-27T04:43:15Z,PHerc0826-seed5799,1,no,0,0,no patch written,1f616861552bb683,10.4,96,1,0.2799,batch-2401-6400-0826
tools/ladder_par.sh,2026-09-27T04:43:20Z,PHerc0826-seed5800,1,no,0,0,no patch written,0887593d05d542cb,10.1,96,1,0.2646,batch-2401-6400-0826
tools/ladder_par.sh,2026-09-27T04:43:29Z,PHerc0826-seed5795,0,no,20,121,ended by itself,9a6e911371da2979,10.4,94,0,0.0607,batch-2401-6400-0826
tools/ladder_par.sh,2026-09-27T04:43:32Z,PHerc0826-seed5802,1,no,0,0,no patch written,d58fac8a8f4efb98,10.2,96,1,0.1870,batch-2401-6400-0826
tools/ladder_par.sh,2026-09-27T04:43:36Z,PHerc0826-seed5804,1,no,0,0,no patch written,86ef653a6cbaeb9d,10.4,95,1,0.2406,batch-2401-6400-0826
tools/ladder_par.sh,2026-09-27T04:43:43Z,PHerc0826-seed5806,1,no,0,0,no patch written,5aa1403d2c0cf013,9.9,94,1,0.2925,batch-2401-6400-0826
tools/ladder_par.sh,2026-09-27T04:43:54Z,PHerc0826-seed5808,0,no,6,41,ended by itself,3d03e96f8a27490b,9.8,93,1,0.1117,batch-2401-6400-0826
tools/ladder_par.sh,2026-09-27T04:44:00Z,PHerc0826-seed5828,0,no,1,2,ended by itself,0b3fe38cf67952eb,10.7,92,2,0.2087,batch-2401-6400-0826
tools/ladder_par.sh,2026-09-27T04:44:16Z,PHerc0826-seed5830,1,no,0,0,no patch written,631fbb3267014c1c,11.1,90,3,0.2835,batch-2401-6400-0826
tools/ladder_par.sh,2026-09-27T04:45:25Z,PHerc0826-seed5770,124,yes,120,0,still growing at the cap,85e88d8f6c405393,9.6,96,1,0.1400,batch-2401-6400-0826
tools/ladder_par.sh,2026-09-27T04:45:40Z,PHerc0826-seed5836,1,no,0,0,no patch written,9d6aec46d33815d9,14.9,93,3,0.1383,batch-2401-6400-0826
tools/ladder_par.sh,2026-09-27T04:45:53Z,PHerc0826-seed5812,124,yes,120,0,still growing at the cap,76402badd8943324,9.9,93,2,0.2480,batch-2401-6400-0826
tools/ladder_par.sh,2026-09-27T04:45:56Z,PHerc0826-seed5852,1,no,0,0,no patch written,349673dd7c9ee612,13.5,97,2,0.2806,batch-2401-6400-0826
tools/ladder_par.sh,2026-09-27T04:46:07Z,PHerc0826-seed5854,1,no,0,0,no patch written,73b48fceaad76548,12.2,99,2,0.2533,batch-2401-6400-0826
tools/ladder_par.sh,2026-09-27T04:46:09Z,PHerc0826-seed5829,124,yes,120,0,still growing at the cap,4cce21ce570b5b24,10.8,91,2,0.0855,batch-2401-6400-0826
tools/ladder_par.sh,2026-09-27T04:46:13Z,PHerc0826-seed5856,1,no,0,0,no patch written,57f611cbf92f65ce,10.3,102,1,0.1178,batch-2401-6400-0826
tools/ladder_par.sh,2026-09-27T04:46:23Z,PHerc0826-seed5859,1,no,0,0,no patch written,fee3aacdbc5d5f68,9.7,105,1,0.2750,batch-2401-6400-0826
tools/ladder_par.sh,2026-09-27T04:46:26Z,PHerc0826-seed5862,1,no,0,0,no patch written,54dc74f5117f3ead,9.7,105,1,0.1296,batch-2401-6400-0826
tools/ladder_par.sh,2026-09-27T04:46:29Z,PHerc0826-seed5867,1,no,0,0,no patch written,f580c92180f537a7,10.0,105,1,0.2681,batch-2401-6400-0826
tools/ladder_par.sh,2026-09-27T04:46:32Z,PHerc0826-seed5835,124,yes,120,0,still growing at the cap,6f4579f822dfbecd,11.7,87,3,0.2536,batch-2401-6400-0826
tools/ladder_par.sh,2026-09-27T04:46:39Z,PHerc0826-seed5880,1,no,0,0,no patch written,812697abf2b81bba,10.2,109,0,0.2765,batch-2401-6400-0826
tools/ladder_par.sh,2026-09-27T04:46:43Z,PHerc0826-seed5881,1,no,0,0,no patch written,65bf98eec221c2ed,9.4,108,0,0.2545,batch-2401-6400-0826
tools/ladder_par.sh,2026-09-27T04:46:46Z,PHerc0826-seed5888,1,no,0,0,no patch written,6a4e712d724972e2,9.3,108,0,0.2478,batch-2401-6400-0826
tools/ladder_par.sh,2026-09-27T04:46:49Z,PHerc0826-seed5901,1,no,0,0,no patch written,235915d9f03a9068,9.5,108,0,0.1988,batch-2401-6400-0826
tools/ladder_par.sh,2026-09-27T04:46:56Z,PHerc0826-seed5914,1,no,0,0,no patch written,a0c4a049a9253a78,9.0,109,0,0.2987,batch-2401-6400-0826
tools/ladder_par.sh,2026-09-27T04:46:59Z,PHerc0826-seed5917,1,no,0,0,no patch written,5b7fb3f28957723a,7.6,108,0,0.2198,batch-2401-6400-0826
tools/ladder_par.sh,2026-09-27T04:47:03Z,PHerc0826-seed5920,1,no,1,0,no patch written,4a7408ad7b0f135c,6.7,108,0,0.1512,batch-2401-6400-0826
tools/ladder_par.sh,2026-09-27T04:47:06Z,PHerc0826-seed5921,1,no,0,0,no patch written,e90978b7ccd73bcb,6.4,108,0,0.2902,batch-2401-6400-0826
tools/ladder_par.sh,2026-09-27T04:47:12Z,PHerc0826-seed5922,1,no,0,0,no patch written,fe5b450a836b9e40,6.7,107,0,0.2984,batch-2401-6400-0826
tools/ladder_par.sh,2026-09-27T04:47:16Z,PHerc0826-seed5926,1,no,0,0,no patch written,6bd4047a3207f34c,6.4,108,0,0.2147,batch-2401-6400-0826
tools/ladder_par.sh,2026-09-27T04:47:19Z,PHerc0826-seed5939,1,no,0,0,no patch written,662b6d31655ee92a,6.3,108,0,0.2310,batch-2401-6400-0826
tools/ladder_par.sh,2026-09-27T04:47:22Z,PHerc0826-seed5949,1,no,0,0,no patch written,2580cf3c8893a5c0,6.5,107,0,0.2533,batch-2401-6400-0826
tools/ladder_par.sh,2026-09-27T04:47:28Z,PHerc0826-seed5958,0,no,0,1,ended by itself,613aa44dc0882fe9,6.8,108,0,0.1299,batch-2401-6400-0826
tools/ladder_par.sh,2026-09-27T04:47:32Z,PHerc0826-seed5970,1,no,0,0,no patch written,540c6fcf577c61f6,6.5,108,0,0.1397,batch-2401-6400-0826
tools/ladder_par.sh,2026-09-27T04:47:35Z,PHerc0826-seed5971,1,no,0,0,no patch written,73a70024a89d652f,6.5,108,0,0.2984,batch-2401-6400-0826
tools/ladder_par.sh,2026-09-27T04:47:45Z,PHerc0826-seed5992,0,no,1,7,ended by itself,05a97321cbb879e3,7.4,107,1,0.1581,batch-2401-6400-0826
tools/ladder_par.sh,2026-09-27T04:47:48Z,PHerc0826-seed5993,1,no,0,0,no patch written,0edcaba6df6ef4ba,7.9,107,1,0.2427,batch-2401-6400-0826
tools/ladder_par.sh,2026-09-27T04:47:51Z,PHerc0826-seed6000,1,no,0,0,no patch written,24bf1ae01056efc7,8.4,106,1,0.1832,batch-2401-6400-0826
tools/ladder_par.sh,2026-09-27T04:48:04Z,PHerc0826-seed6005,1,no,0,0,no patch written,10a8db170cdb59ad,9.1,106,1,0.2805,batch-2401-6400-0826
tools/ladder_par.sh,2026-09-27T04:48:21Z,PHerc0826-seed6026,0,no,1,3,ended by itself,66097e3f10674fa7,10.2,103,2,0.1411,batch-2401-6400-0826
tools/ladder_par.sh,2026-09-27T04:48:48Z,PHerc0826-seed6004,1,no,0,0,no patch written,94348fb9584e8933,10.2,101,3,0.1333,batch-2401-6400-0826
tools/ladder_par.sh,2026-09-27T04:48:59Z,PHerc0826-seed6035,0,no,22,177,ended by itself,fe89ec6a8818c3b0,10.3,100,2,0.1756,batch-2401-6400-0826
tools/ladder_par.sh,2026-09-27T04:49:04Z,PHerc0826-seed6044,1,no,0,0,no patch written,1f4fd3163964f237,10.4,99,2,0.1267,batch-2401-6400-0826
tools/ladder_par.sh,2026-09-27T04:49:13Z,PHerc0826-seed6046,1,no,0,0,no patch written,94efd42e81a1d863,10.2,98,2,0.2645,batch-2401-6400-0826
tools/ladder_par.sh,2026-09-27T04:49:21Z,PHerc0826-seed6048,1,no,0,0,no patch written,c4126b9f25f77111,10.4,97,2,0.2645,batch-2401-6400-0826
tools/ladder_par.sh,2026-09-27T04:49:29Z,PHerc0826-seed6053,1,no,0,0,no patch written,a49ea346afb096e4,10.2,96,2,0.2608,batch-2401-6400-0826
tools/ladder_par.sh,2026-09-27T04:49:37Z,PHerc0826-seed6062,1,no,0,0,no patch written,15979b740e2a934b,10.3,95,2,0.2522,batch-2401-6400-0826
tools/ladder_par.sh,2026-09-27T04:49:38Z,PHerc0826-seed5989,124,yes,120,0,still growing at the cap,0c31d8b2fdea4e9d,6.6,108,0,0.2302,batch-2401-6400-0826
tools/ladder_par.sh,2026-09-27T04:49:46Z,PHerc0826-seed6070,1,no,1,0,no patch written,ea418921ecee4c6b,9.8,99,1,0.2847,batch-2401-6400-0826
tools/ladder_par.sh,2026-09-27T04:49:56Z,PHerc0826-seed6076,1,no,0,0,no patch written,c50532cf0c120c99,9.1,99,2,0.1867,batch-2401-6400-0826
tools/ladder_par.sh,2026-09-27T04:50:05Z,PHerc0826-seed6078,0,no,3,20,ended by itself,4949c527fd856a1b,9.2,99,2,0.1396,batch-2401-6400-0826
tools/ladder_par.sh,2026-09-27T04:50:06Z,PHerc0826-seed6075,0,no,14,93,ended by itself,9c7c5a7cd51f8c9a,9.4,99,1,0.1972,batch-2401-6400-0826
tools/ladder_par.sh,2026-09-27T04:50:07Z,PHerc0826-seed6013,124,yes,120,0,still growing at the cap,79d6d1f4340b2aa6,8.9,106,1,0.1953,batch-2401-6400-0826
tools/ladder_par.sh,2026-09-27T04:50:12Z,PHerc0826-seed6085,1,no,0,0,no patch written,662417f30c35936d,8.5,104,0,0.2267,batch-2401-6400-0826
tools/ladder_par.sh,2026-09-27T04:50:19Z,PHerc0826-seed6096,1,no,0,0,no patch written,1a7e458cc5fb5c63,7.2,104,0,0.2570,batch-2401-6400-0826
tools/ladder_par.sh,2026-09-27T04:50:23Z,PHerc0826-seed6112,1,no,1,0,no patch written,6dca4312dd396b8e,7.0,104,0,0.2149,batch-2401-6400-0826
tools/ladder_par.sh,2026-09-27T04:50:29Z,PHerc0826-seed6130,1,no,1,0,no patch written,4487a083e772cd55,7.7,103,1,0.2406,batch-2401-6400-0826
tools/ladder_par.sh,2026-09-27T04:50:38Z,PHerc0826-seed6132,0,no,2,10,ended by itself,bf85b42a83fe7c03,8.5,103,1,0.2695,batch-2401-6400-0826
tools/ladder_par.sh,2026-09-27T04:50:39Z,PHerc0826-seed6133,1,no,0,0,no patch written,489d6e0eafd62e4f,8.3,102,1,0.2636,batch-2401-6400-0826
tools/ladder_par.sh,2026-09-27T04:50:42Z,PHerc0826-seed6128,0,no,17,73,ended by itself,66c587282798bc02,7.0,104,0,0.2329,batch-2401-6400-0826
tools/ladder_par.sh,2026-09-27T04:50:52Z,PHerc0826-seed6148,1,no,0,0,no patch written,b0f7db46d398bafa,7.5,103,1,0.2533,batch-2401-6400-0826
tools/ladder_par.sh,2026-09-27T04:50:55Z,PHerc0826-seed6161,1,no,0,0,no patch written,c10d7d8196d8b221,7.5,103,1,0.2598,batch-2401-6400-0826
tools/ladder_par.sh,2026-09-27T04:50:58Z,PHerc0826-seed6169,1,no,0,0,no patch written,1efd7eea636a9280,7.6,103,1,0.1966,batch-2401-6400-0826
tools/ladder_par.sh,2026-09-27T04:51:11Z,PHerc0826-seed6170,0,no,3,17,ended by itself,e0704fb95c482678,8.3,102,1,0.2329,batch-2401-6400-0826
tools/ladder_par.sh,2026-09-27T04:51:15Z,PHerc0826-seed6187,1,no,1,0,no patch written,0bd0ea3437339654,8.6,101,2,0.0461,batch-2401-6400-0826
tools/ladder_par.sh,2026-09-27T04:51:26Z,PHerc0826-seed6188,1,no,1,0,no patch written,91f29615568a2b3c,9.2,100,2,0.2925,batch-2401-6400-0826
tools/ladder_par.sh,2026-09-27T04:51:31Z,PHerc0826-seed6196,1,no,0,0,no patch written,5afd88225e72be2c,8.7,100,2,0.2750,batch-2401-6400-0826
tools/ladder_par.sh,2026-09-27T04:51:42Z,PHerc0826-seed6198,1,no,0,0,no patch written,54af6b9bc599614e,8.6,99,2,0.1755,batch-2401-6400-0826
tools/ladder_par.sh,2026-09-27T04:51:52Z,PHerc0826-seed6140,0,no,67,450,ended by itself,a639c774105962e9,8.2,104,0,0.1333,batch-2401-6400-0826
tools/ladder_par.sh,2026-09-27T04:51:52Z,PHerc0826-seed6203,0,no,5,24,ended by itself,b267f9e166824298,9.4,97,2,0.1998,batch-2401-6400-0826
tools/ladder_par.sh,2026-09-27T04:53:11Z,PHerc0826-seed6181,124,yes,120,0,still growing at the cap,3b1c440cb5621d41,8.3,101,2,0.2154,batch-2401-6400-0826
tools/ladder_par.sh,2026-09-27T04:54:07Z,PHerc0826-seed6209,124,yes,121,0,still growing at the cap,be89808638e51af4,8.6,97,1,0.1877,batch-2401-6400-0826
tools/ladder_par.sh,2026-09-27T04:54:10Z,PHerc0826-seed6213,124,yes,120,0,still growing at the cap,0b21a16cb462d572,8.1,97,2,0.0482,batch-2401-6400-0826
tools/ladder_par.sh,2026-09-27T04:54:19Z,PHerc0826-seed6220,0,no,2,7,ended by itself,d36afddd647795bb,5.9,105,1,0.2422,batch-2401-6400-0826
tools/ladder_par.sh,2026-09-27T04:54:21Z,PHerc0826-seed6221,1,no,0,0,no patch written,8968d12786544306,5.5,104,1,0.2683,batch-2401-6400-0826
tools/ladder_par.sh,2026-09-27T04:54:34Z,PHerc0826-seed6228,1,no,1,0,no patch written,75768009548dc019,6.8,102,1,0.2416,batch-2401-6400-0826
tools/ladder_par.sh,2026-09-27T04:54:37Z,PHerc0826-seed6229,1,no,0,0,no patch written,b7968e0bdc058b01,6.6,102,1,0.2294,batch-2401-6400-0826
tools/ladder_par.sh,2026-09-27T04:54:45Z,PHerc0826-seed6206,124,yes,120,0,still growing at the cap,7b7752d8fc6aeace,8.6,91,3,0.1178,batch-2401-6400-0826
tools/ladder_par.sh,2026-09-27T04:54:53Z,PHerc0826-seed6246,1,no,0,0,no patch written,67533c76950867ca,5.8,104,1,0.1433,batch-2401-6400-0826
tools/ladder_par.sh,2026-09-27T04:54:59Z,PHerc0826-seed6250,1,no,0,0,no patch written,0e5723c46e5acbb6,5.8,103,1,0.2455,batch-2401-6400-0826
tools/ladder_par.sh,2026-09-27T04:55:09Z,PHerc0826-seed6256,1,no,0,0,no patch written,8fdb9247f2ce8ceb,5.0,103,1,0.1758,batch-2401-6400-0826
tools/ladder_par.sh,2026-09-27T04:55:11Z,PHerc0826-seed6226,1,no,0,0,no patch written,4aae20f509efc252,4.7,103,1,0.2097,batch-2401-6400-0826
tools/ladder_par.sh,2026-09-27T04:55:15Z,PHerc0826-seed6265,1,no,0,0,no patch written,3fe8493059398cde,4.8,102,1,0.1618,batch-2401-6400-0826
tools/ladder_par.sh,2026-09-27T04:55:32Z,PHerc0826-seed6282,1,no,0,0,no patch written,97c91010efaac7b6,5.3,100,3,0.2683,batch-2401-6400-0826
tools/ladder_par.sh,2026-09-27T04:55:36Z,PHerc0826-seed6271,0,no,11,41,ended by itself,749d4dde96b4a7d1,4.9,102,1,0.2074,batch-2401-6400-0826
tools/ladder_par.sh,2026-09-27T04:55:48Z,PHerc0826-seed6290,1,no,0,0,no patch written,6a9e7215662a44c5,6.0,99,2,0.2610,batch-2401-6400-0826
tools/ladder_par.sh,2026-09-27T04:55:51Z,PHerc0826-seed6295,1,no,0,0,no patch written,8fe5bad536ed67f2,5.9,99,2,0.1797,batch-2401-6400-0826
tools/ladder_par.sh,2026-09-27T04:56:07Z,PHerc0826-seed6325,1,no,0,0,no patch written,d47c8b2a58960091,6.9,97,3,0.2860,batch-2401-6400-0826
tools/ladder_par.sh,2026-09-27T04:56:24Z,PHerc0826-seed6326,1,no,1,0,no patch written,b7cf102b1f076cd8,7.7,96,3,0.1894,batch-2401-6400-0826
tools/ladder_par.sh,2026-09-27T04:56:30Z,PHerc0826-seed6306,0,no,26,154,ended by itself,2acb97d6050a02cf,6.8,98,2,0.2506,batch-2401-6400-0826
tools/ladder_par.sh,2026-09-27T04:56:40Z,PHerc0826-seed6337,1,no,1,0,no patch written,585dc0a76305e0bc,7.1,96,2,0.1267,batch-2401-6400-0826
tools/ladder_par.sh,2026-09-27T04:56:50Z,PHerc0826-seed6237,124,yes,120,0,still growing at the cap,7a05e5bdb8d64984,6.5,104,0,0.1952,batch-2401-6400-0826
tools/ladder_par.sh,2026-09-27T04:57:04Z,PHerc0826-seed6347,1,no,0,0,no patch written,ccdd9928ca0839ab,6.6,98,3,0.2301,batch-2401-6400-0826
tools/ladder_par.sh,2026-09-27T04:57:21Z,PHerc0826-seed6351,1,no,1,0,no patch written,c1298a8b59cfcc3a,8.6,94,3,0.0482,batch-2401-6400-0826
tools/ladder_par.sh,2026-09-27T04:57:29Z,PHerc0826-seed6273,124,yes,120,0,still growing at the cap,f2bdcd9510bdc9ed,4.8,101,2,0.2217,batch-2401-6400-0826
tools/ladder_par.sh,2026-09-27T04:57:37Z,PHerc0826-seed6354,1,no,0,0,no patch written,947ecb4bae66261f,8.1,95,2,0.2312,batch-2401-6400-0826
tools/ladder_par.sh,2026-09-27T04:57:44Z,PHerc0826-seed6356,0,no,1,6,ended by itself,bc6ea3f8a901ecc2,7.6,94,2,0.2311,batch-2401-6400-0826
tools/ladder_par.sh,2026-09-27T04:58:44Z,PHerc0826-seed6343,124,yes,120,0,still growing at the cap,d8a1acf0defd4a44,7.0,96,2,0.1013,batch-2401-6400-0826
tools/ladder_par.sh,2026-09-27T04:58:56Z,PHerc0826-seed6346,124,yes,120,0,still growing at the cap,6ffca7581fc25fba,7.5,100,2,0.1400,batch-2401-6400-0826
tools/ladder_par.sh,2026-09-27T04:58:59Z,PHerc0826-seed6387,1,no,1,0,no patch written,ff5d273f78be9c4d,9.4,91,2,0.2722,batch-2401-6400-0826
tools/ladder_par.sh,2026-09-27T04:59:15Z,PHerc0826-seed6393,1,no,0,0,no patch written,b1e9532e681a46b3,9.0,90,2,0.2570,batch-2401-6400-0826
tools/ladder_par.sh,2026-09-27T04:59:31Z,PHerc0826-seed6397,1,no,0,0,no patch written,7575d1c578c75ab5,9.1,90,2,0.1824,batch-2401-6400-0826
tools/ladder_par.sh,2026-09-27T04:59:53Z,PHerc0826-seed6365,124,yes,120,0,still growing at the cap,339084a95f5baa60,7.7,93,2,0.1915,batch-2401-6400-0826
tools/ladder_par.sh,2026-09-27T04:59:59Z,PHerc0826-seed6388,1,no,0,0,no patch written,14e4711a4e36613d,7.6,94,1,0.0482,batch-2401-6400-0826
tools/ladder_par.sh,2026-09-27T05:00:00Z,PHerc0826-seed6376,124,yes,121,0,still growing at the cap,8978298f5fdec03b,8.2,92,3,0.1953,batch-2401-6400-0826
tools/ladder_par.sh,2026-09-27T20:29:53Z,PHerc0826-seed6401,1,no,0,0,no patch written,65c3abd738843450,8.4,107,0,0.2328,batch-6401-6712-0826
tools/ladder_par.sh,2026-09-27T20:30:02Z,PHerc0826-seed6402,0,no,6,33,ended by itself,0db2a0743fa1b9a1,7.4,108,0,0.1316,batch-6401-6712-0826
tools/ladder_par.sh,2026-09-27T20:30:02Z,PHerc0826-seed6404,1,no,0,0,no patch written,fdc01709d09aa290,6.4,110,1,0.2902,batch-6401-6712-0826
tools/ladder_par.sh,2026-09-27T20:30:08Z,PHerc0826-seed6406,1,no,0,0,no patch written,9bd3a3c38ab10f4b,5.8,110,2,0.1316,batch-6401-6712-0826
tools/ladder_par.sh,2026-09-27T20:30:12Z,PHerc0826-seed6407,1,no,0,0,no patch written,36a6955012736fed,5.7,110,3,0.2987,batch-6401-6712-0826
tools/ladder_par.sh,2026-09-27T20:30:14Z,PHerc0826-seed6408,1,no,0,0,no patch written,ae348bc1f51c7f70,6.2,109,3,0.2987,batch-6401-6712-0826
tools/ladder_par.sh,2026-09-27T20:30:16Z,PHerc0826-seed6410,1,no,0,0,no patch written,0f82710d5ae4f396,6.5,109,3,0.2209,batch-6401-6712-0826
tools/ladder_par.sh,2026-09-27T20:30:27Z,PHerc0826-seed6413,1,no,0,0,no patch written,719fe6dc761f012c,7.7,107,4,0.2334,batch-6401-6712-0826
tools/ladder_par.sh,2026-09-27T20:30:29Z,PHerc0826-seed6411,1,no,0,0,no patch written,340b3edc43a51b3f,7.8,106,4,0.2105,batch-6401-6712-0826
tools/ladder_par.sh,2026-09-27T20:30:46Z,PHerc0826-seed6417,1,no,0,0,no patch written,19d08d8fec8eda25,11.0,99,7,0.2111,batch-6401-6712-0826
tools/ladder_par.sh,2026-09-27T20:32:00Z,PHerc0826-seed6403,124,yes,120,0,still growing at the cap,412ed48ce4b03b82,6.7,110,1,0.2902,batch-6401-6712-0826
tools/ladder_par.sh,2026-09-27T20:32:03Z,PHerc0826-seed6418,0,no,1,3,ended by itself,fdab300006fe439e,12.2,86,6,0.2077,batch-6401-6712-0826
tools/ladder_par.sh,2026-09-27T20:32:05Z,PHerc0826-seed6405,124,yes,120,0,still growing at the cap,390f59d80ba99bd2,6.0,111,1,0.1825,batch-6401-6712-0826
tools/ladder_par.sh,2026-09-27T20:32:10Z,PHerc0826-seed6409,124,yes,120,0,still growing at the cap,e5a57b762d09ec10,5.7,110,2,0.1742,batch-6401-6712-0826
tools/ladder_par.sh,2026-09-27T20:32:17Z,PHerc0826-seed6419,0,no,3,17,ended by itself,6641486dd1c227ac,9.8,94,4,0.2152,batch-6401-6712-0826
tools/ladder_par.sh,2026-09-27T20:32:17Z,PHerc0826-seed6420,1,no,0,0,no patch written,c222671fd74ad3e5,9.3,94,5,0.2516,batch-6401-6712-0826
tools/ladder_par.sh,2026-09-27T20:32:21Z,PHerc0826-seed6421,1,no,1,0,no patch written,ececd393ebaafdcf,9.1,94,4,0.2497,batch-6401-6712-0826
tools/ladder_par.sh,2026-09-27T20:32:23Z,PHerc0826-seed6412,124,yes,120,0,still growing at the cap,97b830ea47e97fe4,7.5,107,3,0.2141,batch-6401-6712-0826
tools/ladder_par.sh,2026-09-27T20:32:24Z,PHerc0826-seed6422,1,no,0,0,no patch written,5dd85be4deae4eee,9.1,98,3,0.2081,batch-6401-6712-0826
tools/ladder_par.sh,2026-09-27T20:32:31Z,PHerc0826-seed6414,124,yes,120,0,still growing at the cap,a03a0a37e218da49,7.9,106,4,0.2076,batch-6401-6712-0826
tools/ladder_par.sh,2026-09-27T20:32:34Z,PHerc0826-seed6415,124,yes,121,0,still growing at the cap,2f27c7baa79e1f5f,8.5,104,5,0.2141,batch-6401-6712-0826
tools/ladder_par.sh,2026-09-27T20:32:34Z,PHerc0826-seed6424,1,no,0,0,no patch written,4cb1de886e03797c,7.3,107,2,0.2268,batch-6401-6712-0826
tools/ladder_par.sh,2026-09-27T20:32:37Z,PHerc0826-seed6425,1,no,0,0,no patch written,4b077f48e06ce538,7.0,106,2,0.2412,batch-6401-6712-0826
tools/ladder_par.sh,2026-09-27T20:32:40Z,PHerc0826-seed6426,1,no,0,0,no patch written,53c4d61f68737d55,6.7,106,2,0.2536,batch-6401-6712-0826
tools/ladder_par.sh,2026-09-27T20:32:43Z,PHerc0826-seed6416,124,yes,121,0,still growing at the cap,158113c9c7ca6656,10.5,101,6,0.2013,batch-6401-6712-0826
tools/ladder_par.sh,2026-09-27T20:32:43Z,PHerc0826-seed6427,1,no,0,0,no patch written,9fada4efbf6083e6,6.3,110,1,0.0920,batch-6401-6712-0826
tools/ladder_par.sh,2026-09-27T20:32:46Z,PHerc0826-seed6428,1,no,0,0,no patch written,7e898655d77d5569,5.8,110,1,0.0877,batch-6401-6712-0826
tools/ladder_par.sh,2026-09-27T20:32:55Z,PHerc0826-seed6431,1,no,0,0,no patch written,b1d2bb540c05b41d,6.1,108,3,0.2455,batch-6401-6712-0826
tools/ladder_par.sh,2026-09-27T20:32:58Z,PHerc0826-seed6432,1,no,0,0,no patch written,0ad86a15eba0f194,6.9,108,3,0.0877,batch-6401-6712-0826
tools/ladder_par.sh,2026-09-27T20:33:01Z,PHerc0826-seed6433,1,no,0,0,no patch written,4c61373c138d3009,7.5,106,3,0.1758,batch-6401-6712-0826
tools/ladder_par.sh,2026-09-27T20:33:06Z,PHerc0826-seed6434,0,no,2,7,ended by itself,9e28b66b3ee85b93,7.7,106,3,0.2174,batch-6401-6712-0826
tools/ladder_par.sh,2026-09-27T20:33:08Z,PHerc0826-seed6435,1,no,1,0,no patch written,699f12fbebd49425,8.0,105,3,0.1669,batch-6401-6712-0826
tools/ladder_par.sh,2026-09-27T20:33:11Z,PHerc0826-seed6436,1,no,0,0,no patch written,36be7c6ecff68e2e,8.1,104,3,0.1976,batch-6401-6712-0826
tools/ladder_par.sh,2026-09-27T20:33:14Z,PHerc0826-seed6437,0,no,0,3,ended by itself,60d583485e519794,8.2,104,3,0.1976,batch-6401-6712-0826
tools/ladder_par.sh,2026-09-27T20:33:17Z,PHerc0826-seed6438,1,no,0,0,no patch written,7b7b0833f82cdeb3,7.9,104,3,0.2110,batch-6401-6712-0826
tools/ladder_par.sh,2026-09-27T20:33:20Z,PHerc0826-seed6439,1,no,0,0,no patch written,a35dcdaf4b82e514,7.8,104,3,0.1669,batch-6401-6712-0826
tools/ladder_par.sh,2026-09-27T20:33:26Z,PHerc0826-seed6441,0,no,0,1,ended by itself,1be04e8f917be28b,7.9,103,4,0.2347,batch-6401-6712-0826
tools/ladder_par.sh,2026-09-27T20:33:29Z,PHerc0826-seed6442,1,no,0,0,no patch written,e30cb90fd553b5cf,8.1,102,4,0.1467,batch-6401-6712-0826
tools/ladder_par.sh,2026-09-27T20:33:32Z,PHerc0826-seed6443,1,no,0,0,no patch written,6c30228485450d1c,8.6,101,4,0.1877,batch-6401-6712-0826
tools/ladder_par.sh,2026-09-27T20:33:35Z,PHerc0826-seed6444,1,no,0,0,no patch written,693c574cf4de0869,8.9,101,4,0.2332,batch-6401-6712-0826
tools/ladder_par.sh,2026-09-27T20:33:45Z,PHerc0826-seed6446,1,no,1,0,no patch written,08cb699d86311ae1,9.2,99,5,0.2288,batch-6401-6712-0826
tools/ladder_par.sh,2026-09-27T20:33:48Z,PHerc0826-seed6447,1,no,1,0,no patch written,7556bf2706da8470,9.3,98,5,0.2265,batch-6401-6712-0826
tools/ladder_par.sh,2026-09-27T20:33:51Z,PHerc0826-seed6448,1,no,0,0,no patch written,07353a687e811a0c,9.5,97,5,0.1876,batch-6401-6712-0826
tools/ladder_par.sh,2026-09-27T20:33:58Z,PHerc0826-seed6445,0,no,17,87,ended by itself,73bda11d3c938c30,9.3,99,4,0.2226,batch-6401-6712-0826
tools/ladder_par.sh,2026-09-27T20:34:08Z,PHerc0826-seed6451,0,no,2,7,ended by itself,1975b22a5fbd3ced,9.6,95,6,0.2426,batch-6401-6712-0826
tools/ladder_par.sh,2026-09-27T20:34:11Z,PHerc0826-seed6452,1,no,0,0,no patch written,3ca9b1ca81c46fd5,10.6,93,6,0.2266,batch-6401-6712-0826
tools/ladder_par.sh,2026-09-27T20:34:22Z,PHerc0826-seed6453,1,no,0,0,no patch written,2794814bf4c7d871,10.7,92,6,0.2262,batch-6401-6712-0826
tools/ladder_par.sh,2026-09-27T20:34:27Z,PHerc0826-seed6454,1,no,0,0,no patch written,07b262016adb1658,10.9,91,6,0.2426,batch-6401-6712-0826
tools/ladder_par.sh,2026-09-27T20:34:31Z,PHerc0826-seed6423,124,yes,120,0,still growing at the cap,3ab1f18d6b4b11a4,7.7,98,3,0.2111,batch-6401-6712-0826
tools/ladder_par.sh,2026-09-27T20:34:42Z,PHerc0826-seed6456,1,no,0,0,no patch written,61688e31263144bd,10.4,94,6,0.2426,batch-6401-6712-0826
tools/ladder_par.sh,2026-09-27T20:34:49Z,PHerc0826-seed6429,124,yes,120,0,still growing at the cap,46a40a7e15199acb,5.4,110,1,0.1786,batch-6401-6712-0826
tools/ladder_par.sh,2026-09-27T20:34:52Z,PHerc0826-seed6430,124,yes,120,0,still growing at the cap,a55bd0308d60fa0c,5.3,109,2,0.1596,batch-6401-6712-0826
tools/ladder_par.sh,2026-09-27T20:35:23Z,PHerc0826-seed6440,124,yes,120,0,still growing at the cap,5f6d8f3232d532de,7.7,103,3,0.1758,batch-6401-6712-0826
tools/ladder_par.sh,2026-09-27T20:35:26Z,PHerc0826-seed6460,1,no,0,0,no patch written,e7bc103b72301165,11.9,93,6,0.2281,batch-6401-6712-0826
tools/ladder_par.sh,2026-09-27T20:35:51Z,PHerc0826-seed6450,0,no,108,731,ended by itself,f46123ecb7cde1b1,9.8,96,5,0.2164,batch-6401-6712-0826
tools/ladder_par.sh,2026-09-27T20:35:57Z,PHerc0826-seed6461,1,no,0,0,no patch written,6d239a70af699c0b,11.7,91,6,0.2084,batch-6401-6712-0826
tools/ladder_par.sh,2026-09-27T20:36:00Z,PHerc0826-seed6449,124,yes,120,0,still growing at the cap,350959a170f89ec3,10.1,97,4,0.2261,batch-6401-6712-0826
tools/ladder_par.sh,2026-09-27T20:36:05Z,PHerc0826-seed6463,1,no,0,0,no patch written,bf31d9f335ae1726,10.8,94,5,0.1643,batch-6401-6712-0826
tools/ladder_par.sh,2026-09-27T20:36:20Z,PHerc0826-seed6466,1,no,0,0,no patch written,65c3e15a6456f672,9.5,93,6,0.2140,batch-6401-6712-0826
tools/ladder_par.sh,2026-09-27T20:36:37Z,PHerc0826-seed6455,124,yes,120,0,still growing at the cap,f66ab6715c1f2172,10.7,94,5,0.2290,batch-6401-6712-0826
tools/ladder_par.sh,2026-09-27T20:36:45Z,PHerc0826-seed6457,124,yes,120,0,still growing at the cap,fe1ab68cf43dbfad,10.6,93,6,0.2303,batch-6401-6712-0826
tools/ladder_par.sh,2026-09-27T20:36:57Z,PHerc0826-seed6458,124,yes,120,0,still growing at the cap,220297925c2e42e7,11.1,99,5,0.2084,batch-6401-6712-0826
tools/ladder_par.sh,2026-09-27T20:37:03Z,PHerc0826-seed6459,124,yes,120,0,still growing at the cap,8cb55f91314ffa45,10.6,97,6,0.2413,batch-6401-6712-0826
tools/ladder_par.sh,2026-09-27T20:37:42Z,PHerc0826-seed6462,124,yes,120,0,still growing at the cap,b80dd9cb2cb664c2,10.8,91,6,0.2437,batch-6401-6712-0826
tools/ladder_par.sh,2026-09-27T20:37:45Z,PHerc0826-seed6467,0,no,59,327,ended by itself,8c6d21d9d1eb33a7,11.0,97,5,0.1284,batch-6401-6712-0826
tools/ladder_par.sh,2026-09-27T20:37:47Z,PHerc0826-seed6471,1,no,0,0,no patch written,7c89119de37c686d,9.5,99,3,0.1143,batch-6401-6712-0826
tools/ladder_par.sh,2026-09-27T20:38:12Z,PHerc0826-seed6464,124,yes,120,0,still growing at the cap,5d9f153aee4c4b20,9.5,94,5,0.2543,batch-6401-6712-0826
tools/ladder_par.sh,2026-09-27T20:38:26Z,PHerc0826-seed6465,124,yes,120,0,still growing at the cap,34a4a3cc05f8096c,10.7,92,6,0.1013,batch-6401-6712-0826
tools/ladder_par.sh,2026-09-27T20:38:51Z,PHerc0826-seed6468,124,yes,120,0,still growing at the cap,1fd3f6c5a371cb98,10.0,95,6,0.1960,batch-6401-6712-0826
tools/ladder_par.sh,2026-09-27T20:38:52Z,PHerc0826-seed6470,1,no,0,0,no patch written,42726523f977b051,8.1,101,3,0.2140,batch-6401-6712-0826
tools/ladder_par.sh,2026-09-27T20:38:55Z,PHerc0826-seed6474,1,no,1,0,no patch written,7a71de4ee76e5683,8.2,100,3,0.2332,batch-6401-6712-0826
tools/ladder_par.sh,2026-09-27T20:38:55Z,PHerc0826-seed6472,0,no,40,217,ended by itself,f955fa2da14622e9,8.2,99,3,0.1249,batch-6401-6712-0826
tools/ladder_par.sh,2026-09-27T20:39:01Z,PHerc0826-seed6476,1,no,0,0,no patch written,c1ab533be795aedc,7.9,103,3,0.1795,batch-6401-6712-0826
tools/ladder_par.sh,2026-09-27T20:39:49Z,PHerc0826-seed6469,124,yes,120,0,still growing at the cap,15c34a90df2179b1,9.1,99,3,0.1960,batch-6401-6712-0826
tools/ladder_par.sh,2026-09-27T20:40:26Z,PHerc0826-seed6475,124,yes,120,0,still growing at the cap,9ac6ed1ee2e799f0,8.1,102,3,0.2230,batch-6401-6712-0826
tools/ladder_par.sh,2026-09-27T20:40:39Z,PHerc0826-seed6479,0,no,12,81,ended by itself,e4fba3cedb32951f,9.3,99,3,0.2347,batch-6401-6712-0826
tools/ladder_par.sh,2026-09-27T20:40:42Z,PHerc0826-seed6480,1,no,0,0,no patch written,fcd7e8a4d607a992,9.9,97,3,0.2519,batch-6401-6712-0826
tools/ladder_par.sh,2026-09-27T20:40:59Z,PHerc0826-seed6473,124,yes,120,0,still growing at the cap,9331d6ac09aed113,7.9,103,2,0.1467,batch-6401-6712-0826
tools/ladder_par.sh,2026-09-27T20:41:03Z,PHerc0826-seed6484,1,no,0,0,no patch written,1d73bd00301637a6,9.0,102,3,0.2084,batch-6401-6712-0826
tools/ladder_par.sh,2026-09-27T20:41:07Z,PHerc0826-seed6485,1,no,0,0,no patch written,bcf8dd7d728b4b7f,9.8,101,3,0.2391,batch-6401-6712-0826
tools/ladder_par.sh,2026-09-27T20:41:08Z,PHerc0826-seed6478,124,yes,120,0,still growing at the cap,b9069d77c566a9b7,9.3,101,3,0.2519,batch-6401-6712-0826
tools/ladder_par.sh,2026-09-27T20:41:10Z,PHerc0826-seed6482,0,no,1,8,ended by itself,6e28c6777f6019a3,10.2,105,2,0.2281,batch-6401-6712-0826
tools/ladder_par.sh,2026-09-27T20:41:31Z,PHerc0826-seed6490,0,no,3,12,ended by itself,a4fb61cc4365dd3c,9.5,102,4,0.2504,batch-6401-6712-0826
tools/ladder_par.sh,2026-09-27T20:41:40Z,PHerc0826-seed6483,0,no,4,18,ended by itself,50b5ece39a2eb016,10.7,100,4,0.1643,batch-6401-6712-0826
tools/ladder_par.sh,2026-09-27T20:41:53Z,PHerc0826-seed6492,1,no,0,0,no patch written,fba9bb5c5bb22f40,11.3,95,5,0.2636,batch-6401-6712-0826
tools/ladder_par.sh,2026-09-27T20:42:01Z,PHerc0826-seed6477,124,yes,120,0,still growing at the cap,546d425f4a9627a7,10.4,96,3,0.1877,batch-6401-6712-0826
tools/ladder_par.sh,2026-09-27T20:42:10Z,PHerc0826-seed6493,1,no,0,0,no patch written,3bc6d0ab92795576,9.6,99,5,0.2607,batch-6401-6712-0826
tools/ladder_par.sh,2026-09-27T20:42:15Z,PHerc0826-seed6494,1,no,0,0,no patch written,89fe83030f45fc9c,9.1,97,5,0.2582,batch-6401-6712-0826
tools/ladder_par.sh,2026-09-27T20:42:28Z,PHerc0826-seed6495,0,no,2,17,ended by itself,aca88e5b7b4392c8,10.5,94,6,0.2277,batch-6401-6712-0826
tools/ladder_par.sh,2026-09-27T20:42:44Z,PHerc0826-seed6481,124,yes,120,0,still growing at the cap,71d2450ee47d4260,9.9,97,3,0.2365,batch-6401-6712-0826
tools/ladder_par.sh,2026-09-27T20:42:52Z,PHerc0826-seed6497,1,no,0,0,no patch written,30655c48c8eaa811,11.4,92,6,0.2399,batch-6401-6712-0826
tools/ladder_par.sh,2026-09-27T20:42:58Z,PHerc0826-seed6498,1,no,0,0,no patch written,726444a476503fb7,11.1,91,6,0.1858,batch-6401-6712-0826
tools/ladder_par.sh,2026-09-27T20:43:19Z,PHerc0826-seed6487,124,yes,120,0,still growing at the cap,4a10da53496f64c8,9.4,104,2,0.1802,batch-6401-6712-0826
tools/ladder_par.sh,2026-09-27T20:43:23Z,PHerc0826-seed6500,1,no,0,0,no patch written,dfb963137e9a1a53,11.9,92,6,0.2493,batch-6401-6712-0826
tools/ladder_par.sh,2026-09-27T20:43:25Z,PHerc0826-seed6489,124,yes,120,0,still growing at the cap,4c52dc0613e80fe1,9.2,102,3,0.2277,batch-6401-6712-0826
tools/ladder_par.sh,2026-09-27T20:43:33Z,PHerc0826-seed6501,1,no,1,0,no patch written,5ac3e0a8b4f8e7cd,10.5,95,5,0.1750,batch-6401-6712-0826
tools/ladder_par.sh,2026-09-27T20:43:38Z,PHerc0826-seed6499,0,no,30,240,ended by itself,80c93e4c9bc9fa5a,11.1,90,6,0.0756,batch-6401-6712-0826
tools/ladder_par.sh,2026-09-27T20:43:39Z,PHerc0826-seed6502,1,no,0,0,no patch written,7d9ebef775f22f53,9.8,96,4,0.2438,batch-6401-6712-0826
tools/ladder_par.sh,2026-09-27T20:43:42Z,PHerc0826-seed6488,139,no,85,0,no patch written,3936c8ead82c7e66,9.5,97,5,0.2365,batch-6401-6712-0826
tools/ladder_par.sh,2026-09-27T20:43:44Z,PHerc0826-seed6491,124,yes,120,0,still growing at the cap,dc2229f42a17364d,10.9,98,4,0.2657,batch-6401-6712-0826
tools/ladder_par.sh,2026-09-27T20:43:51Z,PHerc0826-seed6505,1,no,0,0,no patch written,a228b537a68bbd37,8.1,102,4,0.1385,batch-6401-6712-0826
tools/ladder_par.sh,2026-09-27T20:43:55Z,PHerc0826-seed6506,1,no,1,0,no patch written,63436c0995b49982,7.9,101,4,0.1598,batch-6401-6712-0826
tools/ladder_par.sh,2026-09-27T20:43:56Z,PHerc0826-seed6504,0,no,8,34,ended by itself,f4dc8f0daadb6cbc,8.2,103,3,0.2457,batch-6401-6712-0826
tools/ladder_par.sh,2026-09-27T20:43:58Z,PHerc0826-seed6507,1,no,1,0,no patch written,64535cfe9193a105,8.1,101,3,0.1960,batch-6401-6712-0826
tools/ladder_par.sh,2026-09-27T20:44:01Z,PHerc0826-seed6508,1,no,0,0,no patch written,9a86f701e5552846,8.0,101,3,0.2176,batch-6401-6712-0826
tools/ladder_par.sh,2026-09-27T20:44:07Z,PHerc0826-seed6509,1,no,0,0,no patch written,bbcd8aa40ec08352,7.6,101,3,0.2384,batch-6401-6712-0826
tools/ladder_par.sh,2026-09-27T20:44:08Z,PHerc0826-seed6486,124,yes,120,0,still growing at the cap,f2d60e53bbdc550e,9.7,99,4,0.2437,batch-6401-6712-0826
tools/ladder_par.sh,2026-09-27T20:44:10Z,PHerc0826-seed6510,1,no,0,0,no patch written,9317d1ed2a83b355,7.5,105,2,0.2183,batch-6401-6712-0826
tools/ladder_par.sh,2026-09-27T20:44:13Z,PHerc0826-seed6511,1,no,0,0,no patch written,c876dac8fc21a26d,7.0,104,2,0.1588,batch-6401-6712-0826
tools/ladder_par.sh,2026-09-27T20:44:16Z,PHerc0826-seed6512,1,no,0,0,no patch written,7bbb688c394169a9,6.7,104,2,0.1753,batch-6401-6712-0826
tools/ladder_par.sh,2026-09-27T20:44:19Z,PHerc0826-seed6513,1,no,0,0,no patch written,586d4c88d93068f6,6.3,104,2,0.0843,batch-6401-6712-0826
tools/ladder_par.sh,2026-09-27T20:44:23Z,PHerc0826-seed6514,0,no,1,3,ended by itself,4c1edbbb59c5c3f8,6.3,104,2,0.2428,batch-6401-6712-0826
tools/ladder_par.sh,2026-09-27T20:44:26Z,PHerc0826-seed6515,1,no,0,0,no patch written,e80ecfd812725ed6,6.3,104,2,0.1475,batch-6401-6712-0826
tools/ladder_par.sh,2026-09-27T20:44:30Z,PHerc0826-seed6496,124,yes,120,0,still growing at the cap,3f92e216f584a558,10.7,93,6,0.2330,batch-6401-6712-0826
tools/ladder_par.sh,2026-09-27T20:44:32Z,PHerc0826-seed6517,1,no,0,0,no patch written,478fa58e391c1e54,6.5,108,2,0.2594,batch-6401-6712-0826
tools/ladder_par.sh,2026-09-27T20:44:35Z,PHerc0826-seed6518,1,no,0,0,no patch written,391dd921d9823301,6.5,107,2,0.2181,batch-6401-6712-0826
tools/ladder_par.sh,2026-09-27T20:44:38Z,PHerc0826-seed6519,1,no,0,0,no patch written,34b48a334d3be709,6.7,107,2,0.2660,batch-6401-6712-0826
tools/ladder_par.sh,2026-09-27T20:44:44Z,PHerc0826-seed6521,1,no,0,0,no patch written,3c0bd4e15fcfde5b,6.8,106,3,0.1753,batch-6401-6712-0826
tools/ladder_par.sh,2026-09-27T20:44:51Z,PHerc0826-seed6520,0,no,10,74,ended by itself,c193eafe96c073f6,6.3,106,2,0.2386,batch-6401-6712-0826
tools/ladder_par.sh,2026-09-27T20:44:56Z,PHerc0826-seed6525,1,no,0,0,no patch written,bdf7a13cda7534af,9.1,102,5,0.1226,batch-6401-6712-0826
tools/ladder_par.sh,2026-09-27T20:45:03Z,PHerc0826-seed6524,0,no,10,71,ended by itself,d27da601daf76faa,8.5,103,4,0.1323,batch-6401-6712-0826
tools/ladder_par.sh,2026-09-27T20:45:12Z,PHerc0826-seed6528,1,no,1,0,no patch written,fce6d2af01748931,10.9,97,6,0.1753,batch-6401-6712-0826
tools/ladder_par.sh,2026-09-27T20:45:20Z,PHerc0826-seed6529,0,no,3,19,ended by itself,4be2b170d312f422,11.2,95,6,0.2535,batch-6401-6712-0826
tools/ladder_par.sh,2026-09-27T20:45:23Z,PHerc0826-seed6503,0,no,101,534,ended by itself,4e610e2287579b66,9.0,99,4,0.2413,batch-6401-6712-0826
tools/ladder_par.sh,2026-09-27T20:45:27Z,PHerc0826-seed6530,1,no,0,0,no patch written,35abb33366c3dc94,11.1,97,5,0.2824,batch-6401-6712-0826
tools/ladder_par.sh,2026-09-27T20:45:55Z,PHerc0826-seed6526,0,no,56,355,ended by itself,3bca10aab9b4abdf,9.4,101,5,0.2252,batch-6401-6712-0826
tools/ladder_par.sh,2026-09-27T20:46:03Z,PHerc0826-seed6533,1,no,0,0,no patch written,e56c72697810a24a,11.4,91,6,0.1755,batch-6401-6712-0826
tools/ladder_par.sh,2026-09-27T20:46:29Z,PHerc0826-seed6516,124,yes,120,0,still growing at the cap,423dd3f9539cf0e6,6.3,104,2,0.2594,batch-6401-6712-0826
tools/ladder_par.sh,2026-09-27T20:46:29Z,PHerc0826-seed6535,1,no,0,0,no patch written,ce241ee6b64f50a0,11.9,88,6,0.1625,batch-6401-6712-0826
tools/ladder_par.sh,2026-09-27T20:46:47Z,PHerc0826-seed6522,124,yes,120,0,still growing at the cap,379837cd6fd73cd2,7.3,105,3,0.2112,batch-6401-6712-0826
tools/ladder_par.sh,2026-09-27T20:46:50Z,PHerc0826-seed6523,124,yes,120,0,still growing at the cap,5095d98631a906ac,8.0,104,4,0.2112,batch-6401-6712-0826
tools/ladder_par.sh,2026-09-27T20:46:53Z,PHerc0826-seed6537,0,no,8,47,ended by itself,45f0e87a3930370f,10.6,86,6,0.2135,batch-6401-6712-0826
tools/ladder_par.sh,2026-09-27T20:47:01Z,PHerc0826-seed6538,1,no,0,0,no patch written,b93b6cd7604b26ad,9.7,94,5,0.2251,batch-6401-6712-0826
tools/ladder_par.sh,2026-09-27T20:47:04Z,PHerc0826-seed6539,1,no,0,0,no patch written,8eb8d1027b8b1bf9,9.6,93,5,0.2608,batch-6401-6712-0826
tools/ladder_par.sh,2026-09-27T20:47:05Z,PHerc0826-seed6527,124,yes,120,0,still growing at the cap,0d009f7ded06552d,10.3,100,5,0.2368,batch-6401-6712-0826
tools/ladder_par.sh,2026-09-27T20:47:07Z,PHerc0826-seed6540,1,no,0,0,no patch written,443e39e3e28eb15b,9.4,98,4,0.2446,batch-6401-6712-0826
tools/ladder_par.sh,2026-09-27T20:47:16Z,PHerc0826-seed6534,0,no,67,343,ended by itself,38ae3391b2106a6b,11.1,89,6,0.2438,batch-6401-6712-0826
tools/ladder_par.sh,2026-09-27T20:47:16Z,PHerc0826-seed6541,1,no,0,0,no patch written,522675894b8cb2eb,8.8,99,3,0.2620,batch-6401-6712-0826
tools/ladder_par.sh,2026-09-27T20:47:21Z,PHerc0826-seed6542,0,no,2,7,ended by itself,7117c680df8eb055,8.4,99,3,0.2448,batch-6401-6712-0826
tools/ladder_par.sh,2026-09-27T20:47:22Z,PHerc0826-seed6543,1,no,0,0,no patch written,a62da1248f652269,8.0,98,3,0.2251,batch-6401-6712-0826
tools/ladder_par.sh,2026-09-27T20:47:25Z,PHerc0826-seed6544,1,no,0,0,no patch written,370d36a66d17a217,7.6,98,3,0.2520,batch-6401-6712-0826
tools/ladder_par.sh,2026-09-27T20:47:30Z,PHerc0826-seed6545,0,no,1,4,ended by itself,a7697e29210a553a,7.6,98,3,0.1835,batch-6401-6712-0826
tools/ladder_par.sh,2026-09-27T20:47:34Z,PHerc0826-seed6531,124,yes,120,0,still growing at the cap,1f038a76c87c1584,9.8,95,5,0.1704,batch-6401-6712-0826
tools/ladder_par.sh,2026-09-27T20:47:35Z,PHerc0826-seed6547,1,no,0,0,no patch written,682ac9e4d7343c52,7.8,102,3,0.2095,batch-6401-6712-0826
tools/ladder_par.sh,2026-09-27T20:47:37Z,PHerc0826-seed6532,124,yes,120,0,still growing at the cap,65100949522a2256,9.9,94,6,0.1755,batch-6401-6712-0826
tools/ladder_par.sh,2026-09-27T20:47:38Z,PHerc0826-seed6548,1,no,0,0,no patch written,a3a959113b774720,7.7,106,2,0.1413,batch-6401-6712-0826
tools/ladder_par.sh,2026-09-27T20:47:45Z,PHerc0826-seed6550,1,no,1,0,no patch written,9fff6e3111f85488,6.9,105,3,0.1926,batch-6401-6712-0826
tools/ladder_par.sh,2026-09-27T20:47:47Z,PHerc0826-seed6546,0,no,15,79,ended by itself,9dbfe10f8b0d83a6,7.6,98,3,0.1206,batch-6401-6712-0826
tools/ladder_par.sh,2026-09-27T20:47:48Z,PHerc0826-seed6551,1,no,0,0,no patch written,23ed461f646fb721,6.7,106,2,0.1844,batch-6401-6712-0826
tools/ladder_par.sh,2026-09-27T20:47:51Z,PHerc0826-seed6552,1,no,0,0,no patch written,00188107b8af56e4,6.7,105,2,0.1926,batch-6401-6712-0826
tools/ladder_par.sh,2026-09-27T20:47:57Z,PHerc0826-seed6554,1,no,0,0,no patch written,8d2f7aafb03d0e38,6.5,104,3,0.2594,batch-6401-6712-0826
tools/ladder_par.sh,2026-09-27T20:48:03Z,PHerc0826-seed6556,1,no,0,0,no patch written,873767d9303b9323,7.5,103,4,0.2689,batch-6401-6712-0826
tools/ladder_par.sh,2026-09-27T20:48:09Z,PHerc0826-seed6558,1,no,0,0,no patch written,4693fd407bc3ee52,8.7,101,5,0.1744,batch-6401-6712-0826
tools/ladder_par.sh,2026-09-27T20:48:12Z,PHerc0826-seed6559,1,no,0,0,no patch written,98648628ae3d344f,9.0,100,5,0.0470,batch-6401-6712-0826
tools/ladder_par.sh,2026-09-27T20:48:18Z,PHerc0826-seed6560,1,no,0,0,no patch written,03a6c11381e27018,10.0,98,5,0.2594,batch-6401-6712-0826
tools/ladder_par.sh,2026-09-27T20:48:26Z,PHerc0826-seed6561,0,no,2,2,ended by itself,6bd21b637f0506e2,10.3,97,5,0.1513,batch-6401-6712-0826
tools/ladder_par.sh,2026-09-27T20:48:34Z,PHerc0826-seed6563,1,no,0,0,no patch written,3b64b2c6fba55662,10.7,95,6,0.2997,batch-6401-6712-0826
tools/ladder_par.sh,2026-09-27T20:48:40Z,PHerc0826-seed6564,1,no,0,0,no patch written,9191b6b78c9c3fe5,11.0,94,6,0.1832,batch-6401-6712-0826
tools/ladder_par.sh,2026-09-27T20:48:53Z,PHerc0826-seed6536,124,yes,121,0,still growing at the cap,424714f2a322857b,10.9,94,5,0.2248,batch-6401-6712-0826
tools/ladder_par.sh,2026-09-27T20:49:06Z,PHerc0826-seed6566,1,no,0,0,no patch written,c585e81b2df8d2df,10.9,93,6,0.1832,batch-6401-6712-0826
tools/ladder_par.sh,2026-09-27T20:49:10Z,PHerc0826-seed6567,0,no,2,6,ended by itself,38f48ea640cb5fab,10.8,93,6,0.2427,batch-6401-6712-0826
tools/ladder_par.sh,2026-09-27T20:49:22Z,PHerc0826-seed6568,1,no,1,0,no patch written,75e9a5faa9a8d794,11.6,89,6,0.1758,batch-6401-6712-0826
tools/ladder_par.sh,2026-09-27T20:49:42Z,PHerc0826-seed6549,124,yes,121,0,still growing at the cap,24f42e669bd1fb5f,7.2,105,2,0.1038,batch-6401-6712-0826
tools/ladder_par.sh,2026-09-27T20:49:47Z,PHerc0826-seed6570,1,no,0,0,no patch written,602ca95b7610732f,11.0,89,5,0.2616,batch-6401-6712-0826
tools/ladder_par.sh,2026-09-27T20:49:54Z,PHerc0826-seed6553,124,yes,120,0,still growing at the cap,2e53f7cd85f997ff,6.6,105,2,0.0961,batch-6401-6712-0826
tools/ladder_par.sh,2026-09-27T20:49:55Z,PHerc0826-seed6571,1,no,0,0,no patch written,c31d5b511cf9833a,10.5,91,4,0.2695,batch-6401-6712-0826
tools/ladder_par.sh,2026-09-27T20:50:00Z,PHerc0826-seed6555,124,yes,120,0,still growing at the cap,aace689417868f31,6.9,103,3,0.2288,batch-6401-6712-0826
tools/ladder_par.sh,2026-09-27T20:50:06Z,PHerc0826-seed6557,124,yes,120,0,still growing at the cap,7e60a16d56f9120a,8.0,102,4,0.1889,batch-6401-6712-0826
tools/ladder_par.sh,2026-09-27T20:50:14Z,PHerc0826-seed6575,1,no,0,0,no patch written,d9b22afe8f8bfb3f,10.0,99,3,0.2695,batch-6401-6712-0826
tools/ladder_par.sh,2026-09-27T20:50:20Z,PHerc0826-seed6576,1,no,0,0,no patch written,11358f4feda23ac9,9.0,97,3,0.2334,batch-6401-6712-0826
tools/ladder_par.sh,2026-09-27T20:50:28Z,PHerc0826-seed6562,124,yes,120,0,still growing at the cap,dd3f960ddc6f8a60,10.3,97,5,0.1230,batch-6401-6712-0826
tools/ladder_par.sh,2026-09-27T20:50:29Z,PHerc0826-seed6577,1,no,0,0,no patch written,459434e4020b38b3,9.4,101,3,0.2623,batch-6401-6712-0826
tools/ladder_par.sh,2026-09-27T20:50:50Z,PHerc0826-seed6565,124,yes,121,0,still growing at the cap,844572f0798bb3e4,11.2,92,6,0.1758,batch-6401-6712-0826
tools/ladder_par.sh,2026-09-27T20:51:05Z,PHerc0826-seed6573,1,no,0,0,no patch written,673fe8128930120c,10.3,98,3,0.2182,batch-6401-6712-0826
tools/ladder_par.sh,2026-09-27T20:51:07Z,PHerc0826-seed6574,1,no,0,0,no patch written,e7598281b71ab051,10.2,98,3,0.2695,batch-6401-6712-0826
tools/ladder_par.sh,2026-09-27T20:51:24Z,PHerc0826-seed6583,1,no,0,0,no patch written,7c83caf8ac1774ef,10.0,94,4,0.2590,batch-6401-6712-0826
tools/ladder_par.sh,2026-09-27T20:51:55Z,PHerc0826-seed6580,0,no,2,8,ended by itself,9e91b2e9cbe36dd0,10.0,93,6,0.1167,batch-6401-6712-0826
tools/ladder_par.sh,2026-09-27T20:52:03Z,PHerc0826-seed6572,124,yes,120,0,still growing at the cap,6a05c45f010864e3,10.0,95,3,0.1973,batch-6401-6712-0826
tools/ladder_par.sh,2026-09-27T20:52:24Z,PHerc0826-seed6569,124,yes,120,0,still growing at the cap,306bcada8ef96a3b,8.9,97,3,0.2616,batch-6401-6712-0826
tools/ladder_par.sh,2026-09-27T20:52:35Z,PHerc0826-seed6578,124,yes,120,0,still growing at the cap,a20d23b2433136ab,9.6,99,3,0.2659,batch-6401-6712-0826
tools/ladder_par.sh,2026-09-27T20:52:38Z,PHerc0826-seed6587,1,no,1,0,no patch written,914e32275156fa62,11.0,94,5,0.2457,batch-6401-6712-0826
tools/ladder_par.sh,2026-09-27T20:52:53Z,PHerc0826-seed6589,1,no,0,0,no patch written,0c910e6ad636c113,10.2,91,5,0.2603,batch-6401-6712-0826
tools/ladder_par.sh,2026-09-27T20:53:00Z,PHerc0826-seed6585,0,no,51,267,ended by itself,162621a55038ebf1,10.5,94,6,0.1369,batch-6401-6712-0826
tools/ladder_par.sh,2026-09-27T20:53:09Z,PHerc0826-seed6590,1,no,1,0,no patch written,d805ed4b1c7ef335,9.1,92,4,0.1369,batch-6401-6712-0826
tools/ladder_par.sh,2026-09-27T20:53:14Z,PHerc0826-seed6591,1,no,0,0,no patch written,e2809a2d8560dd7d,8.4,92,4,0.2643,batch-6401-6712-0826
tools/ladder_par.sh,2026-09-27T20:53:16Z,PHerc0826-seed6586,1,no,0,0,no patch written,9589aa816daffecd,8.4,92,4,0.2469,batch-6401-6712-0826
tools/ladder_par.sh,2026-09-27T20:53:21Z,PHerc0826-seed6582,124,yes,121,0,still growing at the cap,bf77555f9a4b36ee,10.0,95,3,0.1922,batch-6401-6712-0826
tools/ladder_par.sh,2026-09-27T20:53:24Z,PHerc0826-seed6592,1,no,0,0,no patch written,81381421b9bb4e05,8.6,95,3,0.2617,batch-6401-6712-0826
tools/ladder_par.sh,2026-09-27T20:53:30Z,PHerc0826-seed6593,0,no,1,3,ended by itself,3e5f9187c4fd1343,7.8,95,3,0.0544,batch-6401-6712-0826
tools/ladder_par.sh,2026-09-27T20:53:33Z,PHerc0826-seed6594,1,no,0,0,no patch written,f6abea850f4cd544,7.4,95,3,0.2069,batch-6401-6712-0826
tools/ladder_par.sh,2026-09-27T20:53:39Z,PHerc0826-seed6579,124,yes,120,0,still growing at the cap,a101d46db82cc0ab,9.0,95,4,0.1893,batch-6401-6712-0826
tools/ladder_par.sh,2026-09-27T20:53:41Z,PHerc0826-seed6584,124,yes,120,0,still growing at the cap,fa0b79047c307f6c,8.9,95,5,0.1700,batch-6401-6712-0826
tools/ladder_par.sh,2026-09-27T20:53:47Z,PHerc0826-seed6588,1,no,0,0,no patch written,2070bbf3fb6ab46d,6.8,103,4,0.1173,batch-6401-6712-0826
tools/ladder_par.sh,2026-09-27T20:53:49Z,PHerc0826-seed6598,1,no,0,0,no patch written,807cbf95e0f7f37f,6.7,103,4,0.2364,batch-6401-6712-0826
tools/ladder_par.sh,2026-09-27T20:53:56Z,PHerc0826-seed6600,1,no,0,0,no patch written,04b11252afdc0860,8.1,100,5,0.2069,batch-6401-6712-0826
tools/ladder_par.sh,2026-09-27T20:54:01Z,PHerc0826-seed6581,124,yes,120,0,still growing at the cap,7e47d0decd3078ca,10.1,92,6,0.2344,batch-6401-6712-0826
tools/ladder_par.sh,2026-09-27T20:54:03Z,PHerc0826-seed6601,1,no,1,0,no patch written,eafd1689a97ae505,8.7,103,4,0.2511,batch-6401-6712-0826
tools/ladder_par.sh,2026-09-27T20:54:11Z,PHerc0826-seed6603,1,no,0,0,no patch written,cd88a1b0d927d61d,8.0,101,5,0.2438,batch-6401-6712-0826
tools/ladder_par.sh,2026-09-27T20:54:15Z,PHerc0826-seed6604,0,no,0,1,ended by itself,1fc9991140f2dc0b,8.2,100,5,0.2256,batch-6401-6712-0826
tools/ladder_par.sh,2026-09-27T20:54:15Z,PHerc0826-seed6599,0,no,22,143,ended by itself,0d36a5ea4cd0dd73,7.2,101,4,0.1522,batch-6401-6712-0826
tools/ladder_par.sh,2026-09-27T20:54:18Z,PHerc0826-seed6605,1,no,0,0,no patch written,6ec8566cb3c7e99e,8.1,101,4,0.2360,batch-6401-6712-0826
tools/ladder_par.sh,2026-09-27T20:54:30Z,PHerc0826-seed6607,1,no,0,0,no patch written,558c2955a2125dbf,7.9,99,5,0.2147,batch-6401-6712-0826
tools/ladder_par.sh,2026-09-27T20:54:33Z,PHerc0826-seed6608,1,no,0,0,no patch written,4812f9c092d005d8,8.2,98,5,0.2147,batch-6401-6712-0826
tools/ladder_par.sh,2026-09-27T20:54:53Z,PHerc0826-seed6610,0,no,8,44,ended by itself,97263a67ceaf44a2,9.7,94,6,0.2498,batch-6401-6712-0826
tools/ladder_par.sh,2026-09-27T20:55:36Z,PHerc0826-seed6595,124,yes,120,0,still growing at the cap,eb29180c783ca7da,7.4,96,3,0.1999,batch-6401-6712-0826
tools/ladder_par.sh,2026-09-27T20:55:37Z,PHerc0826-seed6612,1,no,0,0,no patch written,14e65de020f88468,10.9,88,6,0.2059,batch-6401-6712-0826
tools/ladder_par.sh,2026-09-27T20:55:40Z,PHerc0826-seed6596,124,yes,121,0,still growing at the cap,920a230301555e5c,7.3,101,3,0.2069,batch-6401-6712-0826
tools/ladder_par.sh,2026-09-27T20:55:45Z,PHerc0826-seed6597,124,yes,120,0,still growing at the cap,2bcad8d88d5e4c93,7.0,104,3,0.1920,batch-6401-6712-0826
tools/ladder_par.sh,2026-09-27T20:55:50Z,PHerc0826-seed6613,1,no,1,0,no patch written,275187f7d57b168c,8.9,96,4,0.2477,batch-6401-6712-0826
tools/ladder_par.sh,2026-09-27T20:55:53Z,PHerc0826-seed6614,1,no,0,0,no patch written,d446639a2e13c2ca,8.2,95,4,0.1817,batch-6401-6712-0826
tools/ladder_par.sh,2026-09-27T20:55:56Z,PHerc0826-seed6615,1,no,0,0,no patch written,d30abc52482e7bf6,7.7,95,4,0.1306,batch-6401-6712-0826
tools/ladder_par.sh,2026-09-27T20:56:06Z,PHerc0826-seed6602,124,yes,121,0,still growing at the cap,b0e444a7472d793f,8.2,102,4,0.2306,batch-6401-6712-0826
tools/ladder_par.sh,2026-09-27T20:56:08Z,PHerc0826-seed6618,1,no,0,0,no patch written,04707a6747364483,8.7,97,5,0.2494,batch-6401-6712-0826
tools/ladder_par.sh,2026-09-27T20:56:12Z,PHerc0826-seed6619,1,no,0,0,no patch written,a3ca2a12a7c7b7f0,8.9,96,5,0.2493,batch-6401-6712-0826
tools/ladder_par.sh,2026-09-27T20:56:18Z,PHerc0826-seed6617,0,no,13,60,ended by itself,be59067b04e18b1c,8.3,93,5,0.2464,batch-6401-6712-0826
tools/ladder_par.sh,2026-09-27T20:56:19Z,PHerc0826-seed6620,1,no,0,0,no patch written,7815f24af4a1e2d4,8.7,96,4,0.1665,batch-6401-6712-0826
tools/ladder_par.sh,2026-09-27T20:56:24Z,PHerc0826-seed6621,1,no,0,0,no patch written,7be9e2f3af0b4fbd,8.2,96,4,0.1750,batch-6401-6712-0826
tools/ladder_par.sh,2026-09-27T20:56:27Z,PHerc0826-seed6606,124,yes,120,0,still growing at the cap,2ba120be320f06f9,7.7,100,4,0.1858,batch-6401-6712-0826
tools/ladder_par.sh,2026-09-27T20:56:27Z,PHerc0826-seed6622,1,no,0,0,no patch written,79e5f8fddd47bf4a,7.7,99,3,0.2457,batch-6401-6712-0826
tools/ladder_par.sh,2026-09-27T20:56:35Z,PHerc0826-seed6624,1,no,0,0,no patch written,f77e4c7d449eaa55,7.0,99,4,0.2503,batch-6401-6712-0826
tools/ladder_par.sh,2026-09-27T20:56:36Z,PHerc0826-seed6609,124,yes,120,0,still growing at the cap,e7f5c5f7ac1b080a,8.6,97,5,0.2059,batch-6401-6712-0826
tools/ladder_par.sh,2026-09-27T20:56:40Z,PHerc0826-seed6625,1,no,1,0,no patch written,a68d329a31b352e4,6.8,103,3,0.2761,batch-6401-6712-0826
tools/ladder_par.sh,2026-09-27T20:56:46Z,PHerc0826-seed6627,1,no,0,0,no patch written,b4300059f40905d2,6.7,101,4,0.2216,batch-6401-6712-0826
tools/ladder_par.sh,2026-09-27T20:56:50Z,PHerc0826-seed6628,1,no,0,0,no patch written,3345906120ebb481,7.0,101,4,0.2548,batch-6401-6712-0826
tools/ladder_par.sh,2026-09-27T20:56:56Z,PHerc0826-seed6630,1,no,0,0,no patch written,31641845c3fed22d,7.6,99,5,0.2548,batch-6401-6712-0826
tools/ladder_par.sh,2026-09-27T20:56:59Z,PHerc0826-seed6611,124,yes,120,0,still growing at the cap,27902af57c541856,10.6,91,6,0.2067,batch-6401-6712-0826
tools/ladder_par.sh,2026-09-27T20:57:05Z,PHerc0826-seed6632,1,no,0,0,no patch written,e31955201b42b43d,8.4,101,5,0.2216,batch-6401-6712-0826
tools/ladder_par.sh,2026-09-27T20:57:11Z,PHerc0826-seed6633,1,no,0,0,no patch written,bb8355e93c2a9b1e,8.9,99,5,0.2412,batch-6401-6712-0826
tools/ladder_par.sh,2026-09-27T20:57:15Z,PHerc0826-seed6634,1,no,1,0,no patch written,afaa2c72ee6b89e5,8.9,98,5,0.2526,batch-6401-6712-0826
tools/ladder_par.sh,2026-09-27T20:57:21Z,PHerc0826-seed6635,1,no,0,0,no patch written,1ea92dabb3b6632f,9.2,96,5,0.2526,batch-6401-6712-0826
tools/ladder_par.sh,2026-09-27T20:57:27Z,PHerc0826-seed6636,1,no,0,0,no patch written,102e2269fb4077ff,9.0,94,5,0.2416,batch-6401-6712-0826
tools/ladder_par.sh,2026-09-27T20:57:30Z,PHerc0826-seed6637,1,no,0,0,no patch written,93369b6c1f9feba2,8.7,94,5,0.2536,batch-6401-6712-0826
tools/ladder_par.sh,2026-09-27T20:57:43Z,PHerc0826-seed6639,1,no,1,0,no patch written,c5521879b33c6309,9.1,91,6,0.2460,batch-6401-6712-0826
tools/ladder_par.sh,2026-09-27T20:57:55Z,PHerc0826-seed6640,0,no,9,47,ended by itself,5e006a94ef763375,9.6,90,6,0.2455,batch-6401-6712-0826
tools/ladder_par.sh,2026-09-27T20:57:59Z,PHerc0826-seed6616,124,yes,120,0,still growing at the cap,e1da873713195f5c,7.7,95,4,0.2341,batch-6401-6712-0826
tools/ladder_par.sh,2026-09-27T20:58:03Z,PHerc0826-seed6641,0,no,5,24,ended by itself,b86cd225a7db3aea,10.7,87,6,0.2331,batch-6401-6712-0826
tools/ladder_par.sh,2026-09-27T20:58:32Z,PHerc0826-seed6623,124,yes,120,0,still growing at the cap,3e9b0669286a0313,7.3,99,3,0.1733,batch-6401-6712-0826
tools/ladder_par.sh,2026-09-27T21:47:05Z,PHerc0826-seed6645,0,no,43,262,ended by itself,9a44f72caec4bf28,1.1,112,7,0.2217,batch-6401-6712-0826
tools/ladder_par.sh,2026-09-27T21:47:19Z,PHerc0826-seed6646,1,no,0,0,no patch written,5795dde2cea7eb45,9.7,85,7,0.2251,batch-6401-6712-0826
tools/ladder_par.sh,2026-09-27T21:47:51Z,PHerc0826-seed6647,0,no,15,66,ended by itself,91c286ca7d114d70,10.0,84,7,0.2251,batch-6401-6712-0826
tools/ladder_par.sh,2026-09-27T21:48:06Z,PHerc0826-seed6648,1,no,0,0,no patch written,b6f2f55170f5a90c,9.7,83,7,0.2426,batch-6401-6712-0826
tools/ladder_par.sh,2026-09-27T21:48:08Z,PHerc0826-seed6631,124,yes,121,0,still growing at the cap,1762e8a5ecb9d43a,1.5,113,7,0.1317,batch-6401-6712-0826
tools/ladder_par.sh,2026-09-27T21:48:10Z,PHerc0826-seed6626,124,yes,120,0,still growing at the cap,c782faeadbab44da,1.5,113,7,0.1364,batch-6401-6712-0826
tools/ladder_par.sh,2026-09-27T21:48:12Z,PHerc0826-seed6629,124,yes,120,0,still growing at the cap,5cb365a9c9d267b8,1.5,113,7,0.1758,batch-6401-6712-0826
tools/ladder_par.sh,2026-09-27T21:48:14Z,PHerc0826-seed6638,124,yes,120,0,still growing at the cap,9e67c4886c3d6770,1.2,113,7,0.2526,batch-6401-6712-0826
tools/ladder_par.sh,2026-09-27T21:48:16Z,PHerc0826-seed6642,124,yes,120,0,still growing at the cap,6d15fa839fbdcbe1,0.9,112,7,0.2485,batch-6401-6712-0826
tools/ladder_par.sh,2026-09-27T21:48:18Z,PHerc0826-seed6643,124,yes,120,0,still growing at the cap,675d9dcf239b0a4e,0.7,113,7,0.2149,batch-6401-6712-0826
tools/ladder_par.sh,2026-09-27T21:48:20Z,PHerc0826-seed6644,124,yes,120,0,still growing at the cap,c1ed3c2f20fc67be,0.7,113,7,0.2248,batch-6401-6712-0826
tools/ladder_par.sh,2026-09-27T21:48:23Z,PHerc0826-seed6649,1,no,1,0,no patch written,ccab187c08377409,4.6,114,0,0.2527,batch-6401-6712-0826
tools/ladder_par.sh,2026-09-27T21:48:26Z,PHerc0826-seed6650,1,no,0,0,no patch written,c6318a3a1b2bb0fb,2.9,114,0,0.2475,batch-6401-6712-0826
tools/ladder_par.sh,2026-09-27T21:48:29Z,PHerc0826-seed6651,1,no,0,0,no patch written,1df1925eac60c52f,2.0,114,0,0.2527,batch-6401-6712-0826
tools/ladder_par.sh,2026-09-27T21:48:32Z,PHerc0826-seed6652,1,no,0,0,no patch written,f362130185b7e8f2,1.8,114,0,0.2077,batch-6401-6712-0826
tools/ladder_par.sh,2026-09-27T21:48:44Z,PHerc0826-seed6653,0,no,10,43,ended by itself,c5e79bea9c0dd108,1.9,114,0,0.2013,batch-6401-6712-0826
tools/ladder_par.sh,2026-09-27T21:48:50Z,PHerc0826-seed6658,1,no,1,0,no patch written,9ba83a74a7657a35,4.7,110,4,0.2110,batch-6401-6712-0826
tools/ladder_par.sh,2026-09-27T21:48:52Z,PHerc0826-seed6659,1,no,0,0,no patch written,abab4f69ee2658c0,5.2,110,4,0.2552,batch-6401-6712-0826
tools/ladder_par.sh,2026-09-27T21:49:06Z,PHerc0826-seed6662,1,no,0,0,no patch written,1fc3d2f379aea49c,7.8,104,6,0.2513,batch-6401-6712-0826
tools/ladder_par.sh,2026-09-27T21:49:09Z,PHerc0826-seed6663,1,no,0,0,no patch written,57fa70c242add897,8.0,103,6,0.2552,batch-6401-6712-0826
tools/ladder_par.sh,2026-09-27T21:49:26Z,PHerc0826-seed6665,1,no,0,0,no patch written,3d04852a2d844cf7,8.8,96,7,0.2262,batch-6401-6712-0826
tools/ladder_par.sh,2026-09-27T21:49:43Z,PHerc0826-seed6666,1,no,1,0,no patch written,44a3150ada883ed7,9.6,90,7,0.2262,batch-6401-6712-0826
tools/ladder_par.sh,2026-09-27T21:49:59Z,PHerc0826-seed6667,0,no,0,1,ended by itself,5bad8d742a007acb,9.0,87,7,0.1524,batch-6401-6712-0826
tools/ladder_par.sh,2026-09-27T21:50:34Z,PHerc0826-seed6655,0,no,114,621,ended by itself,3da12abf53ab4a68,2.5,113,2,0.2475,batch-6401-6712-0826
tools/ladder_par.sh,2026-09-27T21:50:38Z,PHerc0826-seed6654,124,yes,121,0,still growing at the cap,3b822ac950a77d98,2.1,114,1,0.1743,batch-6401-6712-0826
tools/ladder_par.sh,2026-09-27T21:50:44Z,PHerc0826-seed6656,124,yes,121,0,still growing at the cap,ba037d0b8ef65d16,3.1,112,3,0.1898,batch-6401-6712-0826
tools/ladder_par.sh,2026-09-27T21:50:47Z,PHerc0826-seed6657,124,yes,121,0,still growing at the cap,aae48f6301401e90,4.1,111,3,0.1953,batch-6401-6712-0826
tools/ladder_par.sh,2026-09-27T21:50:49Z,PHerc0826-seed6669,1,no,0,0,no patch written,855df6e4102d8a34,10.1,97,4,0.1682,batch-6401-6712-0826
tools/ladder_par.sh,2026-09-27T21:50:53Z,PHerc0826-seed6670,1,no,0,0,no patch written,37b98dd2f4f608f6,9.1,97,4,0.2536,batch-6401-6712-0826
tools/ladder_par.sh,2026-09-27T21:50:55Z,PHerc0826-seed6660,124,yes,120,0,still growing at the cap,8e92896fc04915c5,5.7,109,4,0.1696,batch-6401-6712-0826
tools/ladder_par.sh,2026-09-27T21:50:59Z,PHerc0826-seed6661,124,yes,121,0,still growing at the cap,2f3b4a78dd97fe10,6.5,107,5,0.2110,batch-6401-6712-0826
tools/ladder_par.sh,2026-09-27T21:50:59Z,PHerc0826-seed6671,1,no,0,0,no patch written,53bc5c19b25a0fde,8.0,101,3,0.2536,batch-6401-6712-0826
tools/ladder_par.sh,2026-09-27T21:51:07Z,PHerc0826-seed6673,0,no,1,3,ended by itself,6a1ea11a77200f5f,6.9,105,3,0.1014,batch-6401-6712-0826
tools/ladder_par.sh,2026-09-27T21:51:13Z,PHerc0826-seed6675,1,no,0,0,no patch written,1706007adef07b8d,7.0,103,4,0.2134,batch-6401-6712-0826
tools/ladder_par.sh,2026-09-27T21:51:16Z,PHerc0826-seed6676,1,no,0,0,no patch written,271b679b9ade69b2,7.4,103,4,0.2298,batch-6401-6712-0826
tools/ladder_par.sh,2026-09-27T21:51:23Z,PHerc0826-seed6664,124,yes,120,0,still growing at the cap,2bd59d198a686ddd,8.5,98,6,0.2552,batch-6401-6712-0826
tools/ladder_par.sh,2026-09-27T21:51:38Z,PHerc0826-seed6681,1,no,1,0,no patch written,4c5c71f98ae638c7,8.6,101,7,0.2436,batch-6401-6712-0826
tools/ladder_par.sh,2026-09-27T21:52:16Z,PHerc0826-seed6668,124,yes,120,0,still growing at the cap,b873b1c352ac661b,10.7,85,7,0.2536,batch-6401-6712-0826
tools/ladder_par.sh,2026-09-27T21:52:25Z,PHerc0826-seed6682,1,no,0,0,no patch written,9a62b0e319e111ca,13.1,82,6,0.2139,batch-6401-6712-0826
tools/ladder_par.sh,2026-09-27T21:52:31Z,PHerc0826-seed6683,1,no,0,0,no patch written,0d6eac688295e445,12.8,81,6,0.2082,batch-6401-6712-0826
tools/ladder_par.sh,2026-09-27T21:52:36Z,PHerc0826-seed6678,0,no,73,433,ended by itself,21458ef611f050b5,8.4,105,4,0.2476,batch-6401-6712-0826
tools/ladder_par.sh,2026-09-27T21:53:02Z,PHerc0826-seed6672,124,yes,120,0,still growing at the cap,8caf74e06da666a4,7.6,105,2,0.2412,batch-6401-6712-0826
tools/ladder_par.sh,2026-09-27T21:53:10Z,PHerc0826-seed6674,124,yes,120,0,still growing at the cap,7604cd45d4264af1,6.9,104,3,0.2460,batch-6401-6712-0826
tools/ladder_par.sh,2026-09-27T21:53:17Z,PHerc0826-seed6687,1,no,0,0,no patch written,7a76f1272c971eed,12.2,85,6,0.2217,batch-6401-6712-0826
tools/ladder_par.sh,2026-09-27T21:53:19Z,PHerc0826-seed6677,124,yes,120,0,still growing at the cap,e505992e33985b48,7.7,102,4,0.2476,batch-6401-6712-0826
tools/ladder_par.sh,2026-09-27T21:53:25Z,PHerc0826-seed6688,1,no,0,0,no patch written,049348e8ee429f38,12.9,88,5,0.2425,batch-6401-6712-0826
tools/ladder_par.sh,2026-09-27T21:53:30Z,PHerc0826-seed6679,124,yes,120,0,still growing at the cap,0f2c388a2ce3fb4e,8.5,103,5,0.1944,batch-6401-6712-0826
tools/ladder_par.sh,2026-09-27T21:53:33Z,PHerc0826-seed6680,124,yes,120,0,still growing at the cap,cbda832fe358626a,8.0,102,6,0.2391,batch-6401-6712-0826
tools/ladder_par.sh,2026-09-27T21:53:54Z,PHerc0826-seed6692,0,no,9,43,ended by itself,51790e9aa013762e,11.0,90,6,0.2144,batch-6401-6712-0826
tools/ladder_par.sh,2026-09-27T21:54:05Z,PHerc0826-seed6686,0,no,53,313,ended by itself,b27b7f304209146d,12.7,86,5,0.2139,batch-6401-6712-0826
tools/ladder_par.sh,2026-09-27T21:54:09Z,PHerc0826-seed6694,1,no,0,0,no patch written,977710da35eccb4c,12.0,88,6,0.1960,batch-6401-6712-0826
tools/ladder_par.sh,2026-09-27T21:54:17Z,PHerc0826-seed6684,0,no,95,469,ended by itself,a95a06fb9551d4e8,13.3,82,5,0.2534,batch-6401-6712-0826
tools/ladder_par.sh,2026-09-27T21:54:42Z,PHerc0826-seed6696,0,no,17,97,ended by itself,3858c655fe0b1416,11.0,88,6,0.2022,batch-6401-6712-0826
tools/ladder_par.sh,2026-09-27T21:54:48Z,PHerc0826-seed6685,124,yes,120,0,still growing at the cap,a9ab0dac798cdc9d,11.9,81,6,0.2534,batch-6401-6712-0826
tools/ladder_par.sh,2026-09-27T21:54:57Z,PHerc0826-seed6698,1,no,0,0,no patch written,e6dfbdc99782b426,10.5,86,6,0.1419,batch-6401-6712-0826
tools/ladder_par.sh,2026-09-27T21:55:32Z,PHerc0826-seed6695,0,no,72,342,ended by itself,7db416787aa82a5d,11.5,90,5,0.1957,batch-6401-6712-0826
tools/ladder_par.sh,2026-09-27T21:55:34Z,PHerc0826-seed6689,124,yes,120,0,still growing at the cap,5be602dfeefd8cce,11.8,94,3,0.1249,batch-6401-6712-0826
tools/ladder_par.sh,2026-09-27T21:55:37Z,PHerc0826-seed6690,124,yes,120,0,still growing at the cap,c792fd7bae0dd81f,11.4,93,4,0.2331,batch-6401-6712-0826
tools/ladder_par.sh,2026-09-27T21:55:42Z,PHerc0826-seed6691,124,yes,120,0,still growing at the cap,35773ee4dc069726,10.8,92,5,0.1435,batch-6401-6712-0826
tools/ladder_par.sh,2026-09-27T21:55:59Z,PHerc0826-seed6693,124,yes,120,0,still growing at the cap,0b7501a6de937c7b,12.3,89,6,0.1013,batch-6401-6712-0826
tools/ladder_par.sh,2026-09-27T21:56:52Z,PHerc0826-seed6697,124,yes,120,0,still growing at the cap,65c0c37cbcb6c5cb,11.1,87,5,0.1578,batch-6401-6712-0826
tools/ladder_par.sh,2026-09-27T21:57:03Z,PHerc0826-seed6699,124,yes,120,0,still growing at the cap,5eeee63faae70a0b,10.9,84,6,0.1419,batch-6401-6712-0826
tools/ladder_par.sh,2026-09-27T21:57:43Z,PHerc0826-seed6705,1,no,1,0,no patch written,0f882ed6c833f6fd,4.9,103,0,0.1975,batch-6401-6712-0826
tools/ladder_par.sh,2026-09-27T21:58:02Z,PHerc0826-seed6706,1,no,0,0,no patch written,42d512840751f3d5,10.6,95,6,0.1709,batch-6401-6712-0826
tools/ladder_par.sh,2026-09-27T21:58:14Z,PHerc0826-seed6707,1,no,1,0,no patch written,cfb14ec2507bae23,11.5,91,6,0.1787,batch-6401-6712-0826
tools/ladder_par.sh,2026-09-27T21:58:26Z,PHerc0826-seed6702,0,no,37,162,ended by itself,203df5f34269cf26,4.9,103,2,0.1687,batch-6401-6712-0826
tools/ladder_par.sh,2026-09-27T21:59:32Z,PHerc0826-seed6704,139,no,99,0,no patch written,e77ce8216b5438bb,4.9,103,4,0.1441,batch-6401-6712-0826
tools/ladder_par.sh,2026-09-27T21:59:45Z,PHerc0826-seed6701,124,yes,121,0,still growing at the cap,b1e9f09d608aee72,4.9,103,0,0.1441,batch-6401-6712-0826
tools/ladder_par.sh,2026-09-27T21:59:47Z,PHerc0826-seed6700,124,yes,121,0,still growing at the cap,82cf6a9736bc066d,4.9,103,1,0.1541,batch-6401-6712-0826
tools/ladder_par.sh,2026-09-27T21:59:47Z,PHerc0826-seed6712,1,no,0,0,no patch written,4d636f812b171c6b,12.3,86,5,0.1646,batch-6401-6712-0826
tools/ladder_par.sh,2026-09-27T21:59:51Z,PHerc0826-seed6703,124,yes,120,0,still growing at the cap,499b02a69e6bf00d,4.9,103,3,0.1360,batch-6401-6712-0826
tools/ladder_par.sh,2026-09-27T21:59:59Z,PHerc0826-seed6708,124,yes,120,0,still growing at the cap,9301e3b5c3b4f7fe,9.6,97,5,0.1975,batch-6401-6712-0826
tools/ladder_par.sh,2026-09-27T22:00:19Z,PHerc0826-seed6709,124,yes,120,0,still growing at the cap,15bd26dfa24df81e,11.8,89,6,0.1575,batch-6401-6712-0826
tools/ladder_par.sh,2026-09-27T22:00:30Z,PHerc0826-seed6710,124,yes,120,0,still growing at the cap,6a6d3a0641ed4130,12.2,87,6,0.1787,batch-6401-6712-0826
tools/ladder_par.sh,2026-09-27T22:01:32Z,PHerc0826-seed6711,124,yes,121,0,still growing at the cap,127150caa25988ff,11.7,81,7,0.1730,batch-6401-6712-0826
tools/ladder_par.sh,2026-09-28T14:03:21Z,PHerc0826-seed6713,1,no,0,0,no patch written,6a40ac7465aecfeb,9.7,86,0,0.1877,batch-6713-6752-0826
tools/ladder_par.sh,2026-09-28T14:04:29Z,PHerc0826-seed6714,0,no,51,2,ended by itself,bd7e690d11e3ebd9,10.2,86,0,0.1877,batch-6713-6752-0826
tools/ladder_par.sh,2026-09-28T14:06:45Z,PHerc0826-seed6715,124,yes,120,0,still growing at the cap,780a306f6e73ae2f,10.1,84,0,0.1467,batch-6713-6752-0826
tools/ladder_par.sh,2026-09-28T14:08:19Z,PHerc0826-seed6716,1,no,0,0,no patch written,fa08d4e8993de938,7.9,80,0,0.1877,batch-6713-6752-0826
tools/ladder_par.sh,2026-09-28T14:25:31Z,PHerc0826-seed6717,1,no,0,0,no patch written,41fc962fbc65f63c,9.3,105,0,0.1876,batch-6713-6752-0826
tools/ladder_par.sh,2026-09-28T14:27:47Z,PHerc0826-seed6718,124,yes,120,0,still growing at the cap,8bdc96f56de77c85,7.4,106,0,0.2519,batch-6713-6752-0826
tools/ladder_par.sh,2026-09-28T14:30:00Z,PHerc0826-seed6719,124,yes,120,0,still growing at the cap,5f526216bf28079e,8.3,104,0,0.1876,batch-6713-6752-0826
tools/ladder_par.sh,2026-09-28T14:30:13Z,PHerc0826-seed6720,1,no,0,0,no patch written,0dabf0f19221219d,7.2,105,0,0.1877,batch-6713-6752-0826
tools/ladder_par.sh,2026-09-28T14:32:29Z,PHerc0826-seed6721,124,yes,121,0,still growing at the cap,41a254ddc7d4d48d,7.2,104,0,0.2504,batch-6713-6752-0826
tools/ladder_par.sh,2026-09-28T14:35:40Z,PHerc0826-seed6722,124,yes,120,0,still growing at the cap,2ca9000e7b3d9127,6.2,106,0,0.2504,batch-6713-6752-0826
tools/ladder_par.sh,2026-09-28T14:35:54Z,PHerc0826-seed6723,1,no,1,0,no patch written,19d5c5d2ba0c4b36,6.1,106,0,0.2519,batch-6713-6752-0826
tools/ladder_par.sh,2026-09-28T14:36:43Z,PHerc0826-seed6724,0,no,34,279,ended by itself,53f3ecb5c740714c,6.0,106,0,0.2277,batch-6713-6752-0826
tools/ladder_par.sh,2026-09-28T14:37:31Z,PHerc0826-seed6725,0,no,35,299,ended by itself,947204d90a0bf64e,6.0,106,0,0.2121,batch-6713-6752-0826
tools/ladder_par.sh,2026-09-28T14:39:44Z,PHerc0826-seed6726,124,yes,120,0,still growing at the cap,66c640cb8fecb4f4,6.1,106,0,0.2330,batch-6713-6752-0826
tools/ladder_par.sh,2026-09-28T14:41:58Z,PHerc0826-seed6727,124,yes,121,0,still growing at the cap,755e178ec91bbb14,6.0,106,0,0.2330,batch-6713-6752-0826
tools/ladder_par.sh,2026-09-28T14:42:11Z,PHerc0826-seed6728,1,no,0,0,no patch written,b309160e6be2fd80,6.0,106,0,0.2636,batch-6713-6752-0826
tools/ladder_par.sh,2026-09-28T14:44:26Z,PHerc0826-seed6729,124,yes,120,0,still growing at the cap,0e9f451c577c46fe,6.0,106,0,0.2623,batch-6713-6752-0826
tools/ladder_par.sh,2026-09-28T14:45:38Z,PHerc0826-seed6730,1,no,0,0,no patch written,5fb903bd561e0fb0,6.1,106,0,0.1600,batch-6713-6752-0826
tools/ladder_par.sh,2026-09-28T14:47:54Z,PHerc0826-seed6731,124,yes,120,0,still growing at the cap,42c684e76b5fe11a,6.0,106,0,0.1893,batch-6713-6752-0826
tools/ladder_par.sh,2026-09-28T14:50:07Z,PHerc0826-seed6732,124,yes,120,0,still growing at the cap,82acf6994e3bfa14,6.1,106,0,0.1600,batch-6713-6752-0826
tools/ladder_par.sh,2026-09-28T14:52:20Z,PHerc0826-seed6733,124,yes,120,0,still growing at the cap,5d6d553e7c95458f,6.1,105,0,0.1600,batch-6713-6752-0826
tools/ladder_par.sh,2026-09-28T14:52:33Z,PHerc0826-seed6734,1,no,0,0,no patch written,b15b0fe4ff9322ac,6.5,105,0,0.1600,batch-6713-6752-0826
tools/ladder_par.sh,2026-09-28T14:52:48Z,PHerc0826-seed6735,1,no,0,0,no patch written,da4d249d5843f11f,8.3,104,0,0.1600,batch-6713-6752-0826
tools/ladder_par.sh,2026-09-28T14:55:03Z,PHerc0826-seed6736,124,yes,120,0,still growing at the cap,1aca18ad6fd0853a,7.3,105,0,0.1993,batch-6713-6752-0826
tools/ladder_par.sh,2026-09-28T14:58:16Z,PHerc0826-seed6737,124,yes,120,0,still growing at the cap,0223e2b60f64029b,6.1,105,0,0.2331,batch-6713-6752-0826
tools/ladder_par.sh,2026-09-28T14:58:29Z,PHerc0826-seed6738,1,no,0,0,no patch written,af048947e24495cf,7.2,104,0,0.2251,batch-6713-6752-0826
tools/ladder_par.sh,2026-09-28T15:00:44Z,PHerc0826-seed6739,124,yes,120,0,still growing at the cap,1a2f82aec7c9d769,7.3,104,0,0.2331,batch-6713-6752-0826
tools/ladder_par.sh,2026-09-28T15:00:58Z,PHerc0826-seed6740,1,no,0,0,no patch written,e0ce934476748438,7.2,105,0,0.2251,batch-6713-6752-0826
tools/ladder_par.sh,2026-09-28T15:01:15Z,PHerc0826-seed6741,1,no,1,0,no patch written,64a599d5fd8a9d89,7.2,104,0,0.2332,batch-6713-6752-0826
tools/ladder_par.sh,2026-09-28T15:03:30Z,PHerc0826-seed6742,124,yes,121,0,still growing at the cap,e716e27831b38e95,7.1,104,0,0.2331,batch-6713-6752-0826
tools/ladder_par.sh,2026-09-28T15:05:43Z,PHerc0826-seed6743,124,yes,120,0,still growing at the cap,9498955d84c19256,7.1,104,0,0.2251,batch-6713-6752-0826
tools/ladder_par.sh,2026-09-28T15:08:56Z,PHerc0826-seed6744,124,yes,122,0,still growing at the cap,e0753155e1c1a7e7,7.0,104,0,0.1919,batch-6713-6752-0826
tools/ladder_par.sh,2026-09-28T15:09:13Z,PHerc0826-seed6745,1,no,0,0,no patch written,bf2de1bdd373bc4c,7.1,104,0,0.2534,batch-6713-6752-0826
tools/ladder_par.sh,2026-09-28T15:09:29Z,PHerc0826-seed6746,1,no,0,0,no patch written,8dd43cc8e001c7fe,7.3,104,0,0.2335,batch-6713-6752-0826
tools/ladder_par.sh,2026-09-28T15:09:44Z,PHerc0826-seed6747,1,no,0,0,no patch written,1f7c073cc20860d7,7.3,105,0,0.2291,batch-6713-6752-0826
tools/ladder_par.sh,2026-09-28T15:12:00Z,PHerc0826-seed6748,124,yes,121,0,still growing at the cap,e95f08d344498b0d,7.2,105,0,0.2534,batch-6713-6752-0826
tools/ladder_par.sh,2026-09-28T15:12:15Z,PHerc0826-seed6749,1,no,0,0,no patch written,82275824ffbd02c9,7.4,104,0,0.2534,batch-6713-6752-0826
tools/ladder_par.sh,2026-09-28T15:14:31Z,PHerc0826-seed6750,124,yes,121,0,still growing at the cap,dc900ad018384412,7.3,104,0,0.2534,batch-6713-6752-0826
tools/ladder_par.sh,2026-09-28T15:14:45Z,PHerc0826-seed6751,0,no,1,6,ended by itself,80f46f00fc6e41d0,7.3,104,0,0.2370,batch-6713-6752-0826
tools/ladder_par.sh,2026-09-28T15:16:59Z,PHerc0826-seed6752,124,yes,120,0,still growing at the cap,463cdfbc674949e9,7.3,104,0,0.2217,batch-6713-6752-0826
