"# written by positive-control-0139/tools/score.py; one row per surface x variant x orientation (k quarter turns, m mirror, tf.py) x direction x checkpoint x match radius k; ba = balanced accuracy at uint8 >= 128 on the common region (clean held out label pixels matched within k voxels by both surfaces); DECLARATION.md"
tool,time,surface,variant,orientation_k,orientation_m,direction,checkpoint,k_vox,ba,auc,n_common,n_common_ink,n_common_noink,common_with,ba_own,auc_own,n_own,n_own_ink,lamina_shift_vox,centring,surface_tifxyz,prediction,caveat
positive-control-0139/tools/score.py,2026-09-29T07:36:46Z,theirs,lattice,0,0,forward,seed42,2,0.6678,0.7691,171693,40331,131362,theirs lattice,0.6678,0.7691,171693,40331,-1.2690,midpoint of the gap minima,positive-control-0139/scratch/theirs/window.tifxyz,scratch/theirs/lattice/p/forward-k0m0-seed42.tif,"clean held out region of pherc0139-w016 (0.1581 cm2), the organisers' online validation case during training; labels mapped from the 2.399 um grid by the affine of evidence/label-map.csv"
positive-control-0139/tools/score.py,2026-09-29T07:36:46Z,theirs,lattice,0,0,forward,seed42,4,0.6678,0.7691,171693,40331,131362,theirs lattice,0.6678,0.7691,171693,40331,-1.2690,midpoint of the gap minima,positive-control-0139/scratch/theirs/window.tifxyz,scratch/theirs/lattice/p/forward-k0m0-seed42.tif,"clean held out region of pherc0139-w016 (0.1581 cm2), the organisers' online validation case during training; labels mapped from the 2.399 um grid by the affine of evidence/label-map.csv"
positive-control-0139/tools/score.py,2026-09-29T07:36:46Z,theirs,lattice,0,0,forward,seed43,2,0.7188,0.8380,171693,40331,131362,theirs lattice,0.7188,0.8380,171693,40331,-1.2690,midpoint of the gap minima,positive-control-0139/scratch/theirs/window.tifxyz,scratch/theirs/lattice/p/forward-k0m0-seed43.tif,"clean held out region of pherc0139-w016 (0.1581 cm2), the organisers' online validation case during training; labels mapped from the 2.399 um grid by the affine of evidence/label-map.csv"
positive-control-0139/tools/score.py,2026-09-29T07:36:46Z,theirs,lattice,0,0,forward,seed43,4,0.7188,0.8380,171693,40331,131362,theirs lattice,0.7188,0.8380,171693,40331,-1.2690,midpoint of the gap minima,positive-control-0139/scratch/theirs/window.tifxyz,scratch/theirs/lattice/p/forward-k0m0-seed43.tif,"clean held out region of pherc0139-w016 (0.1581 cm2), the organisers' online validation case during training; labels mapped from the 2.399 um grid by the affine of evidence/label-map.csv"
positive-control-0139/tools/score.py,2026-09-29T07:36:46Z,theirs,lattice,0,1,forward,seed42,2,0.6454,0.7506,171693,40331,131362,theirs lattice,0.6454,0.7506,171693,40331,-1.2690,midpoint of the gap minima,positive-control-0139/scratch/theirs/window.tifxyz,scratch/theirs/lattice/p/forward-k0m1-seed42.tif,"clean held out region of pherc0139-w016 (0.1581 cm2), the organisers' online validation case during training; labels mapped from the 2.399 um grid by the affine of evidence/label-map.csv"
positive-control-0139/tools/score.py,2026-09-29T07:36:46Z,theirs,lattice,0,1,forward,seed42,4,0.6454,0.7506,171693,40331,131362,theirs lattice,0.6454,0.7506,171693,40331,-1.2690,midpoint of the gap minima,positive-control-0139/scratch/theirs/window.tifxyz,scratch/theirs/lattice/p/forward-k0m1-seed42.tif,"clean held out region of pherc0139-w016 (0.1581 cm2), the organisers' online validation case during training; labels mapped from the 2.399 um grid by the affine of evidence/label-map.csv"
positive-control-0139/tools/score.py,2026-09-29T07:36:46Z,theirs,lattice,0,1,forward,seed43,2,0.6761,0.7736,171693,40331,131362,theirs lattice,0.6761,0.7736,171693,40331,-1.2690,midpoint of the gap minima,positive-control-0139/scratch/theirs/window.tifxyz,scratch/theirs/lattice/p/forward-k0m1-seed43.tif,"clean held out region of pherc0139-w016 (0.1581 cm2), the organisers' online validation case during training; labels mapped from the 2.399 um grid by the affine of evidence/label-map.csv"
positive-control-0139/tools/score.py,2026-09-29T07:36:46Z,theirs,lattice,0,1,forward,seed43,4,0.6761,0.7736,171693,40331,131362,theirs lattice,0.6761,0.7736,171693,40331,-1.2690,midpoint of the gap minima,positive-control-0139/scratch/theirs/window.tifxyz,scratch/theirs/lattice/p/forward-k0m1-seed43.tif,"clean held out region of pherc0139-w016 (0.1581 cm2), the organisers' online validation case during training; labels mapped from the 2.399 um grid by the affine of evidence/label-map.csv"
positive-control-0139/tools/score.py,2026-09-29T07:36:46Z,theirs,lattice,1,0,forward,seed42,2,0.6778,0.8187,171693,40331,131362,theirs lattice,0.6778,0.8187,171693,40331,-1.2690,midpoint of the gap minima,positive-control-0139/scratch/theirs/window.tifxyz,scratch/theirs/lattice/p/forward-k1m0-seed42.tif,"clean held out region of pherc0139-w016 (0.1581 cm2), the organisers' online validation case during training; labels mapped from the 2.399 um grid by the affine of evidence/label-map.csv"
positive-control-0139/tools/score.py,2026-09-29T07:36:46Z,theirs,lattice,1,0,forward,seed42,4,0.6778,0.8187,171693,40331,131362,theirs lattice,0.6778,0.8187,171693,40331,-1.2690,midpoint of the gap minima,positive-control-0139/scratch/theirs/window.tifxyz,scratch/theirs/lattice/p/forward-k1m0-seed42.tif,"clean held out region of pherc0139-w016 (0.1581 cm2), the organisers' online validation case during training; labels mapped from the 2.399 um grid by the affine of evidence/label-map.csv"
positive-control-0139/tools/score.py,2026-09-29T07:36:46Z,theirs,lattice,1,0,forward,seed43,2,0.7067,0.8043,171693,40331,131362,theirs lattice,0.7067,0.8043,171693,40331,-1.2690,midpoint of the gap minima,positive-control-0139/scratch/theirs/window.tifxyz,scratch/theirs/lattice/p/forward-k1m0-seed43.tif,"clean held out region of pherc0139-w016 (0.1581 cm2), the organisers' online validation case during training; labels mapped from the 2.399 um grid by the affine of evidence/label-map.csv"
positive-control-0139/tools/score.py,2026-09-29T07:36:46Z,theirs,lattice,1,0,forward,seed43,4,0.7067,0.8043,171693,40331,131362,theirs lattice,0.7067,0.8043,171693,40331,-1.2690,midpoint of the gap minima,positive-control-0139/scratch/theirs/window.tifxyz,scratch/theirs/lattice/p/forward-k1m0-seed43.tif,"clean held out region of pherc0139-w016 (0.1581 cm2), the organisers' online validation case during training; labels mapped from the 2.399 um grid by the affine of evidence/label-map.csv"
positive-control-0139/tools/score.py,2026-09-29T07:36:46Z,theirs,lattice,1,1,forward,seed42,2,0.6850,0.8036,171693,40331,131362,theirs lattice,0.6850,0.8036,171693,40331,-1.2690,midpoint of the gap minima,positive-control-0139/scratch/theirs/window.tifxyz,scratch/theirs/lattice/p/forward-k1m1-seed42.tif,"clean held out region of pherc0139-w016 (0.1581 cm2), the organisers' online validation case during training; labels mapped from the 2.399 um grid by the affine of evidence/label-map.csv"
positive-control-0139/tools/score.py,2026-09-29T07:36:46Z,theirs,lattice,1,1,forward,seed42,4,0.6850,0.8036,171693,40331,131362,theirs lattice,0.6850,0.8036,171693,40331,-1.2690,midpoint of the gap minima,positive-control-0139/scratch/theirs/window.tifxyz,scratch/theirs/lattice/p/forward-k1m1-seed42.tif,"clean held out region of pherc0139-w016 (0.1581 cm2), the organisers' online validation case during training; labels mapped from the 2.399 um grid by the affine of evidence/label-map.csv"
positive-control-0139/tools/score.py,2026-09-29T07:36:46Z,theirs,lattice,1,1,forward,seed43,2,0.7671,0.8481,171693,40331,131362,theirs lattice,0.7671,0.8481,171693,40331,-1.2690,midpoint of the gap minima,positive-control-0139/scratch/theirs/window.tifxyz,scratch/theirs/lattice/p/forward-k1m1-seed43.tif,"clean held out region of pherc0139-w016 (0.1581 cm2), the organisers' online validation case during training; labels mapped from the 2.399 um grid by the affine of evidence/label-map.csv"
positive-control-0139/tools/score.py,2026-09-29T07:36:46Z,theirs,lattice,1,1,forward,seed43,4,0.7671,0.8481,171693,40331,131362,theirs lattice,0.7671,0.8481,171693,40331,-1.2690,midpoint of the gap minima,positive-control-0139/scratch/theirs/window.tifxyz,scratch/theirs/lattice/p/forward-k1m1-seed43.tif,"clean held out region of pherc0139-w016 (0.1581 cm2), the organisers' online validation case during training; labels mapped from the 2.399 um grid by the affine of evidence/label-map.csv"
positive-control-0139/tools/score.py,2026-09-29T07:36:46Z,theirs,lattice,2,0,forward,seed42,2,0.6927,0.7985,171693,40331,131362,theirs lattice,0.6927,0.7985,171693,40331,-1.2690,midpoint of the gap minima,positive-control-0139/scratch/theirs/window.tifxyz,scratch/theirs/lattice/p/forward-k2m0-seed42.tif,"clean held out region of pherc0139-w016 (0.1581 cm2), the organisers' online validation case during training; labels mapped from the 2.399 um grid by the affine of evidence/label-map.csv"
positive-control-0139/tools/score.py,2026-09-29T07:36:46Z,theirs,lattice,2,0,forward,seed42,4,0.6927,0.7985,171693,40331,131362,theirs lattice,0.6927,0.7985,171693,40331,-1.2690,midpoint of the gap minima,positive-control-0139/scratch/theirs/window.tifxyz,scratch/theirs/lattice/p/forward-k2m0-seed42.tif,"clean held out region of pherc0139-w016 (0.1581 cm2), the organisers' online validation case during training; labels mapped from the 2.399 um grid by the affine of evidence/label-map.csv"
positive-control-0139/tools/score.py,2026-09-29T07:36:46Z,theirs,lattice,2,0,forward,seed43,2,0.7231,0.8237,171693,40331,131362,theirs lattice,0.7231,0.8237,171693,40331,-1.2690,midpoint of the gap minima,positive-control-0139/scratch/theirs/window.tifxyz,scratch/theirs/lattice/p/forward-k2m0-seed43.tif,"clean held out region of pherc0139-w016 (0.1581 cm2), the organisers' online validation case during training; labels mapped from the 2.399 um grid by the affine of evidence/label-map.csv"
positive-control-0139/tools/score.py,2026-09-29T07:36:46Z,theirs,lattice,2,0,forward,seed43,4,0.7231,0.8237,171693,40331,131362,theirs lattice,0.7231,0.8237,171693,40331,-1.2690,midpoint of the gap minima,positive-control-0139/scratch/theirs/window.tifxyz,scratch/theirs/lattice/p/forward-k2m0-seed43.tif,"clean held out region of pherc0139-w016 (0.1581 cm2), the organisers' online validation case during training; labels mapped from the 2.399 um grid by the affine of evidence/label-map.csv"
positive-control-0139/tools/score.py,2026-09-29T07:36:46Z,theirs,lattice,2,1,forward,seed42,2,0.6643,0.7909,171693,40331,131362,theirs lattice,0.6643,0.7909,171693,40331,-1.2690,midpoint of the gap minima,positive-control-0139/scratch/theirs/window.tifxyz,scratch/theirs/lattice/p/forward-k2m1-seed42.tif,"clean held out region of pherc0139-w016 (0.1581 cm2), the organisers' online validation case during training; labels mapped from the 2.399 um grid by the affine of evidence/label-map.csv"
positive-control-0139/tools/score.py,2026-09-29T07:36:46Z,theirs,lattice,2,1,forward,seed42,4,0.6643,0.7909,171693,40331,131362,theirs lattice,0.6643,0.7909,171693,40331,-1.2690,midpoint of the gap minima,positive-control-0139/scratch/theirs/window.tifxyz,scratch/theirs/lattice/p/forward-k2m1-seed42.tif,"clean held out region of pherc0139-w016 (0.1581 cm2), the organisers' online validation case during training; labels mapped from the 2.399 um grid by the affine of evidence/label-map.csv"
positive-control-0139/tools/score.py,2026-09-29T07:36:46Z,theirs,lattice,2,1,forward,seed43,2,0.7044,0.8435,171693,40331,131362,theirs lattice,0.7044,0.8435,171693,40331,-1.2690,midpoint of the gap minima,positive-control-0139/scratch/theirs/window.tifxyz,scratch/theirs/lattice/p/forward-k2m1-seed43.tif,"clean held out region of pherc0139-w016 (0.1581 cm2), the organisers' online validation case during training; labels mapped from the 2.399 um grid by the affine of evidence/label-map.csv"
positive-control-0139/tools/score.py,2026-09-29T07:36:46Z,theirs,lattice,2,1,forward,seed43,4,0.7044,0.8435,171693,40331,131362,theirs lattice,0.7044,0.8435,171693,40331,-1.2690,midpoint of the gap minima,positive-control-0139/scratch/theirs/window.tifxyz,scratch/theirs/lattice/p/forward-k2m1-seed43.tif,"clean held out region of pherc0139-w016 (0.1581 cm2), the organisers' online validation case during training; labels mapped from the 2.399 um grid by the affine of evidence/label-map.csv"
positive-control-0139/tools/score.py,2026-09-29T07:36:46Z,theirs,lattice,3,0,forward,seed42,2,0.7106,0.8049,171693,40331,131362,theirs lattice,0.7106,0.8049,171693,40331,-1.2690,midpoint of the gap minima,positive-control-0139/scratch/theirs/window.tifxyz,scratch/theirs/lattice/p/forward-k3m0-seed42.tif,"clean held out region of pherc0139-w016 (0.1581 cm2), the organisers' online validation case during training; labels mapped from the 2.399 um grid by the affine of evidence/label-map.csv"
positive-control-0139/tools/score.py,2026-09-29T07:36:46Z,theirs,lattice,3,0,forward,seed42,4,0.7106,0.8049,171693,40331,131362,theirs lattice,0.7106,0.8049,171693,40331,-1.2690,midpoint of the gap minima,positive-control-0139/scratch/theirs/window.tifxyz,scratch/theirs/lattice/p/forward-k3m0-seed42.tif,"clean held out region of pherc0139-w016 (0.1581 cm2), the organisers' online validation case during training; labels mapped from the 2.399 um grid by the affine of evidence/label-map.csv"
positive-control-0139/tools/score.py,2026-09-29T07:36:46Z,theirs,lattice,3,0,forward,seed43,2,0.6848,0.7848,171693,40331,131362,theirs lattice,0.6848,0.7848,171693,40331,-1.2690,midpoint of the gap minima,positive-control-0139/scratch/theirs/window.tifxyz,scratch/theirs/lattice/p/forward-k3m0-seed43.tif,"clean held out region of pherc0139-w016 (0.1581 cm2), the organisers' online validation case during training; labels mapped from the 2.399 um grid by the affine of evidence/label-map.csv"
positive-control-0139/tools/score.py,2026-09-29T07:36:46Z,theirs,lattice,3,0,forward,seed43,4,0.6848,0.7848,171693,40331,131362,theirs lattice,0.6848,0.7848,171693,40331,-1.2690,midpoint of the gap minima,positive-control-0139/scratch/theirs/window.tifxyz,scratch/theirs/lattice/p/forward-k3m0-seed43.tif,"clean held out region of pherc0139-w016 (0.1581 cm2), the organisers' online validation case during training; labels mapped from the 2.399 um grid by the affine of evidence/label-map.csv"
positive-control-0139/tools/score.py,2026-09-29T07:36:46Z,theirs,lattice,3,1,forward,seed42,2,0.7609,0.8371,171693,40331,131362,theirs lattice,0.7609,0.8371,171693,40331,-1.2690,midpoint of the gap minima,positive-control-0139/scratch/theirs/window.tifxyz,scratch/theirs/lattice/p/forward-k3m1-seed42.tif,"clean held out region of pherc0139-w016 (0.1581 cm2), the organisers' online validation case during training; labels mapped from the 2.399 um grid by the affine of evidence/label-map.csv"
positive-control-0139/tools/score.py,2026-09-29T07:36:46Z,theirs,lattice,3,1,forward,seed42,4,0.7609,0.8371,171693,40331,131362,theirs lattice,0.7609,0.8371,171693,40331,-1.2690,midpoint of the gap minima,positive-control-0139/scratch/theirs/window.tifxyz,scratch/theirs/lattice/p/forward-k3m1-seed42.tif,"clean held out region of pherc0139-w016 (0.1581 cm2), the organisers' online validation case during training; labels mapped from the 2.399 um grid by the affine of evidence/label-map.csv"
positive-control-0139/tools/score.py,2026-09-29T07:36:46Z,theirs,lattice,3,1,forward,seed43,2,0.7605,0.8284,171693,40331,131362,theirs lattice,0.7605,0.8284,171693,40331,-1.2690,midpoint of the gap minima,positive-control-0139/scratch/theirs/window.tifxyz,scratch/theirs/lattice/p/forward-k3m1-seed43.tif,"clean held out region of pherc0139-w016 (0.1581 cm2), the organisers' online validation case during training; labels mapped from the 2.399 um grid by the affine of evidence/label-map.csv"
positive-control-0139/tools/score.py,2026-09-29T07:36:46Z,theirs,lattice,3,1,forward,seed43,4,0.7605,0.8284,171693,40331,131362,theirs lattice,0.7605,0.8284,171693,40331,-1.2690,midpoint of the gap minima,positive-control-0139/scratch/theirs/window.tifxyz,scratch/theirs/lattice/p/forward-k3m1-seed43.tif,"clean held out region of pherc0139-w016 (0.1581 cm2), the organisers' online validation case during training; labels mapped from the 2.399 um grid by the affine of evidence/label-map.csv"
positive-control-0139/tools/score.py,2026-09-29T07:36:46Z,theirs,lattice,0,0,reverse,seed42,2,0.5169,0.5273,171693,40331,131362,theirs lattice,0.5169,0.5273,171693,40331,-5.2440,midpoint of the gap minima,positive-control-0139/scratch/theirs/window.tifxyz,scratch/theirs/lattice/p/reverse-k0m0-seed42.tif,"clean held out region of pherc0139-w016 (0.1581 cm2), the organisers' online validation case during training; labels mapped from the 2.399 um grid by the affine of evidence/label-map.csv"
positive-control-0139/tools/score.py,2026-09-29T07:36:46Z,theirs,lattice,0,0,reverse,seed42,4,0.5169,0.5273,171693,40331,131362,theirs lattice,0.5169,0.5273,171693,40331,-5.2440,midpoint of the gap minima,positive-control-0139/scratch/theirs/window.tifxyz,scratch/theirs/lattice/p/reverse-k0m0-seed42.tif,"clean held out region of pherc0139-w016 (0.1581 cm2), the organisers' online validation case during training; labels mapped from the 2.399 um grid by the affine of evidence/label-map.csv"
positive-control-0139/tools/score.py,2026-09-29T07:36:46Z,theirs,lattice,0,0,reverse,seed43,2,0.4832,0.5596,171693,40331,131362,theirs lattice,0.4832,0.5596,171693,40331,-5.2440,midpoint of the gap minima,positive-control-0139/scratch/theirs/window.tifxyz,scratch/theirs/lattice/p/reverse-k0m0-seed43.tif,"clean held out region of pherc0139-w016 (0.1581 cm2), the organisers' online validation case during training; labels mapped from the 2.399 um grid by the affine of evidence/label-map.csv"
positive-control-0139/tools/score.py,2026-09-29T07:36:46Z,theirs,lattice,0,0,reverse,seed43,4,0.4832,0.5596,171693,40331,131362,theirs lattice,0.4832,0.5596,171693,40331,-5.2440,midpoint of the gap minima,positive-control-0139/scratch/theirs/window.tifxyz,scratch/theirs/lattice/p/reverse-k0m0-seed43.tif,"clean held out region of pherc0139-w016 (0.1581 cm2), the organisers' online validation case during training; labels mapped from the 2.399 um grid by the affine of evidence/label-map.csv"
positive-control-0139/tools/score.py,2026-09-29T07:36:46Z,theirs,lattice,0,1,reverse,seed42,2,0.5347,0.4698,171693,40331,131362,theirs lattice,0.5347,0.4698,171693,40331,-5.2440,midpoint of the gap minima,positive-control-0139/scratch/theirs/window.tifxyz,scratch/theirs/lattice/p/reverse-k0m1-seed42.tif,"clean held out region of pherc0139-w016 (0.1581 cm2), the organisers' online validation case during training; labels mapped from the 2.399 um grid by the affine of evidence/label-map.csv"
positive-control-0139/tools/score.py,2026-09-29T07:36:46Z,theirs,lattice,0,1,reverse,seed42,4,0.5347,0.4698,171693,40331,131362,theirs lattice,0.5347,0.4698,171693,40331,-5.2440,midpoint of the gap minima,positive-control-0139/scratch/theirs/window.tifxyz,scratch/theirs/lattice/p/reverse-k0m1-seed42.tif,"clean held out region of pherc0139-w016 (0.1581 cm2), the organisers' online validation case during training; labels mapped from the 2.399 um grid by the affine of evidence/label-map.csv"
positive-control-0139/tools/score.py,2026-09-29T07:36:46Z,theirs,lattice,0,1,reverse,seed43,2,0.4595,0.4198,171693,40331,131362,theirs lattice,0.4595,0.4198,171693,40331,-5.2440,midpoint of the gap minima,positive-control-0139/scratch/theirs/window.tifxyz,scratch/theirs/lattice/p/reverse-k0m1-seed43.tif,"clean held out region of pherc0139-w016 (0.1581 cm2), the organisers' online validation case during training; labels mapped from the 2.399 um grid by the affine of evidence/label-map.csv"
positive-control-0139/tools/score.py,2026-09-29T07:36:46Z,theirs,lattice,0,1,reverse,seed43,4,0.4595,0.4198,171693,40331,131362,theirs lattice,0.4595,0.4198,171693,40331,-5.2440,midpoint of the gap minima,positive-control-0139/scratch/theirs/window.tifxyz,scratch/theirs/lattice/p/reverse-k0m1-seed43.tif,"clean held out region of pherc0139-w016 (0.1581 cm2), the organisers' online validation case during training; labels mapped from the 2.399 um grid by the affine of evidence/label-map.csv"
positive-control-0139/tools/score.py,2026-09-29T07:36:46Z,theirs,lattice,1,0,reverse,seed42,2,0.5232,0.4970,171693,40331,131362,theirs lattice,0.5232,0.4970,171693,40331,-5.2440,midpoint of the gap minima,positive-control-0139/scratch/theirs/window.tifxyz,scratch/theirs/lattice/p/reverse-k1m0-seed42.tif,"clean held out region of pherc0139-w016 (0.1581 cm2), the organisers' online validation case during training; labels mapped from the 2.399 um grid by the affine of evidence/label-map.csv"
positive-control-0139/tools/score.py,2026-09-29T07:36:46Z,theirs,lattice,1,0,reverse,seed42,4,0.5232,0.4970,171693,40331,131362,theirs lattice,0.5232,0.4970,171693,40331,-5.2440,midpoint of the gap minima,positive-control-0139/scratch/theirs/window.tifxyz,scratch/theirs/lattice/p/reverse-k1m0-seed42.tif,"clean held out region of pherc0139-w016 (0.1581 cm2), the organisers' online validation case during training; labels mapped from the 2.399 um grid by the affine of evidence/label-map.csv"
positive-control-0139/tools/score.py,2026-09-29T07:36:46Z,theirs,lattice,1,0,reverse,seed43,2,0.4621,0.4692,171693,40331,131362,theirs lattice,0.4621,0.4692,171693,40331,-5.2440,midpoint of the gap minima,positive-control-0139/scratch/theirs/window.tifxyz,scratch/theirs/lattice/p/reverse-k1m0-seed43.tif,"clean held out region of pherc0139-w016 (0.1581 cm2), the organisers' online validation case during training; labels mapped from the 2.399 um grid by the affine of evidence/label-map.csv"
positive-control-0139/tools/score.py,2026-09-29T07:36:46Z,theirs,lattice,1,0,reverse,seed43,4,0.4621,0.4692,171693,40331,131362,theirs lattice,0.4621,0.4692,171693,40331,-5.2440,midpoint of the gap minima,positive-control-0139/scratch/theirs/window.tifxyz,scratch/theirs/lattice/p/reverse-k1m0-seed43.tif,"clean held out region of pherc0139-w016 (0.1581 cm2), the organisers' online validation case during training; labels mapped from the 2.399 um grid by the affine of evidence/label-map.csv"
positive-control-0139/tools/score.py,2026-09-29T07:36:46Z,theirs,lattice,1,1,reverse,seed42,2,0.5444,0.5682,171693,40331,131362,theirs lattice,0.5444,0.5682,171693,40331,-5.2440,midpoint of the gap minima,positive-control-0139/scratch/theirs/window.tifxyz,scratch/theirs/lattice/p/reverse-k1m1-seed42.tif,"clean held out region of pherc0139-w016 (0.1581 cm2), the organisers' online validation case during training; labels mapped from the 2.399 um grid by the affine of evidence/label-map.csv"
positive-control-0139/tools/score.py,2026-09-29T07:36:46Z,theirs,lattice,1,1,reverse,seed42,4,0.5444,0.5682,171693,40331,131362,theirs lattice,0.5444,0.5682,171693,40331,-5.2440,midpoint of the gap minima,positive-control-0139/scratch/theirs/window.tifxyz,scratch/theirs/lattice/p/reverse-k1m1-seed42.tif,"clean held out region of pherc0139-w016 (0.1581 cm2), the organisers' online validation case during training; labels mapped from the 2.399 um grid by the affine of evidence/label-map.csv"
positive-control-0139/tools/score.py,2026-09-29T07:36:46Z,theirs,lattice,1,1,reverse,seed43,2,0.5254,0.5833,171693,40331,131362,theirs lattice,0.5254,0.5833,171693,40331,-5.2440,midpoint of the gap minima,positive-control-0139/scratch/theirs/window.tifxyz,scratch/theirs/lattice/p/reverse-k1m1-seed43.tif,"clean held out region of pherc0139-w016 (0.1581 cm2), the organisers' online validation case during training; labels mapped from the 2.399 um grid by the affine of evidence/label-map.csv"
positive-control-0139/tools/score.py,2026-09-29T07:36:46Z,theirs,lattice,1,1,reverse,seed43,4,0.5254,0.5833,171693,40331,131362,theirs lattice,0.5254,0.5833,171693,40331,-5.2440,midpoint of the gap minima,positive-control-0139/scratch/theirs/window.tifxyz,scratch/theirs/lattice/p/reverse-k1m1-seed43.tif,"clean held out region of pherc0139-w016 (0.1581 cm2), the organisers' online validation case during training; labels mapped from the 2.399 um grid by the affine of evidence/label-map.csv"
positive-control-0139/tools/score.py,2026-09-29T07:36:46Z,theirs,lattice,2,0,reverse,seed42,2,0.5513,0.5569,171693,40331,131362,theirs lattice,0.5513,0.5569,171693,40331,-5.2440,midpoint of the gap minima,positive-control-0139/scratch/theirs/window.tifxyz,scratch/theirs/lattice/p/reverse-k2m0-seed42.tif,"clean held out region of pherc0139-w016 (0.1581 cm2), the organisers' online validation case during training; labels mapped from the 2.399 um grid by the affine of evidence/label-map.csv"
positive-control-0139/tools/score.py,2026-09-29T07:36:46Z,theirs,lattice,2,0,reverse,seed42,4,0.5513,0.5569,171693,40331,131362,theirs lattice,0.5513,0.5569,171693,40331,-5.2440,midpoint of the gap minima,positive-control-0139/scratch/theirs/window.tifxyz,scratch/theirs/lattice/p/reverse-k2m0-seed42.tif,"clean held out region of pherc0139-w016 (0.1581 cm2), the organisers' online validation case during training; labels mapped from the 2.399 um grid by the affine of evidence/label-map.csv"
positive-control-0139/tools/score.py,2026-09-29T07:36:46Z,theirs,lattice,2,0,reverse,seed43,2,0.4942,0.4873,171693,40331,131362,theirs lattice,0.4942,0.4873,171693,40331,-5.2440,midpoint of the gap minima,positive-control-0139/scratch/theirs/window.tifxyz,scratch/theirs/lattice/p/reverse-k2m0-seed43.tif,"clean held out region of pherc0139-w016 (0.1581 cm2), the organisers' online validation case during training; labels mapped from the 2.399 um grid by the affine of evidence/label-map.csv"
positive-control-0139/tools/score.py,2026-09-29T07:36:46Z,theirs,lattice,2,0,reverse,seed43,4,0.4942,0.4873,171693,40331,131362,theirs lattice,0.4942,0.4873,171693,40331,-5.2440,midpoint of the gap minima,positive-control-0139/scratch/theirs/window.tifxyz,scratch/theirs/lattice/p/reverse-k2m0-seed43.tif,"clean held out region of pherc0139-w016 (0.1581 cm2), the organisers' online validation case during training; labels mapped from the 2.399 um grid by the affine of evidence/label-map.csv"
positive-control-0139/tools/score.py,2026-09-29T07:36:46Z,theirs,lattice,2,1,reverse,seed42,2,0.5054,0.4389,171693,40331,131362,theirs lattice,0.5054,0.4389,171693,40331,-5.2440,midpoint of the gap minima,positive-control-0139/scratch/theirs/window.tifxyz,scratch/theirs/lattice/p/reverse-k2m1-seed42.tif,"clean held out region of pherc0139-w016 (0.1581 cm2), the organisers' online validation case during training; labels mapped from the 2.399 um grid by the affine of evidence/label-map.csv"
positive-control-0139/tools/score.py,2026-09-29T07:36:46Z,theirs,lattice,2,1,reverse,seed42,4,0.5054,0.4389,171693,40331,131362,theirs lattice,0.5054,0.4389,171693,40331,-5.2440,midpoint of the gap minima,positive-control-0139/scratch/theirs/window.tifxyz,scratch/theirs/lattice/p/reverse-k2m1-seed42.tif,"clean held out region of pherc0139-w016 (0.1581 cm2), the organisers' online validation case during training; labels mapped from the 2.399 um grid by the affine of evidence/label-map.csv"
positive-control-0139/tools/score.py,2026-09-29T07:36:46Z,theirs,lattice,2,1,reverse,seed43,2,0.5228,0.4781,171693,40331,131362,theirs lattice,0.5228,0.4781,171693,40331,-5.2440,midpoint of the gap minima,positive-control-0139/scratch/theirs/window.tifxyz,scratch/theirs/lattice/p/reverse-k2m1-seed43.tif,"clean held out region of pherc0139-w016 (0.1581 cm2), the organisers' online validation case during training; labels mapped from the 2.399 um grid by the affine of evidence/label-map.csv"
positive-control-0139/tools/score.py,2026-09-29T07:36:46Z,theirs,lattice,2,1,reverse,seed43,4,0.5228,0.4781,171693,40331,131362,theirs lattice,0.5228,0.4781,171693,40331,-5.2440,midpoint of the gap minima,positive-control-0139/scratch/theirs/window.tifxyz,scratch/theirs/lattice/p/reverse-k2m1-seed43.tif,"clean held out region of pherc0139-w016 (0.1581 cm2), the organisers' online validation case during training; labels mapped from the 2.399 um grid by the affine of evidence/label-map.csv"
positive-control-0139/tools/score.py,2026-09-29T07:36:46Z,theirs,lattice,3,0,reverse,seed42,2,0.5117,0.5804,171693,40331,131362,theirs lattice,0.5117,0.5804,171693,40331,-5.2440,midpoint of the gap minima,positive-control-0139/scratch/theirs/window.tifxyz,scratch/theirs/lattice/p/reverse-k3m0-seed42.tif,"clean held out region of pherc0139-w016 (0.1581 cm2), the organisers' online validation case during training; labels mapped from the 2.399 um grid by the affine of evidence/label-map.csv"
positive-control-0139/tools/score.py,2026-09-29T07:36:46Z,theirs,lattice,3,0,reverse,seed42,4,0.5117,0.5804,171693,40331,131362,theirs lattice,0.5117,0.5804,171693,40331,-5.2440,midpoint of the gap minima,positive-control-0139/scratch/theirs/window.tifxyz,scratch/theirs/lattice/p/reverse-k3m0-seed42.tif,"clean held out region of pherc0139-w016 (0.1581 cm2), the organisers' online validation case during training; labels mapped from the 2.399 um grid by the affine of evidence/label-map.csv"
positive-control-0139/tools/score.py,2026-09-29T07:36:46Z,theirs,lattice,3,0,reverse,seed43,2,0.4576,0.4998,171693,40331,131362,theirs lattice,0.4576,0.4998,171693,40331,-5.2440,midpoint of the gap minima,positive-control-0139/scratch/theirs/window.tifxyz,scratch/theirs/lattice/p/reverse-k3m0-seed43.tif,"clean held out region of pherc0139-w016 (0.1581 cm2), the organisers' online validation case during training; labels mapped from the 2.399 um grid by the affine of evidence/label-map.csv"
positive-control-0139/tools/score.py,2026-09-29T07:36:46Z,theirs,lattice,3,0,reverse,seed43,4,0.4576,0.4998,171693,40331,131362,theirs lattice,0.4576,0.4998,171693,40331,-5.2440,midpoint of the gap minima,positive-control-0139/scratch/theirs/window.tifxyz,scratch/theirs/lattice/p/reverse-k3m0-seed43.tif,"clean held out region of pherc0139-w016 (0.1581 cm2), the organisers' online validation case during training; labels mapped from the 2.399 um grid by the affine of evidence/label-map.csv"
positive-control-0139/tools/score.py,2026-09-29T07:36:46Z,theirs,lattice,3,1,reverse,seed42,2,0.4626,0.4740,171693,40331,131362,theirs lattice,0.4626,0.4740,171693,40331,-5.2440,midpoint of the gap minima,positive-control-0139/scratch/theirs/window.tifxyz,scratch/theirs/lattice/p/reverse-k3m1-seed42.tif,"clean held out region of pherc0139-w016 (0.1581 cm2), the organisers' online validation case during training; labels mapped from the 2.399 um grid by the affine of evidence/label-map.csv"
positive-control-0139/tools/score.py,2026-09-29T07:36:46Z,theirs,lattice,3,1,reverse,seed42,4,0.4626,0.4740,171693,40331,131362,theirs lattice,0.4626,0.4740,171693,40331,-5.2440,midpoint of the gap minima,positive-control-0139/scratch/theirs/window.tifxyz,scratch/theirs/lattice/p/reverse-k3m1-seed42.tif,"clean held out region of pherc0139-w016 (0.1581 cm2), the organisers' online validation case during training; labels mapped from the 2.399 um grid by the affine of evidence/label-map.csv"
positive-control-0139/tools/score.py,2026-09-29T07:36:46Z,theirs,lattice,3,1,reverse,seed43,2,0.4878,0.4596,171693,40331,131362,theirs lattice,0.4878,0.4596,171693,40331,-5.2440,midpoint of the gap minima,positive-control-0139/scratch/theirs/window.tifxyz,scratch/theirs/lattice/p/reverse-k3m1-seed43.tif,"clean held out region of pherc0139-w016 (0.1581 cm2), the organisers' online validation case during training; labels mapped from the 2.399 um grid by the affine of evidence/label-map.csv"
positive-control-0139/tools/score.py,2026-09-29T07:36:46Z,theirs,lattice,3,1,reverse,seed43,4,0.4878,0.4596,171693,40331,131362,theirs lattice,0.4878,0.4596,171693,40331,-5.2440,midpoint of the gap minima,positive-control-0139/scratch/theirs/window.tifxyz,scratch/theirs/lattice/p/reverse-k3m1-seed43.tif,"clean held out region of pherc0139-w016 (0.1581 cm2), the organisers' online validation case during training; labels mapped from the 2.399 um grid by the affine of evidence/label-map.csv"
positive-control-0139/tools/score.py,2026-09-29T09:04:05Z,ours-A-S0,lattice,0,0,forward,seed42,2,0.5101,0.5284,86840,21956,64884,theirs lattice,0.5101,0.5284,86840,21956,5.1795,midpoint of the gap minima,positive-control-0139/scratch/ours-A-S0/window.tifxyz,scratch/ours-A-S0/lattice/p/forward-k0m0-seed42.tif,"clean held out region of pherc0139-w016 (0.1581 cm2), the organisers' online validation case during training; labels mapped from the 2.399 um grid by the affine of evidence/label-map.csv"
positive-control-0139/tools/score.py,2026-09-29T09:04:05Z,ours-A-S0,lattice,0,0,forward,seed42,4,0.5101,0.5241,97493,24773,72720,theirs lattice,0.5101,0.5241,97493,24773,5.1795,midpoint of the gap minima,positive-control-0139/scratch/ours-A-S0/window.tifxyz,scratch/ours-A-S0/lattice/p/forward-k0m0-seed42.tif,"clean held out region of pherc0139-w016 (0.1581 cm2), the organisers' online validation case during training; labels mapped from the 2.399 um grid by the affine of evidence/label-map.csv"
positive-control-0139/tools/score.py,2026-09-29T09:04:05Z,ours-A-S0,lattice,0,0,forward,seed43,2,0.5475,0.5095,86840,21956,64884,theirs lattice,0.5475,0.5095,86840,21956,5.1795,midpoint of the gap minima,positive-control-0139/scratch/ours-A-S0/window.tifxyz,scratch/ours-A-S0/lattice/p/forward-k0m0-seed43.tif,"clean held out region of pherc0139-w016 (0.1581 cm2), the organisers' online validation case during training; labels mapped from the 2.399 um grid by the affine of evidence/label-map.csv"
positive-control-0139/tools/score.py,2026-09-29T09:04:05Z,ours-A-S0,lattice,0,0,forward,seed43,4,0.5208,0.4575,97493,24773,72720,theirs lattice,0.5208,0.4575,97493,24773,5.1795,midpoint of the gap minima,positive-control-0139/scratch/ours-A-S0/window.tifxyz,scratch/ours-A-S0/lattice/p/forward-k0m0-seed43.tif,"clean held out region of pherc0139-w016 (0.1581 cm2), the organisers' online validation case during training; labels mapped from the 2.399 um grid by the affine of evidence/label-map.csv"
positive-control-0139/tools/score.py,2026-09-29T09:04:05Z,ours-A-S0,lattice,0,1,forward,seed42,2,0.5611,0.5643,86840,21956,64884,theirs lattice,0.5611,0.5643,86840,21956,5.1795,midpoint of the gap minima,positive-control-0139/scratch/ours-A-S0/window.tifxyz,scratch/ours-A-S0/lattice/p/forward-k0m1-seed42.tif,"clean held out region of pherc0139-w016 (0.1581 cm2), the organisers' online validation case during training; labels mapped from the 2.399 um grid by the affine of evidence/label-map.csv"
positive-control-0139/tools/score.py,2026-09-29T09:04:05Z,ours-A-S0,lattice,0,1,forward,seed42,4,0.5526,0.5538,97493,24773,72720,theirs lattice,0.5526,0.5538,97493,24773,5.1795,midpoint of the gap minima,positive-control-0139/scratch/ours-A-S0/window.tifxyz,scratch/ours-A-S0/lattice/p/forward-k0m1-seed42.tif,"clean held out region of pherc0139-w016 (0.1581 cm2), the organisers' online validation case during training; labels mapped from the 2.399 um grid by the affine of evidence/label-map.csv"
positive-control-0139/tools/score.py,2026-09-29T09:04:05Z,ours-A-S0,lattice,0,1,forward,seed43,2,0.4788,0.4964,86840,21956,64884,theirs lattice,0.4788,0.4964,86840,21956,5.1795,midpoint of the gap minima,positive-control-0139/scratch/ours-A-S0/window.tifxyz,scratch/ours-A-S0/lattice/p/forward-k0m1-seed43.tif,"clean held out region of pherc0139-w016 (0.1581 cm2), the organisers' online validation case during training; labels mapped from the 2.399 um grid by the affine of evidence/label-map.csv"
positive-control-0139/tools/score.py,2026-09-29T09:04:05Z,ours-A-S0,lattice,0,1,forward,seed43,4,0.4707,0.4827,97493,24773,72720,theirs lattice,0.4707,0.4827,97493,24773,5.1795,midpoint of the gap minima,positive-control-0139/scratch/ours-A-S0/window.tifxyz,scratch/ours-A-S0/lattice/p/forward-k0m1-seed43.tif,"clean held out region of pherc0139-w016 (0.1581 cm2), the organisers' online validation case during training; labels mapped from the 2.399 um grid by the affine of evidence/label-map.csv"
positive-control-0139/tools/score.py,2026-09-29T09:04:05Z,ours-A-S0,lattice,1,0,forward,seed42,2,0.5630,0.5776,86840,21956,64884,theirs lattice,0.5630,0.5776,86840,21956,5.1795,midpoint of the gap minima,positive-control-0139/scratch/ours-A-S0/window.tifxyz,scratch/ours-A-S0/lattice/p/forward-k1m0-seed42.tif,"clean held out region of pherc0139-w016 (0.1581 cm2), the organisers' online validation case during training; labels mapped from the 2.399 um grid by the affine of evidence/label-map.csv"
positive-control-0139/tools/score.py,2026-09-29T09:04:05Z,ours-A-S0,lattice,1,0,forward,seed42,4,0.5552,0.5629,97493,24773,72720,theirs lattice,0.5552,0.5629,97493,24773,5.1795,midpoint of the gap minima,positive-control-0139/scratch/ours-A-S0/window.tifxyz,scratch/ours-A-S0/lattice/p/forward-k1m0-seed42.tif,"clean held out region of pherc0139-w016 (0.1581 cm2), the organisers' online validation case during training; labels mapped from the 2.399 um grid by the affine of evidence/label-map.csv"
positive-control-0139/tools/score.py,2026-09-29T09:04:05Z,ours-A-S0,lattice,1,0,forward,seed43,2,0.5368,0.5899,86840,21956,64884,theirs lattice,0.5368,0.5899,86840,21956,5.1795,midpoint of the gap minima,positive-control-0139/scratch/ours-A-S0/window.tifxyz,scratch/ours-A-S0/lattice/p/forward-k1m0-seed43.tif,"clean held out region of pherc0139-w016 (0.1581 cm2), the organisers' online validation case during training; labels mapped from the 2.399 um grid by the affine of evidence/label-map.csv"
positive-control-0139/tools/score.py,2026-09-29T09:04:05Z,ours-A-S0,lattice,1,0,forward,seed43,4,0.5265,0.5613,97493,24773,72720,theirs lattice,0.5265,0.5613,97493,24773,5.1795,midpoint of the gap minima,positive-control-0139/scratch/ours-A-S0/window.tifxyz,scratch/ours-A-S0/lattice/p/forward-k1m0-seed43.tif,"clean held out region of pherc0139-w016 (0.1581 cm2), the organisers' online validation case during training; labels mapped from the 2.399 um grid by the affine of evidence/label-map.csv"
positive-control-0139/tools/score.py,2026-09-29T09:04:05Z,ours-A-S0,lattice,1,1,forward,seed42,2,0.5000,0.6031,86840,21956,64884,theirs lattice,0.5000,0.6031,86840,21956,5.1795,midpoint of the gap minima,positive-control-0139/scratch/ours-A-S0/window.tifxyz,scratch/ours-A-S0/lattice/p/forward-k1m1-seed42.tif,"clean held out region of pherc0139-w016 (0.1581 cm2), the organisers' online validation case during training; labels mapped from the 2.399 um grid by the affine of evidence/label-map.csv"
positive-control-0139/tools/score.py,2026-09-29T09:04:05Z,ours-A-S0,lattice,1,1,forward,seed42,4,0.5031,0.6271,97493,24773,72720,theirs lattice,0.5031,0.6271,97493,24773,5.1795,midpoint of the gap minima,positive-control-0139/scratch/ours-A-S0/window.tifxyz,scratch/ours-A-S0/lattice/p/forward-k1m1-seed42.tif,"clean held out region of pherc0139-w016 (0.1581 cm2), the organisers' online validation case during training; labels mapped from the 2.399 um grid by the affine of evidence/label-map.csv"
positive-control-0139/tools/score.py,2026-09-29T09:04:05Z,ours-A-S0,lattice,1,1,forward,seed43,2,0.5048,0.4713,86840,21956,64884,theirs lattice,0.5048,0.4713,86840,21956,5.1795,midpoint of the gap minima,positive-control-0139/scratch/ours-A-S0/window.tifxyz,scratch/ours-A-S0/lattice/p/forward-k1m1-seed43.tif,"clean held out region of pherc0139-w016 (0.1581 cm2), the organisers' online validation case during training; labels mapped from the 2.399 um grid by the affine of evidence/label-map.csv"
positive-control-0139/tools/score.py,2026-09-29T09:04:05Z,ours-A-S0,lattice,1,1,forward,seed43,4,0.5037,0.4612,97493,24773,72720,theirs lattice,0.5037,0.4612,97493,24773,5.1795,midpoint of the gap minima,positive-control-0139/scratch/ours-A-S0/window.tifxyz,scratch/ours-A-S0/lattice/p/forward-k1m1-seed43.tif,"clean held out region of pherc0139-w016 (0.1581 cm2), the organisers' online validation case during training; labels mapped from the 2.399 um grid by the affine of evidence/label-map.csv"
positive-control-0139/tools/score.py,2026-09-29T09:04:05Z,ours-A-S0,lattice,2,0,forward,seed42,2,0.5407,0.5838,86840,21956,64884,theirs lattice,0.5407,0.5838,86840,21956,5.1795,midpoint of the gap minima,positive-control-0139/scratch/ours-A-S0/window.tifxyz,scratch/ours-A-S0/lattice/p/forward-k2m0-seed42.tif,"clean held out region of pherc0139-w016 (0.1581 cm2), the organisers' online validation case during training; labels mapped from the 2.399 um grid by the affine of evidence/label-map.csv"
positive-control-0139/tools/score.py,2026-09-29T09:04:05Z,ours-A-S0,lattice,2,0,forward,seed42,4,0.5356,0.5995,97493,24773,72720,theirs lattice,0.5356,0.5995,97493,24773,5.1795,midpoint of the gap minima,positive-control-0139/scratch/ours-A-S0/window.tifxyz,scratch/ours-A-S0/lattice/p/forward-k2m0-seed42.tif,"clean held out region of pherc0139-w016 (0.1581 cm2), the organisers' online validation case during training; labels mapped from the 2.399 um grid by the affine of evidence/label-map.csv"
positive-control-0139/tools/score.py,2026-09-29T09:04:05Z,ours-A-S0,lattice,2,0,forward,seed43,2,0.5412,0.4760,86840,21956,64884,theirs lattice,0.5412,0.4760,86840,21956,5.1795,midpoint of the gap minima,positive-control-0139/scratch/ours-A-S0/window.tifxyz,scratch/ours-A-S0/lattice/p/forward-k2m0-seed43.tif,"clean held out region of pherc0139-w016 (0.1581 cm2), the organisers' online validation case during training; labels mapped from the 2.399 um grid by the affine of evidence/label-map.csv"
positive-control-0139/tools/score.py,2026-09-29T09:04:05Z,ours-A-S0,lattice,2,0,forward,seed43,4,0.5272,0.4450,97493,24773,72720,theirs lattice,0.5272,0.4450,97493,24773,5.1795,midpoint of the gap minima,positive-control-0139/scratch/ours-A-S0/window.tifxyz,scratch/ours-A-S0/lattice/p/forward-k2m0-seed43.tif,"clean held out region of pherc0139-w016 (0.1581 cm2), the organisers' online validation case during training; labels mapped from the 2.399 um grid by the affine of evidence/label-map.csv"
positive-control-0139/tools/score.py,2026-09-29T09:04:05Z,ours-A-S0,lattice,2,1,forward,seed42,2,0.4872,0.4829,86840,21956,64884,theirs lattice,0.4872,0.4829,86840,21956,5.1795,midpoint of the gap minima,positive-control-0139/scratch/ours-A-S0/window.tifxyz,scratch/ours-A-S0/lattice/p/forward-k2m1-seed42.tif,"clean held out region of pherc0139-w016 (0.1581 cm2), the organisers' online validation case during training; labels mapped from the 2.399 um grid by the affine of evidence/label-map.csv"
positive-control-0139/tools/score.py,2026-09-29T09:04:05Z,ours-A-S0,lattice,2,1,forward,seed42,4,0.4877,0.4669,97493,24773,72720,theirs lattice,0.4877,0.4669,97493,24773,5.1795,midpoint of the gap minima,positive-control-0139/scratch/ours-A-S0/window.tifxyz,scratch/ours-A-S0/lattice/p/forward-k2m1-seed42.tif,"clean held out region of pherc0139-w016 (0.1581 cm2), the organisers' online validation case during training; labels mapped from the 2.399 um grid by the affine of evidence/label-map.csv"
positive-control-0139/tools/score.py,2026-09-29T09:04:05Z,ours-A-S0,lattice,2,1,forward,seed43,2,0.5166,0.6581,86840,21956,64884,theirs lattice,0.5166,0.6581,86840,21956,5.1795,midpoint of the gap minima,positive-control-0139/scratch/ours-A-S0/window.tifxyz,scratch/ours-A-S0/lattice/p/forward-k2m1-seed43.tif,"clean held out region of pherc0139-w016 (0.1581 cm2), the organisers' online validation case during training; labels mapped from the 2.399 um grid by the affine of evidence/label-map.csv"
positive-control-0139/tools/score.py,2026-09-29T09:04:05Z,ours-A-S0,lattice,2,1,forward,seed43,4,0.5140,0.6587,97493,24773,72720,theirs lattice,0.5140,0.6587,97493,24773,5.1795,midpoint of the gap minima,positive-control-0139/scratch/ours-A-S0/window.tifxyz,scratch/ours-A-S0/lattice/p/forward-k2m1-seed43.tif,"clean held out region of pherc0139-w016 (0.1581 cm2), the organisers' online validation case during training; labels mapped from the 2.399 um grid by the affine of evidence/label-map.csv"
positive-control-0139/tools/score.py,2026-09-29T09:04:05Z,ours-A-S0,lattice,3,0,forward,seed42,2,0.4968,0.5142,86840,21956,64884,theirs lattice,0.4968,0.5142,86840,21956,5.1795,midpoint of the gap minima,positive-control-0139/scratch/ours-A-S0/window.tifxyz,scratch/ours-A-S0/lattice/p/forward-k3m0-seed42.tif,"clean held out region of pherc0139-w016 (0.1581 cm2), the organisers' online validation case during training; labels mapped from the 2.399 um grid by the affine of evidence/label-map.csv"
positive-control-0139/tools/score.py,2026-09-29T09:04:05Z,ours-A-S0,lattice,3,0,forward,seed42,4,0.4933,0.5158,97493,24773,72720,theirs lattice,0.4933,0.5158,97493,24773,5.1795,midpoint of the gap minima,positive-control-0139/scratch/ours-A-S0/window.tifxyz,scratch/ours-A-S0/lattice/p/forward-k3m0-seed42.tif,"clean held out region of pherc0139-w016 (0.1581 cm2), the organisers' online validation case during training; labels mapped from the 2.399 um grid by the affine of evidence/label-map.csv"
positive-control-0139/tools/score.py,2026-09-29T09:04:05Z,ours-A-S0,lattice,3,0,forward,seed43,2,0.5064,0.4096,86840,21956,64884,theirs lattice,0.5064,0.4096,86840,21956,5.1795,midpoint of the gap minima,positive-control-0139/scratch/ours-A-S0/window.tifxyz,scratch/ours-A-S0/lattice/p/forward-k3m0-seed43.tif,"clean held out region of pherc0139-w016 (0.1581 cm2), the organisers' online validation case during training; labels mapped from the 2.399 um grid by the affine of evidence/label-map.csv"
positive-control-0139/tools/score.py,2026-09-29T09:04:05Z,ours-A-S0,lattice,3,0,forward,seed43,4,0.5037,0.3885,97493,24773,72720,theirs lattice,0.5037,0.3885,97493,24773,5.1795,midpoint of the gap minima,positive-control-0139/scratch/ours-A-S0/window.tifxyz,scratch/ours-A-S0/lattice/p/forward-k3m0-seed43.tif,"clean held out region of pherc0139-w016 (0.1581 cm2), the organisers' online validation case during training; labels mapped from the 2.399 um grid by the affine of evidence/label-map.csv"
positive-control-0139/tools/score.py,2026-09-29T09:04:05Z,ours-A-S0,lattice,3,1,forward,seed42,2,0.4837,0.4439,86840,21956,64884,theirs lattice,0.4837,0.4439,86840,21956,5.1795,midpoint of the gap minima,positive-control-0139/scratch/ours-A-S0/window.tifxyz,scratch/ours-A-S0/lattice/p/forward-k3m1-seed42.tif,"clean held out region of pherc0139-w016 (0.1581 cm2), the organisers' online validation case during training; labels mapped from the 2.399 um grid by the affine of evidence/label-map.csv"
positive-control-0139/tools/score.py,2026-09-29T09:04:05Z,ours-A-S0,lattice,3,1,forward,seed42,4,0.4842,0.4490,97493,24773,72720,theirs lattice,0.4842,0.4490,97493,24773,5.1795,midpoint of the gap minima,positive-control-0139/scratch/ours-A-S0/window.tifxyz,scratch/ours-A-S0/lattice/p/forward-k3m1-seed42.tif,"clean held out region of pherc0139-w016 (0.1581 cm2), the organisers' online validation case during training; labels mapped from the 2.399 um grid by the affine of evidence/label-map.csv"
positive-control-0139/tools/score.py,2026-09-29T09:04:05Z,ours-A-S0,lattice,3,1,forward,seed43,2,0.5968,0.6586,86840,21956,64884,theirs lattice,0.5968,0.6586,86840,21956,5.1795,midpoint of the gap minima,positive-control-0139/scratch/ours-A-S0/window.tifxyz,scratch/ours-A-S0/lattice/p/forward-k3m1-seed43.tif,"clean held out region of pherc0139-w016 (0.1581 cm2), the organisers' online validation case during training; labels mapped from the 2.399 um grid by the affine of evidence/label-map.csv"
positive-control-0139/tools/score.py,2026-09-29T09:04:05Z,ours-A-S0,lattice,3,1,forward,seed43,4,0.5984,0.6449,97493,24773,72720,theirs lattice,0.5984,0.6449,97493,24773,5.1795,midpoint of the gap minima,positive-control-0139/scratch/ours-A-S0/window.tifxyz,scratch/ours-A-S0/lattice/p/forward-k3m1-seed43.tif,"clean held out region of pherc0139-w016 (0.1581 cm2), the organisers' online validation case during training; labels mapped from the 2.399 um grid by the affine of evidence/label-map.csv"
positive-control-0139/tools/score.py,2026-09-29T09:04:05Z,ours-A-S0,lattice,0,0,reverse,seed42,2,0.5405,0.6098,86840,21956,64884,theirs lattice,0.5405,0.6098,86840,21956,1.2045,midpoint of the gap minima,positive-control-0139/scratch/ours-A-S0/window.tifxyz,scratch/ours-A-S0/lattice/p/reverse-k0m0-seed42.tif,"clean held out region of pherc0139-w016 (0.1581 cm2), the organisers' online validation case during training; labels mapped from the 2.399 um grid by the affine of evidence/label-map.csv"
positive-control-0139/tools/score.py,2026-09-29T09:04:05Z,ours-A-S0,lattice,0,0,reverse,seed42,4,0.5546,0.6228,97493,24773,72720,theirs lattice,0.5546,0.6228,97493,24773,1.2045,midpoint of the gap minima,positive-control-0139/scratch/ours-A-S0/window.tifxyz,scratch/ours-A-S0/lattice/p/reverse-k0m0-seed42.tif,"clean held out region of pherc0139-w016 (0.1581 cm2), the organisers' online validation case during training; labels mapped from the 2.399 um grid by the affine of evidence/label-map.csv"
positive-control-0139/tools/score.py,2026-09-29T09:04:05Z,ours-A-S0,lattice,0,0,reverse,seed43,2,0.5358,0.6050,86840,21956,64884,theirs lattice,0.5358,0.6050,86840,21956,1.2045,midpoint of the gap minima,positive-control-0139/scratch/ours-A-S0/window.tifxyz,scratch/ours-A-S0/lattice/p/reverse-k0m0-seed43.tif,"clean held out region of pherc0139-w016 (0.1581 cm2), the organisers' online validation case during training; labels mapped from the 2.399 um grid by the affine of evidence/label-map.csv"
positive-control-0139/tools/score.py,2026-09-29T09:04:05Z,ours-A-S0,lattice,0,0,reverse,seed43,4,0.5314,0.5977,97493,24773,72720,theirs lattice,0.5314,0.5977,97493,24773,1.2045,midpoint of the gap minima,positive-control-0139/scratch/ours-A-S0/window.tifxyz,scratch/ours-A-S0/lattice/p/reverse-k0m0-seed43.tif,"clean held out region of pherc0139-w016 (0.1581 cm2), the organisers' online validation case during training; labels mapped from the 2.399 um grid by the affine of evidence/label-map.csv"
positive-control-0139/tools/score.py,2026-09-29T09:04:05Z,ours-A-S0,lattice,0,1,reverse,seed42,2,0.5572,0.6463,86840,21956,64884,theirs lattice,0.5572,0.6463,86840,21956,1.2045,midpoint of the gap minima,positive-control-0139/scratch/ours-A-S0/window.tifxyz,scratch/ours-A-S0/lattice/p/reverse-k0m1-seed42.tif,"clean held out region of pherc0139-w016 (0.1581 cm2), the organisers' online validation case during training; labels mapped from the 2.399 um grid by the affine of evidence/label-map.csv"
positive-control-0139/tools/score.py,2026-09-29T09:04:05Z,ours-A-S0,lattice,0,1,reverse,seed42,4,0.5400,0.6118,97493,24773,72720,theirs lattice,0.5400,0.6118,97493,24773,1.2045,midpoint of the gap minima,positive-control-0139/scratch/ours-A-S0/window.tifxyz,scratch/ours-A-S0/lattice/p/reverse-k0m1-seed42.tif,"clean held out region of pherc0139-w016 (0.1581 cm2), the organisers' online validation case during training; labels mapped from the 2.399 um grid by the affine of evidence/label-map.csv"
positive-control-0139/tools/score.py,2026-09-29T09:04:05Z,ours-A-S0,lattice,0,1,reverse,seed43,2,0.5350,0.6157,86840,21956,64884,theirs lattice,0.5350,0.6157,86840,21956,1.2045,midpoint of the gap minima,positive-control-0139/scratch/ours-A-S0/window.tifxyz,scratch/ours-A-S0/lattice/p/reverse-k0m1-seed43.tif,"clean held out region of pherc0139-w016 (0.1581 cm2), the organisers' online validation case during training; labels mapped from the 2.399 um grid by the affine of evidence/label-map.csv"
positive-control-0139/tools/score.py,2026-09-29T09:04:05Z,ours-A-S0,lattice,0,1,reverse,seed43,4,0.5313,0.5924,97493,24773,72720,theirs lattice,0.5313,0.5924,97493,24773,1.2045,midpoint of the gap minima,positive-control-0139/scratch/ours-A-S0/window.tifxyz,scratch/ours-A-S0/lattice/p/reverse-k0m1-seed43.tif,"clean held out region of pherc0139-w016 (0.1581 cm2), the organisers' online validation case during training; labels mapped from the 2.399 um grid by the affine of evidence/label-map.csv"
positive-control-0139/tools/score.py,2026-09-29T09:04:05Z,ours-A-S0,lattice,1,0,reverse,seed42,2,0.6057,0.6931,86840,21956,64884,theirs lattice,0.6057,0.6931,86840,21956,1.2045,midpoint of the gap minima,positive-control-0139/scratch/ours-A-S0/window.tifxyz,scratch/ours-A-S0/lattice/p/reverse-k1m0-seed42.tif,"clean held out region of pherc0139-w016 (0.1581 cm2), the organisers' online validation case during training; labels mapped from the 2.399 um grid by the affine of evidence/label-map.csv"
positive-control-0139/tools/score.py,2026-09-29T09:04:05Z,ours-A-S0,lattice,1,0,reverse,seed42,4,0.6106,0.6875,97493,24773,72720,theirs lattice,0.6106,0.6875,97493,24773,1.2045,midpoint of the gap minima,positive-control-0139/scratch/ours-A-S0/window.tifxyz,scratch/ours-A-S0/lattice/p/reverse-k1m0-seed42.tif,"clean held out region of pherc0139-w016 (0.1581 cm2), the organisers' online validation case during training; labels mapped from the 2.399 um grid by the affine of evidence/label-map.csv"
positive-control-0139/tools/score.py,2026-09-29T09:04:05Z,ours-A-S0,lattice,1,0,reverse,seed43,2,0.6596,0.7308,86840,21956,64884,theirs lattice,0.6596,0.7308,86840,21956,1.2045,midpoint of the gap minima,positive-control-0139/scratch/ours-A-S0/window.tifxyz,scratch/ours-A-S0/lattice/p/reverse-k1m0-seed43.tif,"clean held out region of pherc0139-w016 (0.1581 cm2), the organisers' online validation case during training; labels mapped from the 2.399 um grid by the affine of evidence/label-map.csv"
positive-control-0139/tools/score.py,2026-09-29T09:04:05Z,ours-A-S0,lattice,1,0,reverse,seed43,4,0.6592,0.7347,97493,24773,72720,theirs lattice,0.6592,0.7347,97493,24773,1.2045,midpoint of the gap minima,positive-control-0139/scratch/ours-A-S0/window.tifxyz,scratch/ours-A-S0/lattice/p/reverse-k1m0-seed43.tif,"clean held out region of pherc0139-w016 (0.1581 cm2), the organisers' online validation case during training; labels mapped from the 2.399 um grid by the affine of evidence/label-map.csv"
positive-control-0139/tools/score.py,2026-09-29T09:04:05Z,ours-A-S0,lattice,1,1,reverse,seed42,2,0.6142,0.7225,86840,21956,64884,theirs lattice,0.6142,0.7225,86840,21956,1.2045,midpoint of the gap minima,positive-control-0139/scratch/ours-A-S0/window.tifxyz,scratch/ours-A-S0/lattice/p/reverse-k1m1-seed42.tif,"clean held out region of pherc0139-w016 (0.1581 cm2), the organisers' online validation case during training; labels mapped from the 2.399 um grid by the affine of evidence/label-map.csv"
positive-control-0139/tools/score.py,2026-09-29T09:04:05Z,ours-A-S0,lattice,1,1,reverse,seed42,4,0.6050,0.7075,97493,24773,72720,theirs lattice,0.6050,0.7075,97493,24773,1.2045,midpoint of the gap minima,positive-control-0139/scratch/ours-A-S0/window.tifxyz,scratch/ours-A-S0/lattice/p/reverse-k1m1-seed42.tif,"clean held out region of pherc0139-w016 (0.1581 cm2), the organisers' online validation case during training; labels mapped from the 2.399 um grid by the affine of evidence/label-map.csv"
positive-control-0139/tools/score.py,2026-09-29T09:04:05Z,ours-A-S0,lattice,1,1,reverse,seed43,2,0.6206,0.7547,86840,21956,64884,theirs lattice,0.6206,0.7547,86840,21956,1.2045,midpoint of the gap minima,positive-control-0139/scratch/ours-A-S0/window.tifxyz,scratch/ours-A-S0/lattice/p/reverse-k1m1-seed43.tif,"clean held out region of pherc0139-w016 (0.1581 cm2), the organisers' online validation case during training; labels mapped from the 2.399 um grid by the affine of evidence/label-map.csv"
positive-control-0139/tools/score.py,2026-09-29T09:04:05Z,ours-A-S0,lattice,1,1,reverse,seed43,4,0.6254,0.7595,97493,24773,72720,theirs lattice,0.6254,0.7595,97493,24773,1.2045,midpoint of the gap minima,positive-control-0139/scratch/ours-A-S0/window.tifxyz,scratch/ours-A-S0/lattice/p/reverse-k1m1-seed43.tif,"clean held out region of pherc0139-w016 (0.1581 cm2), the organisers' online validation case during training; labels mapped from the 2.399 um grid by the affine of evidence/label-map.csv"
positive-control-0139/tools/score.py,2026-09-29T09:04:05Z,ours-A-S0,lattice,2,0,reverse,seed42,2,0.6499,0.7194,86840,21956,64884,theirs lattice,0.6499,0.7194,86840,21956,1.2045,midpoint of the gap minima,positive-control-0139/scratch/ours-A-S0/window.tifxyz,scratch/ours-A-S0/lattice/p/reverse-k2m0-seed42.tif,"clean held out region of pherc0139-w016 (0.1581 cm2), the organisers' online validation case during training; labels mapped from the 2.399 um grid by the affine of evidence/label-map.csv"
positive-control-0139/tools/score.py,2026-09-29T09:04:05Z,ours-A-S0,lattice,2,0,reverse,seed42,4,0.6303,0.6897,97493,24773,72720,theirs lattice,0.6303,0.6897,97493,24773,1.2045,midpoint of the gap minima,positive-control-0139/scratch/ours-A-S0/window.tifxyz,scratch/ours-A-S0/lattice/p/reverse-k2m0-seed42.tif,"clean held out region of pherc0139-w016 (0.1581 cm2), the organisers' online validation case during training; labels mapped from the 2.399 um grid by the affine of evidence/label-map.csv"
positive-control-0139/tools/score.py,2026-09-29T09:04:05Z,ours-A-S0,lattice,2,0,reverse,seed43,2,0.5775,0.6584,86840,21956,64884,theirs lattice,0.5775,0.6584,86840,21956,1.2045,midpoint of the gap minima,positive-control-0139/scratch/ours-A-S0/window.tifxyz,scratch/ours-A-S0/lattice/p/reverse-k2m0-seed43.tif,"clean held out region of pherc0139-w016 (0.1581 cm2), the organisers' online validation case during training; labels mapped from the 2.399 um grid by the affine of evidence/label-map.csv"
positive-control-0139/tools/score.py,2026-09-29T09:04:05Z,ours-A-S0,lattice,2,0,reverse,seed43,4,0.5814,0.6532,97493,24773,72720,theirs lattice,0.5814,0.6532,97493,24773,1.2045,midpoint of the gap minima,positive-control-0139/scratch/ours-A-S0/window.tifxyz,scratch/ours-A-S0/lattice/p/reverse-k2m0-seed43.tif,"clean held out region of pherc0139-w016 (0.1581 cm2), the organisers' online validation case during training; labels mapped from the 2.399 um grid by the affine of evidence/label-map.csv"
positive-control-0139/tools/score.py,2026-09-29T09:04:05Z,ours-A-S0,lattice,2,1,reverse,seed42,2,0.6930,0.8110,86840,21956,64884,theirs lattice,0.6930,0.8110,86840,21956,1.2045,midpoint of the gap minima,positive-control-0139/scratch/ours-A-S0/window.tifxyz,scratch/ours-A-S0/lattice/p/reverse-k2m1-seed42.tif,"clean held out region of pherc0139-w016 (0.1581 cm2), the organisers' online validation case during training; labels mapped from the 2.399 um grid by the affine of evidence/label-map.csv"
positive-control-0139/tools/score.py,2026-09-29T09:04:05Z,ours-A-S0,lattice,2,1,reverse,seed42,4,0.6960,0.8118,97493,24773,72720,theirs lattice,0.6960,0.8118,97493,24773,1.2045,midpoint of the gap minima,positive-control-0139/scratch/ours-A-S0/window.tifxyz,scratch/ours-A-S0/lattice/p/reverse-k2m1-seed42.tif,"clean held out region of pherc0139-w016 (0.1581 cm2), the organisers' online validation case during training; labels mapped from the 2.399 um grid by the affine of evidence/label-map.csv"
positive-control-0139/tools/score.py,2026-09-29T09:04:05Z,ours-A-S0,lattice,2,1,reverse,seed43,2,0.5626,0.5642,86840,21956,64884,theirs lattice,0.5626,0.5642,86840,21956,1.2045,midpoint of the gap minima,positive-control-0139/scratch/ours-A-S0/window.tifxyz,scratch/ours-A-S0/lattice/p/reverse-k2m1-seed43.tif,"clean held out region of pherc0139-w016 (0.1581 cm2), the organisers' online validation case during training; labels mapped from the 2.399 um grid by the affine of evidence/label-map.csv"
positive-control-0139/tools/score.py,2026-09-29T09:04:05Z,ours-A-S0,lattice,2,1,reverse,seed43,4,0.5810,0.5741,97493,24773,72720,theirs lattice,0.5810,0.5741,97493,24773,1.2045,midpoint of the gap minima,positive-control-0139/scratch/ours-A-S0/window.tifxyz,scratch/ours-A-S0/lattice/p/reverse-k2m1-seed43.tif,"clean held out region of pherc0139-w016 (0.1581 cm2), the organisers' online validation case during training; labels mapped from the 2.399 um grid by the affine of evidence/label-map.csv"
positive-control-0139/tools/score.py,2026-09-29T09:04:05Z,ours-A-S0,lattice,3,0,reverse,seed42,2,0.5390,0.5195,86840,21956,64884,theirs lattice,0.5390,0.5195,86840,21956,1.2045,midpoint of the gap minima,positive-control-0139/scratch/ours-A-S0/window.tifxyz,scratch/ours-A-S0/lattice/p/reverse-k3m0-seed42.tif,"clean held out region of pherc0139-w016 (0.1581 cm2), the organisers' online validation case during training; labels mapped from the 2.399 um grid by the affine of evidence/label-map.csv"
positive-control-0139/tools/score.py,2026-09-29T09:04:05Z,ours-A-S0,lattice,3,0,reverse,seed42,4,0.5515,0.5456,97493,24773,72720,theirs lattice,0.5515,0.5456,97493,24773,1.2045,midpoint of the gap minima,positive-control-0139/scratch/ours-A-S0/window.tifxyz,scratch/ours-A-S0/lattice/p/reverse-k3m0-seed42.tif,"clean held out region of pherc0139-w016 (0.1581 cm2), the organisers' online validation case during training; labels mapped from the 2.399 um grid by the affine of evidence/label-map.csv"
positive-control-0139/tools/score.py,2026-09-29T09:04:05Z,ours-A-S0,lattice,3,0,reverse,seed43,2,0.6380,0.7540,86840,21956,64884,theirs lattice,0.6380,0.7540,86840,21956,1.2045,midpoint of the gap minima,positive-control-0139/scratch/ours-A-S0/window.tifxyz,scratch/ours-A-S0/lattice/p/reverse-k3m0-seed43.tif,"clean held out region of pherc0139-w016 (0.1581 cm2), the organisers' online validation case during training; labels mapped from the 2.399 um grid by the affine of evidence/label-map.csv"
positive-control-0139/tools/score.py,2026-09-29T09:04:05Z,ours-A-S0,lattice,3,0,reverse,seed43,4,0.6481,0.7624,97493,24773,72720,theirs lattice,0.6481,0.7624,97493,24773,1.2045,midpoint of the gap minima,positive-control-0139/scratch/ours-A-S0/window.tifxyz,scratch/ours-A-S0/lattice/p/reverse-k3m0-seed43.tif,"clean held out region of pherc0139-w016 (0.1581 cm2), the organisers' online validation case during training; labels mapped from the 2.399 um grid by the affine of evidence/label-map.csv"
positive-control-0139/tools/score.py,2026-09-29T09:04:05Z,ours-A-S0,lattice,3,1,reverse,seed42,2,0.5942,0.7779,86840,21956,64884,theirs lattice,0.5942,0.7779,86840,21956,1.2045,midpoint of the gap minima,positive-control-0139/scratch/ours-A-S0/window.tifxyz,scratch/ours-A-S0/lattice/p/reverse-k3m1-seed42.tif,"clean held out region of pherc0139-w016 (0.1581 cm2), the organisers' online validation case during training; labels mapped from the 2.399 um grid by the affine of evidence/label-map.csv"
positive-control-0139/tools/score.py,2026-09-29T09:04:05Z,ours-A-S0,lattice,3,1,reverse,seed42,4,0.5933,0.7580,97493,24773,72720,theirs lattice,0.5933,0.7580,97493,24773,1.2045,midpoint of the gap minima,positive-control-0139/scratch/ours-A-S0/window.tifxyz,scratch/ours-A-S0/lattice/p/reverse-k3m1-seed42.tif,"clean held out region of pherc0139-w016 (0.1581 cm2), the organisers' online validation case during training; labels mapped from the 2.399 um grid by the affine of evidence/label-map.csv"
positive-control-0139/tools/score.py,2026-09-29T09:04:05Z,ours-A-S0,lattice,3,1,reverse,seed43,2,0.5677,0.7254,86840,21956,64884,theirs lattice,0.5677,0.7254,86840,21956,1.2045,midpoint of the gap minima,positive-control-0139/scratch/ours-A-S0/window.tifxyz,scratch/ours-A-S0/lattice/p/reverse-k3m1-seed43.tif,"clean held out region of pherc0139-w016 (0.1581 cm2), the organisers' online validation case during training; labels mapped from the 2.399 um grid by the affine of evidence/label-map.csv"
positive-control-0139/tools/score.py,2026-09-29T09:04:05Z,ours-A-S0,lattice,3,1,reverse,seed43,4,0.5859,0.7413,97493,24773,72720,theirs lattice,0.5859,0.7413,97493,24773,1.2045,midpoint of the gap minima,positive-control-0139/scratch/ours-A-S0/window.tifxyz,scratch/ours-A-S0/lattice/p/reverse-k3m1-seed43.tif,"clean held out region of pherc0139-w016 (0.1581 cm2), the organisers' online validation case during training; labels mapped from the 2.399 um grid by the affine of evidence/label-map.csv"
positive-control-0139/tools/score.py,2026-09-29T09:04:08Z,theirs,lattice,0,0,forward,seed42,2,0.6065,0.7174,86840,21956,64884,ours-A-S0 lattice,0.6678,0.7691,171693,40331,-1.2690,midpoint of the gap minima,positive-control-0139/scratch/theirs/window.tifxyz,scratch/theirs/lattice/p/forward-k0m0-seed42.tif,"clean held out region of pherc0139-w016 (0.1581 cm2), the organisers' online validation case during training; labels mapped from the 2.399 um grid by the affine of evidence/label-map.csv"
positive-control-0139/tools/score.py,2026-09-29T09:04:08Z,theirs,lattice,0,0,forward,seed42,4,0.6166,0.7182,97493,24773,72720,ours-A-S0 lattice,0.6678,0.7691,171693,40331,-1.2690,midpoint of the gap minima,positive-control-0139/scratch/theirs/window.tifxyz,scratch/theirs/lattice/p/forward-k0m0-seed42.tif,"clean held out region of pherc0139-w016 (0.1581 cm2), the organisers' online validation case during training; labels mapped from the 2.399 um grid by the affine of evidence/label-map.csv"
positive-control-0139/tools/score.py,2026-09-29T09:04:08Z,theirs,lattice,0,0,forward,seed43,2,0.6473,0.7765,86840,21956,64884,ours-A-S0 lattice,0.7188,0.8380,171693,40331,-1.2690,midpoint of the gap minima,positive-control-0139/scratch/theirs/window.tifxyz,scratch/theirs/lattice/p/forward-k0m0-seed43.tif,"clean held out region of pherc0139-w016 (0.1581 cm2), the organisers' online validation case during training; labels mapped from the 2.399 um grid by the affine of evidence/label-map.csv"
positive-control-0139/tools/score.py,2026-09-29T09:04:08Z,theirs,lattice,0,0,forward,seed43,4,0.6604,0.7856,97493,24773,72720,ours-A-S0 lattice,0.7188,0.8380,171693,40331,-1.2690,midpoint of the gap minima,positive-control-0139/scratch/theirs/window.tifxyz,scratch/theirs/lattice/p/forward-k0m0-seed43.tif,"clean held out region of pherc0139-w016 (0.1581 cm2), the organisers' online validation case during training; labels mapped from the 2.399 um grid by the affine of evidence/label-map.csv"
positive-control-0139/tools/score.py,2026-09-29T09:04:08Z,theirs,lattice,0,1,forward,seed42,2,0.5840,0.6407,86840,21956,64884,ours-A-S0 lattice,0.6454,0.7506,171693,40331,-1.2690,midpoint of the gap minima,positive-control-0139/scratch/theirs/window.tifxyz,scratch/theirs/lattice/p/forward-k0m1-seed42.tif,"clean held out region of pherc0139-w016 (0.1581 cm2), the organisers' online validation case during training; labels mapped from the 2.399 um grid by the affine of evidence/label-map.csv"
positive-control-0139/tools/score.py,2026-09-29T09:04:08Z,theirs,lattice,0,1,forward,seed42,4,0.5940,0.6661,97493,24773,72720,ours-A-S0 lattice,0.6454,0.7506,171693,40331,-1.2690,midpoint of the gap minima,positive-control-0139/scratch/theirs/window.tifxyz,scratch/theirs/lattice/p/forward-k0m1-seed42.tif,"clean held out region of pherc0139-w016 (0.1581 cm2), the organisers' online validation case during training; labels mapped from the 2.399 um grid by the affine of evidence/label-map.csv"
positive-control-0139/tools/score.py,2026-09-29T09:04:08Z,theirs,lattice,0,1,forward,seed43,2,0.6179,0.7148,86840,21956,64884,ours-A-S0 lattice,0.6761,0.7736,171693,40331,-1.2690,midpoint of the gap minima,positive-control-0139/scratch/theirs/window.tifxyz,scratch/theirs/lattice/p/forward-k0m1-seed43.tif,"clean held out region of pherc0139-w016 (0.1581 cm2), the organisers' online validation case during training; labels mapped from the 2.399 um grid by the affine of evidence/label-map.csv"
positive-control-0139/tools/score.py,2026-09-29T09:04:08Z,theirs,lattice,0,1,forward,seed43,4,0.6172,0.7242,97493,24773,72720,ours-A-S0 lattice,0.6761,0.7736,171693,40331,-1.2690,midpoint of the gap minima,positive-control-0139/scratch/theirs/window.tifxyz,scratch/theirs/lattice/p/forward-k0m1-seed43.tif,"clean held out region of pherc0139-w016 (0.1581 cm2), the organisers' online validation case during training; labels mapped from the 2.399 um grid by the affine of evidence/label-map.csv"
positive-control-0139/tools/score.py,2026-09-29T09:04:08Z,theirs,lattice,1,0,forward,seed42,2,0.6209,0.7605,86840,21956,64884,ours-A-S0 lattice,0.6778,0.8187,171693,40331,-1.2690,midpoint of the gap minima,positive-control-0139/scratch/theirs/window.tifxyz,scratch/theirs/lattice/p/forward-k1m0-seed42.tif,"clean held out region of pherc0139-w016 (0.1581 cm2), the organisers' online validation case during training; labels mapped from the 2.399 um grid by the affine of evidence/label-map.csv"
positive-control-0139/tools/score.py,2026-09-29T09:04:08Z,theirs,lattice,1,0,forward,seed42,4,0.6162,0.7572,97493,24773,72720,ours-A-S0 lattice,0.6778,0.8187,171693,40331,-1.2690,midpoint of the gap minima,positive-control-0139/scratch/theirs/window.tifxyz,scratch/theirs/lattice/p/forward-k1m0-seed42.tif,"clean held out region of pherc0139-w016 (0.1581 cm2), the organisers' online validation case during training; labels mapped from the 2.399 um grid by the affine of evidence/label-map.csv"
positive-control-0139/tools/score.py,2026-09-29T09:04:08Z,theirs,lattice,1,0,forward,seed43,2,0.6430,0.7632,86840,21956,64884,ours-A-S0 lattice,0.7067,0.8043,171693,40331,-1.2690,midpoint of the gap minima,positive-control-0139/scratch/theirs/window.tifxyz,scratch/theirs/lattice/p/forward-k1m0-seed43.tif,"clean held out region of pherc0139-w016 (0.1581 cm2), the organisers' online validation case during training; labels mapped from the 2.399 um grid by the affine of evidence/label-map.csv"
positive-control-0139/tools/score.py,2026-09-29T09:04:08Z,theirs,lattice,1,0,forward,seed43,4,0.6467,0.7747,97493,24773,72720,ours-A-S0 lattice,0.7067,0.8043,171693,40331,-1.2690,midpoint of the gap minima,positive-control-0139/scratch/theirs/window.tifxyz,scratch/theirs/lattice/p/forward-k1m0-seed43.tif,"clean held out region of pherc0139-w016 (0.1581 cm2), the organisers' online validation case during training; labels mapped from the 2.399 um grid by the affine of evidence/label-map.csv"
positive-control-0139/tools/score.py,2026-09-29T09:04:08Z,theirs,lattice,1,1,forward,seed42,2,0.6353,0.7648,86840,21956,64884,ours-A-S0 lattice,0.6850,0.8036,171693,40331,-1.2690,midpoint of the gap minima,positive-control-0139/scratch/theirs/window.tifxyz,scratch/theirs/lattice/p/forward-k1m1-seed42.tif,"clean held out region of pherc0139-w016 (0.1581 cm2), the organisers' online validation case during training; labels mapped from the 2.399 um grid by the affine of evidence/label-map.csv"
positive-control-0139/tools/score.py,2026-09-29T09:04:08Z,theirs,lattice,1,1,forward,seed42,4,0.6242,0.7554,97493,24773,72720,ours-A-S0 lattice,0.6850,0.8036,171693,40331,-1.2690,midpoint of the gap minima,positive-control-0139/scratch/theirs/window.tifxyz,scratch/theirs/lattice/p/forward-k1m1-seed42.tif,"clean held out region of pherc0139-w016 (0.1581 cm2), the organisers' online validation case during training; labels mapped from the 2.399 um grid by the affine of evidence/label-map.csv"
positive-control-0139/tools/score.py,2026-09-29T09:04:08Z,theirs,lattice,1,1,forward,seed43,2,0.7059,0.7758,86840,21956,64884,ours-A-S0 lattice,0.7671,0.8481,171693,40331,-1.2690,midpoint of the gap minima,positive-control-0139/scratch/theirs/window.tifxyz,scratch/theirs/lattice/p/forward-k1m1-seed43.tif,"clean held out region of pherc0139-w016 (0.1581 cm2), the organisers' online validation case during training; labels mapped from the 2.399 um grid by the affine of evidence/label-map.csv"
positive-control-0139/tools/score.py,2026-09-29T09:04:08Z,theirs,lattice,1,1,forward,seed43,4,0.7011,0.7805,97493,24773,72720,ours-A-S0 lattice,0.7671,0.8481,171693,40331,-1.2690,midpoint of the gap minima,positive-control-0139/scratch/theirs/window.tifxyz,scratch/theirs/lattice/p/forward-k1m1-seed43.tif,"clean held out region of pherc0139-w016 (0.1581 cm2), the organisers' online validation case during training; labels mapped from the 2.399 um grid by the affine of evidence/label-map.csv"
positive-control-0139/tools/score.py,2026-09-29T09:04:08Z,theirs,lattice,2,0,forward,seed42,2,0.6657,0.7377,86840,21956,64884,ours-A-S0 lattice,0.6927,0.7985,171693,40331,-1.2690,midpoint of the gap minima,positive-control-0139/scratch/theirs/window.tifxyz,scratch/theirs/lattice/p/forward-k2m0-seed42.tif,"clean held out region of pherc0139-w016 (0.1581 cm2), the organisers' online validation case during training; labels mapped from the 2.399 um grid by the affine of evidence/label-map.csv"
positive-control-0139/tools/score.py,2026-09-29T09:04:08Z,theirs,lattice,2,0,forward,seed42,4,0.6671,0.7410,97493,24773,72720,ours-A-S0 lattice,0.6927,0.7985,171693,40331,-1.2690,midpoint of the gap minima,positive-control-0139/scratch/theirs/window.tifxyz,scratch/theirs/lattice/p/forward-k2m0-seed42.tif,"clean held out region of pherc0139-w016 (0.1581 cm2), the organisers' online validation case during training; labels mapped from the 2.399 um grid by the affine of evidence/label-map.csv"
positive-control-0139/tools/score.py,2026-09-29T09:04:08Z,theirs,lattice,2,0,forward,seed43,2,0.6717,0.7441,86840,21956,64884,ours-A-S0 lattice,0.7231,0.8237,171693,40331,-1.2690,midpoint of the gap minima,positive-control-0139/scratch/theirs/window.tifxyz,scratch/theirs/lattice/p/forward-k2m0-seed43.tif,"clean held out region of pherc0139-w016 (0.1581 cm2), the organisers' online validation case during training; labels mapped from the 2.399 um grid by the affine of evidence/label-map.csv"
positive-control-0139/tools/score.py,2026-09-29T09:04:08Z,theirs,lattice,2,0,forward,seed43,4,0.6822,0.7668,97493,24773,72720,ours-A-S0 lattice,0.7231,0.8237,171693,40331,-1.2690,midpoint of the gap minima,positive-control-0139/scratch/theirs/window.tifxyz,scratch/theirs/lattice/p/forward-k2m0-seed43.tif,"clean held out region of pherc0139-w016 (0.1581 cm2), the organisers' online validation case during training; labels mapped from the 2.399 um grid by the affine of evidence/label-map.csv"
positive-control-0139/tools/score.py,2026-09-29T09:04:08Z,theirs,lattice,2,1,forward,seed42,2,0.6285,0.7305,86840,21956,64884,ours-A-S0 lattice,0.6643,0.7909,171693,40331,-1.2690,midpoint of the gap minima,positive-control-0139/scratch/theirs/window.tifxyz,scratch/theirs/lattice/p/forward-k2m1-seed42.tif,"clean held out region of pherc0139-w016 (0.1581 cm2), the organisers' online validation case during training; labels mapped from the 2.399 um grid by the affine of evidence/label-map.csv"
positive-control-0139/tools/score.py,2026-09-29T09:04:08Z,theirs,lattice,2,1,forward,seed42,4,0.6315,0.7241,97493,24773,72720,ours-A-S0 lattice,0.6643,0.7909,171693,40331,-1.2690,midpoint of the gap minima,positive-control-0139/scratch/theirs/window.tifxyz,scratch/theirs/lattice/p/forward-k2m1-seed42.tif,"clean held out region of pherc0139-w016 (0.1581 cm2), the organisers' online validation case during training; labels mapped from the 2.399 um grid by the affine of evidence/label-map.csv"
positive-control-0139/tools/score.py,2026-09-29T09:04:08Z,theirs,lattice,2,1,forward,seed43,2,0.6434,0.8327,86840,21956,64884,ours-A-S0 lattice,0.7044,0.8435,171693,40331,-1.2690,midpoint of the gap minima,positive-control-0139/scratch/theirs/window.tifxyz,scratch/theirs/lattice/p/forward-k2m1-seed43.tif,"clean held out region of pherc0139-w016 (0.1581 cm2), the organisers' online validation case during training; labels mapped from the 2.399 um grid by the affine of evidence/label-map.csv"
positive-control-0139/tools/score.py,2026-09-29T09:04:08Z,theirs,lattice,2,1,forward,seed43,4,0.6377,0.8307,97493,24773,72720,ours-A-S0 lattice,0.7044,0.8435,171693,40331,-1.2690,midpoint of the gap minima,positive-control-0139/scratch/theirs/window.tifxyz,scratch/theirs/lattice/p/forward-k2m1-seed43.tif,"clean held out region of pherc0139-w016 (0.1581 cm2), the organisers' online validation case during training; labels mapped from the 2.399 um grid by the affine of evidence/label-map.csv"
positive-control-0139/tools/score.py,2026-09-29T09:04:08Z,theirs,lattice,3,0,forward,seed42,2,0.6124,0.6868,86840,21956,64884,ours-A-S0 lattice,0.7106,0.8049,171693,40331,-1.2690,midpoint of the gap minima,positive-control-0139/scratch/theirs/window.tifxyz,scratch/theirs/lattice/p/forward-k3m0-seed42.tif,"clean held out region of pherc0139-w016 (0.1581 cm2), the organisers' online validation case during training; labels mapped from the 2.399 um grid by the affine of evidence/label-map.csv"
positive-control-0139/tools/score.py,2026-09-29T09:04:08Z,theirs,lattice,3,0,forward,seed42,4,0.6261,0.7072,97493,24773,72720,ours-A-S0 lattice,0.7106,0.8049,171693,40331,-1.2690,midpoint of the gap minima,positive-control-0139/scratch/theirs/window.tifxyz,scratch/theirs/lattice/p/forward-k3m0-seed42.tif,"clean held out region of pherc0139-w016 (0.1581 cm2), the organisers' online validation case during training; labels mapped from the 2.399 um grid by the affine of evidence/label-map.csv"
positive-control-0139/tools/score.py,2026-09-29T09:04:08Z,theirs,lattice,3,0,forward,seed43,2,0.5878,0.6670,86840,21956,64884,ours-A-S0 lattice,0.6848,0.7848,171693,40331,-1.2690,midpoint of the gap minima,positive-control-0139/scratch/theirs/window.tifxyz,scratch/theirs/lattice/p/forward-k3m0-seed43.tif,"clean held out region of pherc0139-w016 (0.1581 cm2), the organisers' online validation case during training; labels mapped from the 2.399 um grid by the affine of evidence/label-map.csv"
positive-control-0139/tools/score.py,2026-09-29T09:04:08Z,theirs,lattice,3,0,forward,seed43,4,0.5844,0.6774,97493,24773,72720,ours-A-S0 lattice,0.6848,0.7848,171693,40331,-1.2690,midpoint of the gap minima,positive-control-0139/scratch/theirs/window.tifxyz,scratch/theirs/lattice/p/forward-k3m0-seed43.tif,"clean held out region of pherc0139-w016 (0.1581 cm2), the organisers' online validation case during training; labels mapped from the 2.399 um grid by the affine of evidence/label-map.csv"
positive-control-0139/tools/score.py,2026-09-29T09:04:08Z,theirs,lattice,3,1,forward,seed42,2,0.7044,0.7772,86840,21956,64884,ours-A-S0 lattice,0.7609,0.8371,171693,40331,-1.2690,midpoint of the gap minima,positive-control-0139/scratch/theirs/window.tifxyz,scratch/theirs/lattice/p/forward-k3m1-seed42.tif,"clean held out region of pherc0139-w016 (0.1581 cm2), the organisers' online validation case during training; labels mapped from the 2.399 um grid by the affine of evidence/label-map.csv"
positive-control-0139/tools/score.py,2026-09-29T09:04:08Z,theirs,lattice,3,1,forward,seed42,4,0.7192,0.7914,97493,24773,72720,ours-A-S0 lattice,0.7609,0.8371,171693,40331,-1.2690,midpoint of the gap minima,positive-control-0139/scratch/theirs/window.tifxyz,scratch/theirs/lattice/p/forward-k3m1-seed42.tif,"clean held out region of pherc0139-w016 (0.1581 cm2), the organisers' online validation case during training; labels mapped from the 2.399 um grid by the affine of evidence/label-map.csv"
positive-control-0139/tools/score.py,2026-09-29T09:04:08Z,theirs,lattice,3,1,forward,seed43,2,0.7386,0.7788,86840,21956,64884,ours-A-S0 lattice,0.7605,0.8284,171693,40331,-1.2690,midpoint of the gap minima,positive-control-0139/scratch/theirs/window.tifxyz,scratch/theirs/lattice/p/forward-k3m1-seed43.tif,"clean held out region of pherc0139-w016 (0.1581 cm2), the organisers' online validation case during training; labels mapped from the 2.399 um grid by the affine of evidence/label-map.csv"
positive-control-0139/tools/score.py,2026-09-29T09:04:08Z,theirs,lattice,3,1,forward,seed43,4,0.7255,0.7826,97493,24773,72720,ours-A-S0 lattice,0.7605,0.8284,171693,40331,-1.2690,midpoint of the gap minima,positive-control-0139/scratch/theirs/window.tifxyz,scratch/theirs/lattice/p/forward-k3m1-seed43.tif,"clean held out region of pherc0139-w016 (0.1581 cm2), the organisers' online validation case during training; labels mapped from the 2.399 um grid by the affine of evidence/label-map.csv"
positive-control-0139/tools/score.py,2026-09-29T09:04:08Z,theirs,lattice,0,0,reverse,seed42,2,0.5316,0.5511,86840,21956,64884,ours-A-S0 lattice,0.5169,0.5273,171693,40331,-5.2440,midpoint of the gap minima,positive-control-0139/scratch/theirs/window.tifxyz,scratch/theirs/lattice/p/reverse-k0m0-seed42.tif,"clean held out region of pherc0139-w016 (0.1581 cm2), the organisers' online validation case during training; labels mapped from the 2.399 um grid by the affine of evidence/label-map.csv"
positive-control-0139/tools/score.py,2026-09-29T09:04:08Z,theirs,lattice,0,0,reverse,seed42,4,0.5269,0.5371,97493,24773,72720,ours-A-S0 lattice,0.5169,0.5273,171693,40331,-5.2440,midpoint of the gap minima,positive-control-0139/scratch/theirs/window.tifxyz,scratch/theirs/lattice/p/reverse-k0m0-seed42.tif,"clean held out region of pherc0139-w016 (0.1581 cm2), the organisers' online validation case during training; labels mapped from the 2.399 um grid by the affine of evidence/label-map.csv"
positive-control-0139/tools/score.py,2026-09-29T09:04:08Z,theirs,lattice,0,0,reverse,seed43,2,0.4837,0.6377,86840,21956,64884,ours-A-S0 lattice,0.4832,0.5596,171693,40331,-5.2440,midpoint of the gap minima,positive-control-0139/scratch/theirs/window.tifxyz,scratch/theirs/lattice/p/reverse-k0m0-seed43.tif,"clean held out region of pherc0139-w016 (0.1581 cm2), the organisers' online validation case during training; labels mapped from the 2.399 um grid by the affine of evidence/label-map.csv"
positive-control-0139/tools/score.py,2026-09-29T09:04:08Z,theirs,lattice,0,0,reverse,seed43,4,0.4718,0.6111,97493,24773,72720,ours-A-S0 lattice,0.4832,0.5596,171693,40331,-5.2440,midpoint of the gap minima,positive-control-0139/scratch/theirs/window.tifxyz,scratch/theirs/lattice/p/reverse-k0m0-seed43.tif,"clean held out region of pherc0139-w016 (0.1581 cm2), the organisers' online validation case during training; labels mapped from the 2.399 um grid by the affine of evidence/label-map.csv"
positive-control-0139/tools/score.py,2026-09-29T09:04:08Z,theirs,lattice,0,1,reverse,seed42,2,0.5553,0.4907,86840,21956,64884,ours-A-S0 lattice,0.5347,0.4698,171693,40331,-5.2440,midpoint of the gap minima,positive-control-0139/scratch/theirs/window.tifxyz,scratch/theirs/lattice/p/reverse-k0m1-seed42.tif,"clean held out region of pherc0139-w016 (0.1581 cm2), the organisers' online validation case during training; labels mapped from the 2.399 um grid by the affine of evidence/label-map.csv"
positive-control-0139/tools/score.py,2026-09-29T09:04:08Z,theirs,lattice,0,1,reverse,seed42,4,0.5551,0.4892,97493,24773,72720,ours-A-S0 lattice,0.5347,0.4698,171693,40331,-5.2440,midpoint of the gap minima,positive-control-0139/scratch/theirs/window.tifxyz,scratch/theirs/lattice/p/reverse-k0m1-seed42.tif,"clean held out region of pherc0139-w016 (0.1581 cm2), the organisers' online validation case during training; labels mapped from the 2.399 um grid by the affine of evidence/label-map.csv"
positive-control-0139/tools/score.py,2026-09-29T09:04:08Z,theirs,lattice,0,1,reverse,seed43,2,0.4579,0.4513,86840,21956,64884,ours-A-S0 lattice,0.4595,0.4198,171693,40331,-5.2440,midpoint of the gap minima,positive-control-0139/scratch/theirs/window.tifxyz,scratch/theirs/lattice/p/reverse-k0m1-seed43.tif,"clean held out region of pherc0139-w016 (0.1581 cm2), the organisers' online validation case during training; labels mapped from the 2.399 um grid by the affine of evidence/label-map.csv"
positive-control-0139/tools/score.py,2026-09-29T09:04:08Z,theirs,lattice,0,1,reverse,seed43,4,0.4481,0.4288,97493,24773,72720,ours-A-S0 lattice,0.4595,0.4198,171693,40331,-5.2440,midpoint of the gap minima,positive-control-0139/scratch/theirs/window.tifxyz,scratch/theirs/lattice/p/reverse-k0m1-seed43.tif,"clean held out region of pherc0139-w016 (0.1581 cm2), the organisers' online validation case during training; labels mapped from the 2.399 um grid by the affine of evidence/label-map.csv"
positive-control-0139/tools/score.py,2026-09-29T09:04:08Z,theirs,lattice,1,0,reverse,seed42,2,0.5639,0.5535,86840,21956,64884,ours-A-S0 lattice,0.5232,0.4970,171693,40331,-5.2440,midpoint of the gap minima,positive-control-0139/scratch/theirs/window.tifxyz,scratch/theirs/lattice/p/reverse-k1m0-seed42.tif,"clean held out region of pherc0139-w016 (0.1581 cm2), the organisers' online validation case during training; labels mapped from the 2.399 um grid by the affine of evidence/label-map.csv"
positive-control-0139/tools/score.py,2026-09-29T09:04:08Z,theirs,lattice,1,0,reverse,seed42,4,0.5442,0.5205,97493,24773,72720,ours-A-S0 lattice,0.5232,0.4970,171693,40331,-5.2440,midpoint of the gap minima,positive-control-0139/scratch/theirs/window.tifxyz,scratch/theirs/lattice/p/reverse-k1m0-seed42.tif,"clean held out region of pherc0139-w016 (0.1581 cm2), the organisers' online validation case during training; labels mapped from the 2.399 um grid by the affine of evidence/label-map.csv"
positive-control-0139/tools/score.py,2026-09-29T09:04:08Z,theirs,lattice,1,0,reverse,seed43,2,0.4705,0.4777,86840,21956,64884,ours-A-S0 lattice,0.4621,0.4692,171693,40331,-5.2440,midpoint of the gap minima,positive-control-0139/scratch/theirs/window.tifxyz,scratch/theirs/lattice/p/reverse-k1m0-seed43.tif,"clean held out region of pherc0139-w016 (0.1581 cm2), the organisers' online validation case during training; labels mapped from the 2.399 um grid by the affine of evidence/label-map.csv"
positive-control-0139/tools/score.py,2026-09-29T09:04:08Z,theirs,lattice,1,0,reverse,seed43,4,0.4583,0.4601,97493,24773,72720,ours-A-S0 lattice,0.4621,0.4692,171693,40331,-5.2440,midpoint of the gap minima,positive-control-0139/scratch/theirs/window.tifxyz,scratch/theirs/lattice/p/reverse-k1m0-seed43.tif,"clean held out region of pherc0139-w016 (0.1581 cm2), the organisers' online validation case during training; labels mapped from the 2.399 um grid by the affine of evidence/label-map.csv"
positive-control-0139/tools/score.py,2026-09-29T09:04:08Z,theirs,lattice,1,1,reverse,seed42,2,0.5763,0.6599,86840,21956,64884,ours-A-S0 lattice,0.5444,0.5682,171693,40331,-5.2440,midpoint of the gap minima,positive-control-0139/scratch/theirs/window.tifxyz,scratch/theirs/lattice/p/reverse-k1m1-seed42.tif,"clean held out region of pherc0139-w016 (0.1581 cm2), the organisers' online validation case during training; labels mapped from the 2.399 um grid by the affine of evidence/label-map.csv"
positive-control-0139/tools/score.py,2026-09-29T09:04:08Z,theirs,lattice,1,1,reverse,seed42,4,0.5682,0.6305,97493,24773,72720,ours-A-S0 lattice,0.5444,0.5682,171693,40331,-5.2440,midpoint of the gap minima,positive-control-0139/scratch/theirs/window.tifxyz,scratch/theirs/lattice/p/reverse-k1m1-seed42.tif,"clean held out region of pherc0139-w016 (0.1581 cm2), the organisers' online validation case during training; labels mapped from the 2.399 um grid by the affine of evidence/label-map.csv"
positive-control-0139/tools/score.py,2026-09-29T09:04:08Z,theirs,lattice,1,1,reverse,seed43,2,0.5399,0.6316,86840,21956,64884,ours-A-S0 lattice,0.5254,0.5833,171693,40331,-5.2440,midpoint of the gap minima,positive-control-0139/scratch/theirs/window.tifxyz,scratch/theirs/lattice/p/reverse-k1m1-seed43.tif,"clean held out region of pherc0139-w016 (0.1581 cm2), the organisers' online validation case during training; labels mapped from the 2.399 um grid by the affine of evidence/label-map.csv"
positive-control-0139/tools/score.py,2026-09-29T09:04:08Z,theirs,lattice,1,1,reverse,seed43,4,0.5381,0.5996,97493,24773,72720,ours-A-S0 lattice,0.5254,0.5833,171693,40331,-5.2440,midpoint of the gap minima,positive-control-0139/scratch/theirs/window.tifxyz,scratch/theirs/lattice/p/reverse-k1m1-seed43.tif,"clean held out region of pherc0139-w016 (0.1581 cm2), the organisers' online validation case during training; labels mapped from the 2.399 um grid by the affine of evidence/label-map.csv"
positive-control-0139/tools/score.py,2026-09-29T09:04:08Z,theirs,lattice,2,0,reverse,seed42,2,0.6023,0.6796,86840,21956,64884,ours-A-S0 lattice,0.5513,0.5569,171693,40331,-5.2440,midpoint of the gap minima,positive-control-0139/scratch/theirs/window.tifxyz,scratch/theirs/lattice/p/reverse-k2m0-seed42.tif,"clean held out region of pherc0139-w016 (0.1581 cm2), the organisers' online validation case during training; labels mapped from the 2.399 um grid by the affine of evidence/label-map.csv"
positive-control-0139/tools/score.py,2026-09-29T09:04:08Z,theirs,lattice,2,0,reverse,seed42,4,0.5898,0.6602,97493,24773,72720,ours-A-S0 lattice,0.5513,0.5569,171693,40331,-5.2440,midpoint of the gap minima,positive-control-0139/scratch/theirs/window.tifxyz,scratch/theirs/lattice/p/reverse-k2m0-seed42.tif,"clean held out region of pherc0139-w016 (0.1581 cm2), the organisers' online validation case during training; labels mapped from the 2.399 um grid by the affine of evidence/label-map.csv"
positive-control-0139/tools/score.py,2026-09-29T09:04:08Z,theirs,lattice,2,0,reverse,seed43,2,0.5047,0.5397,86840,21956,64884,ours-A-S0 lattice,0.4942,0.4873,171693,40331,-5.2440,midpoint of the gap minima,positive-control-0139/scratch/theirs/window.tifxyz,scratch/theirs/lattice/p/reverse-k2m0-seed43.tif,"clean held out region of pherc0139-w016 (0.1581 cm2), the organisers' online validation case during training; labels mapped from the 2.399 um grid by the affine of evidence/label-map.csv"
positive-control-0139/tools/score.py,2026-09-29T09:04:08Z,theirs,lattice,2,0,reverse,seed43,4,0.5021,0.5167,97493,24773,72720,ours-A-S0 lattice,0.4942,0.4873,171693,40331,-5.2440,midpoint of the gap minima,positive-control-0139/scratch/theirs/window.tifxyz,scratch/theirs/lattice/p/reverse-k2m0-seed43.tif,"clean held out region of pherc0139-w016 (0.1581 cm2), the organisers' online validation case during training; labels mapped from the 2.399 um grid by the affine of evidence/label-map.csv"
positive-control-0139/tools/score.py,2026-09-29T09:04:08Z,theirs,lattice,2,1,reverse,seed42,2,0.4884,0.4518,86840,21956,64884,ours-A-S0 lattice,0.5054,0.4389,171693,40331,-5.2440,midpoint of the gap minima,positive-control-0139/scratch/theirs/window.tifxyz,scratch/theirs/lattice/p/reverse-k2m1-seed42.tif,"clean held out region of pherc0139-w016 (0.1581 cm2), the organisers' online validation case during training; labels mapped from the 2.399 um grid by the affine of evidence/label-map.csv"
positive-control-0139/tools/score.py,2026-09-29T09:04:08Z,theirs,lattice,2,1,reverse,seed42,4,0.4902,0.4297,97493,24773,72720,ours-A-S0 lattice,0.5054,0.4389,171693,40331,-5.2440,midpoint of the gap minima,positive-control-0139/scratch/theirs/window.tifxyz,scratch/theirs/lattice/p/reverse-k2m1-seed42.tif,"clean held out region of pherc0139-w016 (0.1581 cm2), the organisers' online validation case during training; labels mapped from the 2.399 um grid by the affine of evidence/label-map.csv"
positive-control-0139/tools/score.py,2026-09-29T09:04:08Z,theirs,lattice,2,1,reverse,seed43,2,0.5250,0.5469,86840,21956,64884,ours-A-S0 lattice,0.5228,0.4781,171693,40331,-5.2440,midpoint of the gap minima,positive-control-0139/scratch/theirs/window.tifxyz,scratch/theirs/lattice/p/reverse-k2m1-seed43.tif,"clean held out region of pherc0139-w016 (0.1581 cm2), the organisers' online validation case during training; labels mapped from the 2.399 um grid by the affine of evidence/label-map.csv"
positive-control-0139/tools/score.py,2026-09-29T09:04:08Z,theirs,lattice,2,1,reverse,seed43,4,0.5187,0.5141,97493,24773,72720,ours-A-S0 lattice,0.5228,0.4781,171693,40331,-5.2440,midpoint of the gap minima,positive-control-0139/scratch/theirs/window.tifxyz,scratch/theirs/lattice/p/reverse-k2m1-seed43.tif,"clean held out region of pherc0139-w016 (0.1581 cm2), the organisers' online validation case during training; labels mapped from the 2.399 um grid by the affine of evidence/label-map.csv"
positive-control-0139/tools/score.py,2026-09-29T09:04:08Z,theirs,lattice,3,0,reverse,seed42,2,0.5244,0.6350,86840,21956,64884,ours-A-S0 lattice,0.5117,0.5804,171693,40331,-5.2440,midpoint of the gap minima,positive-control-0139/scratch/theirs/window.tifxyz,scratch/theirs/lattice/p/reverse-k3m0-seed42.tif,"clean held out region of pherc0139-w016 (0.1581 cm2), the organisers' online validation case during training; labels mapped from the 2.399 um grid by the affine of evidence/label-map.csv"
positive-control-0139/tools/score.py,2026-09-29T09:04:08Z,theirs,lattice,3,0,reverse,seed42,4,0.5226,0.6376,97493,24773,72720,ours-A-S0 lattice,0.5117,0.5804,171693,40331,-5.2440,midpoint of the gap minima,positive-control-0139/scratch/theirs/window.tifxyz,scratch/theirs/lattice/p/reverse-k3m0-seed42.tif,"clean held out region of pherc0139-w016 (0.1581 cm2), the organisers' online validation case during training; labels mapped from the 2.399 um grid by the affine of evidence/label-map.csv"
positive-control-0139/tools/score.py,2026-09-29T09:04:08Z,theirs,lattice,3,0,reverse,seed43,2,0.4341,0.4936,86840,21956,64884,ours-A-S0 lattice,0.4576,0.4998,171693,40331,-5.2440,midpoint of the gap minima,positive-control-0139/scratch/theirs/window.tifxyz,scratch/theirs/lattice/p/reverse-k3m0-seed43.tif,"clean held out region of pherc0139-w016 (0.1581 cm2), the organisers' online validation case during training; labels mapped from the 2.399 um grid by the affine of evidence/label-map.csv"
positive-control-0139/tools/score.py,2026-09-29T09:04:08Z,theirs,lattice,3,0,reverse,seed43,4,0.4262,0.4925,97493,24773,72720,ours-A-S0 lattice,0.4576,0.4998,171693,40331,-5.2440,midpoint of the gap minima,positive-control-0139/scratch/theirs/window.tifxyz,scratch/theirs/lattice/p/reverse-k3m0-seed43.tif,"clean held out region of pherc0139-w016 (0.1581 cm2), the organisers' online validation case during training; labels mapped from the 2.399 um grid by the affine of evidence/label-map.csv"
positive-control-0139/tools/score.py,2026-09-29T09:04:08Z,theirs,lattice,3,1,reverse,seed42,2,0.4483,0.4375,86840,21956,64884,ours-A-S0 lattice,0.4626,0.4740,171693,40331,-5.2440,midpoint of the gap minima,positive-control-0139/scratch/theirs/window.tifxyz,scratch/theirs/lattice/p/reverse-k3m1-seed42.tif,"clean held out region of pherc0139-w016 (0.1581 cm2), the organisers' online validation case during training; labels mapped from the 2.399 um grid by the affine of evidence/label-map.csv"
positive-control-0139/tools/score.py,2026-09-29T09:04:08Z,theirs,lattice,3,1,reverse,seed42,4,0.4453,0.4094,97493,24773,72720,ours-A-S0 lattice,0.4626,0.4740,171693,40331,-5.2440,midpoint of the gap minima,positive-control-0139/scratch/theirs/window.tifxyz,scratch/theirs/lattice/p/reverse-k3m1-seed42.tif,"clean held out region of pherc0139-w016 (0.1581 cm2), the organisers' online validation case during training; labels mapped from the 2.399 um grid by the affine of evidence/label-map.csv"
positive-control-0139/tools/score.py,2026-09-29T09:04:08Z,theirs,lattice,3,1,reverse,seed43,2,0.4897,0.5452,86840,21956,64884,ours-A-S0 lattice,0.4878,0.4596,171693,40331,-5.2440,midpoint of the gap minima,positive-control-0139/scratch/theirs/window.tifxyz,scratch/theirs/lattice/p/reverse-k3m1-seed43.tif,"clean held out region of pherc0139-w016 (0.1581 cm2), the organisers' online validation case during training; labels mapped from the 2.399 um grid by the affine of evidence/label-map.csv"
positive-control-0139/tools/score.py,2026-09-29T09:04:08Z,theirs,lattice,3,1,reverse,seed43,4,0.4901,0.5432,97493,24773,72720,ours-A-S0 lattice,0.4878,0.4596,171693,40331,-5.2440,midpoint of the gap minima,positive-control-0139/scratch/theirs/window.tifxyz,scratch/theirs/lattice/p/reverse-k3m1-seed43.tif,"clean held out region of pherc0139-w016 (0.1581 cm2), the organisers' online validation case during training; labels mapped from the 2.399 um grid by the affine of evidence/label-map.csv"
positive-control-0139/tools/score.py,2026-09-29T09:12:32Z,ours-A-S0,c,0,0,forward,seed42,2,0.4811,0.3588,86840,21956,64884,theirs lattice,0.4811,0.3588,86840,21956,5.1795,midpoint of the gap minima,positive-control-0139/scratch/ours-A-S0/window.tifxyz,scratch/ours-A-S0/c/p/forward-k0m0-seed42.tif,"clean held out region of pherc0139-w016 (0.1581 cm2), the organisers' online validation case during training; labels mapped from the 2.399 um grid by the affine of evidence/label-map.csv"
positive-control-0139/tools/score.py,2026-09-29T09:12:32Z,ours-A-S0,c,0,0,forward,seed42,4,0.4813,0.3608,97493,24773,72720,theirs lattice,0.4813,0.3608,97493,24773,5.1795,midpoint of the gap minima,positive-control-0139/scratch/ours-A-S0/window.tifxyz,scratch/ours-A-S0/c/p/forward-k0m0-seed42.tif,"clean held out region of pherc0139-w016 (0.1581 cm2), the organisers' online validation case during training; labels mapped from the 2.399 um grid by the affine of evidence/label-map.csv"
positive-control-0139/tools/score.py,2026-09-29T09:12:32Z,ours-A-S0,c,0,0,forward,seed43,2,0.4924,0.4702,86840,21956,64884,theirs lattice,0.4924,0.4702,86840,21956,5.1795,midpoint of the gap minima,positive-control-0139/scratch/ours-A-S0/window.tifxyz,scratch/ours-A-S0/c/p/forward-k0m0-seed43.tif,"clean held out region of pherc0139-w016 (0.1581 cm2), the organisers' online validation case during training; labels mapped from the 2.399 um grid by the affine of evidence/label-map.csv"
positive-control-0139/tools/score.py,2026-09-29T09:12:32Z,ours-A-S0,c,0,0,forward,seed43,4,0.4906,0.4611,97493,24773,72720,theirs lattice,0.4906,0.4611,97493,24773,5.1795,midpoint of the gap minima,positive-control-0139/scratch/ours-A-S0/window.tifxyz,scratch/ours-A-S0/c/p/forward-k0m0-seed43.tif,"clean held out region of pherc0139-w016 (0.1581 cm2), the organisers' online validation case during training; labels mapped from the 2.399 um grid by the affine of evidence/label-map.csv"
positive-control-0139/tools/score.py,2026-09-29T09:12:32Z,ours-A-S0,c,0,1,forward,seed42,2,0.5484,0.5248,86840,21956,64884,theirs lattice,0.5484,0.5248,86840,21956,5.1795,midpoint of the gap minima,positive-control-0139/scratch/ours-A-S0/window.tifxyz,scratch/ours-A-S0/c/p/forward-k0m1-seed42.tif,"clean held out region of pherc0139-w016 (0.1581 cm2), the organisers' online validation case during training; labels mapped from the 2.399 um grid by the affine of evidence/label-map.csv"
positive-control-0139/tools/score.py,2026-09-29T09:12:33Z,ours-A-S0,c,0,1,forward,seed42,4,0.5418,0.5296,97493,24773,72720,theirs lattice,0.5418,0.5296,97493,24773,5.1795,midpoint of the gap minima,positive-control-0139/scratch/ours-A-S0/window.tifxyz,scratch/ours-A-S0/c/p/forward-k0m1-seed42.tif,"clean held out region of pherc0139-w016 (0.1581 cm2), the organisers' online validation case during training; labels mapped from the 2.399 um grid by the affine of evidence/label-map.csv"
positive-control-0139/tools/score.py,2026-09-29T09:12:33Z,ours-A-S0,c,0,1,forward,seed43,2,0.5625,0.5547,86840,21956,64884,theirs lattice,0.5625,0.5547,86840,21956,5.1795,midpoint of the gap minima,positive-control-0139/scratch/ours-A-S0/window.tifxyz,scratch/ours-A-S0/c/p/forward-k0m1-seed43.tif,"clean held out region of pherc0139-w016 (0.1581 cm2), the organisers' online validation case during training; labels mapped from the 2.399 um grid by the affine of evidence/label-map.csv"
positive-control-0139/tools/score.py,2026-09-29T09:12:33Z,ours-A-S0,c,0,1,forward,seed43,4,0.5550,0.5463,97493,24773,72720,theirs lattice,0.5550,0.5463,97493,24773,5.1795,midpoint of the gap minima,positive-control-0139/scratch/ours-A-S0/window.tifxyz,scratch/ours-A-S0/c/p/forward-k0m1-seed43.tif,"clean held out region of pherc0139-w016 (0.1581 cm2), the organisers' online validation case during training; labels mapped from the 2.399 um grid by the affine of evidence/label-map.csv"
positive-control-0139/tools/score.py,2026-09-29T09:12:33Z,ours-A-S0,c,1,0,forward,seed42,2,0.4915,0.4340,86840,21956,64884,theirs lattice,0.4915,0.4340,86840,21956,5.1795,midpoint of the gap minima,positive-control-0139/scratch/ours-A-S0/window.tifxyz,scratch/ours-A-S0/c/p/forward-k1m0-seed42.tif,"clean held out region of pherc0139-w016 (0.1581 cm2), the organisers' online validation case during training; labels mapped from the 2.399 um grid by the affine of evidence/label-map.csv"
positive-control-0139/tools/score.py,2026-09-29T09:12:33Z,ours-A-S0,c,1,0,forward,seed42,4,0.4919,0.4179,97493,24773,72720,theirs lattice,0.4919,0.4179,97493,24773,5.1795,midpoint of the gap minima,positive-control-0139/scratch/ours-A-S0/window.tifxyz,scratch/ours-A-S0/c/p/forward-k1m0-seed42.tif,"clean held out region of pherc0139-w016 (0.1581 cm2), the organisers' online validation case during training; labels mapped from the 2.399 um grid by the affine of evidence/label-map.csv"
positive-control-0139/tools/score.py,2026-09-29T09:12:33Z,ours-A-S0,c,1,0,forward,seed43,2,0.5398,0.5427,86840,21956,64884,theirs lattice,0.5398,0.5427,86840,21956,5.1795,midpoint of the gap minima,positive-control-0139/scratch/ours-A-S0/window.tifxyz,scratch/ours-A-S0/c/p/forward-k1m0-seed43.tif,"clean held out region of pherc0139-w016 (0.1581 cm2), the organisers' online validation case during training; labels mapped from the 2.399 um grid by the affine of evidence/label-map.csv"
positive-control-0139/tools/score.py,2026-09-29T09:12:33Z,ours-A-S0,c,1,0,forward,seed43,4,0.5347,0.5301,97493,24773,72720,theirs lattice,0.5347,0.5301,97493,24773,5.1795,midpoint of the gap minima,positive-control-0139/scratch/ours-A-S0/window.tifxyz,scratch/ours-A-S0/c/p/forward-k1m0-seed43.tif,"clean held out region of pherc0139-w016 (0.1581 cm2), the organisers' online validation case during training; labels mapped from the 2.399 um grid by the affine of evidence/label-map.csv"
positive-control-0139/tools/score.py,2026-09-29T09:12:33Z,ours-A-S0,c,1,1,forward,seed42,2,0.4796,0.4163,86840,21956,64884,theirs lattice,0.4796,0.4163,86840,21956,5.1795,midpoint of the gap minima,positive-control-0139/scratch/ours-A-S0/window.tifxyz,scratch/ours-A-S0/c/p/forward-k1m1-seed42.tif,"clean held out region of pherc0139-w016 (0.1581 cm2), the organisers' online validation case during training; labels mapped from the 2.399 um grid by the affine of evidence/label-map.csv"
positive-control-0139/tools/score.py,2026-09-29T09:12:33Z,ours-A-S0,c,1,1,forward,seed42,4,0.4787,0.4180,97493,24773,72720,theirs lattice,0.4787,0.4180,97493,24773,5.1795,midpoint of the gap minima,positive-control-0139/scratch/ours-A-S0/window.tifxyz,scratch/ours-A-S0/c/p/forward-k1m1-seed42.tif,"clean held out region of pherc0139-w016 (0.1581 cm2), the organisers' online validation case during training; labels mapped from the 2.399 um grid by the affine of evidence/label-map.csv"
positive-control-0139/tools/score.py,2026-09-29T09:12:33Z,ours-A-S0,c,1,1,forward,seed43,2,0.4907,0.4251,86840,21956,64884,theirs lattice,0.4907,0.4251,86840,21956,5.1795,midpoint of the gap minima,positive-control-0139/scratch/ours-A-S0/window.tifxyz,scratch/ours-A-S0/c/p/forward-k1m1-seed43.tif,"clean held out region of pherc0139-w016 (0.1581 cm2), the organisers' online validation case during training; labels mapped from the 2.399 um grid by the affine of evidence/label-map.csv"
positive-control-0139/tools/score.py,2026-09-29T09:12:33Z,ours-A-S0,c,1,1,forward,seed43,4,0.4890,0.4113,97493,24773,72720,theirs lattice,0.4890,0.4113,97493,24773,5.1795,midpoint of the gap minima,positive-control-0139/scratch/ours-A-S0/window.tifxyz,scratch/ours-A-S0/c/p/forward-k1m1-seed43.tif,"clean held out region of pherc0139-w016 (0.1581 cm2), the organisers' online validation case during training; labels mapped from the 2.399 um grid by the affine of evidence/label-map.csv"
positive-control-0139/tools/score.py,2026-09-29T09:12:33Z,ours-A-S0,c,2,0,forward,seed42,2,0.4930,0.4435,86840,21956,64884,theirs lattice,0.4930,0.4435,86840,21956,5.1795,midpoint of the gap minima,positive-control-0139/scratch/ours-A-S0/window.tifxyz,scratch/ours-A-S0/c/p/forward-k2m0-seed42.tif,"clean held out region of pherc0139-w016 (0.1581 cm2), the organisers' online validation case during training; labels mapped from the 2.399 um grid by the affine of evidence/label-map.csv"
positive-control-0139/tools/score.py,2026-09-29T09:12:33Z,ours-A-S0,c,2,0,forward,seed42,4,0.4924,0.4453,97493,24773,72720,theirs lattice,0.4924,0.4453,97493,24773,5.1795,midpoint of the gap minima,positive-control-0139/scratch/ours-A-S0/window.tifxyz,scratch/ours-A-S0/c/p/forward-k2m0-seed42.tif,"clean held out region of pherc0139-w016 (0.1581 cm2), the organisers' online validation case during training; labels mapped from the 2.399 um grid by the affine of evidence/label-map.csv"
positive-control-0139/tools/score.py,2026-09-29T09:12:33Z,ours-A-S0,c,2,0,forward,seed43,2,0.5190,0.4437,86840,21956,64884,theirs lattice,0.5190,0.4437,86840,21956,5.1795,midpoint of the gap minima,positive-control-0139/scratch/ours-A-S0/window.tifxyz,scratch/ours-A-S0/c/p/forward-k2m0-seed43.tif,"clean held out region of pherc0139-w016 (0.1581 cm2), the organisers' online validation case during training; labels mapped from the 2.399 um grid by the affine of evidence/label-map.csv"
positive-control-0139/tools/score.py,2026-09-29T09:12:33Z,ours-A-S0,c,2,0,forward,seed43,4,0.5143,0.4321,97493,24773,72720,theirs lattice,0.5143,0.4321,97493,24773,5.1795,midpoint of the gap minima,positive-control-0139/scratch/ours-A-S0/window.tifxyz,scratch/ours-A-S0/c/p/forward-k2m0-seed43.tif,"clean held out region of pherc0139-w016 (0.1581 cm2), the organisers' online validation case during training; labels mapped from the 2.399 um grid by the affine of evidence/label-map.csv"
positive-control-0139/tools/score.py,2026-09-29T09:12:33Z,ours-A-S0,c,2,1,forward,seed42,2,0.5005,0.3455,86840,21956,64884,theirs lattice,0.5005,0.3455,86840,21956,5.1795,midpoint of the gap minima,positive-control-0139/scratch/ours-A-S0/window.tifxyz,scratch/ours-A-S0/c/p/forward-k2m1-seed42.tif,"clean held out region of pherc0139-w016 (0.1581 cm2), the organisers' online validation case during training; labels mapped from the 2.399 um grid by the affine of evidence/label-map.csv"
positive-control-0139/tools/score.py,2026-09-29T09:12:33Z,ours-A-S0,c,2,1,forward,seed42,4,0.5006,0.3381,97493,24773,72720,theirs lattice,0.5006,0.3381,97493,24773,5.1795,midpoint of the gap minima,positive-control-0139/scratch/ours-A-S0/window.tifxyz,scratch/ours-A-S0/c/p/forward-k2m1-seed42.tif,"clean held out region of pherc0139-w016 (0.1581 cm2), the organisers' online validation case during training; labels mapped from the 2.399 um grid by the affine of evidence/label-map.csv"
positive-control-0139/tools/score.py,2026-09-29T09:12:33Z,ours-A-S0,c,2,1,forward,seed43,2,0.4804,0.5355,86840,21956,64884,theirs lattice,0.4804,0.5355,86840,21956,5.1795,midpoint of the gap minima,positive-control-0139/scratch/ours-A-S0/window.tifxyz,scratch/ours-A-S0/c/p/forward-k2m1-seed43.tif,"clean held out region of pherc0139-w016 (0.1581 cm2), the organisers' online validation case during training; labels mapped from the 2.399 um grid by the affine of evidence/label-map.csv"
positive-control-0139/tools/score.py,2026-09-29T09:12:33Z,ours-A-S0,c,2,1,forward,seed43,4,0.4792,0.5376,97493,24773,72720,theirs lattice,0.4792,0.5376,97493,24773,5.1795,midpoint of the gap minima,positive-control-0139/scratch/ours-A-S0/window.tifxyz,scratch/ours-A-S0/c/p/forward-k2m1-seed43.tif,"clean held out region of pherc0139-w016 (0.1581 cm2), the organisers' online validation case during training; labels mapped from the 2.399 um grid by the affine of evidence/label-map.csv"
positive-control-0139/tools/score.py,2026-09-29T09:12:33Z,ours-A-S0,c,3,0,forward,seed42,2,0.4933,0.4614,86840,21956,64884,theirs lattice,0.4933,0.4614,86840,21956,5.1795,midpoint of the gap minima,positive-control-0139/scratch/ours-A-S0/window.tifxyz,scratch/ours-A-S0/c/p/forward-k3m0-seed42.tif,"clean held out region of pherc0139-w016 (0.1581 cm2), the organisers' online validation case during training; labels mapped from the 2.399 um grid by the affine of evidence/label-map.csv"
positive-control-0139/tools/score.py,2026-09-29T09:12:33Z,ours-A-S0,c,3,0,forward,seed42,4,0.4936,0.4859,97493,24773,72720,theirs lattice,0.4936,0.4859,97493,24773,5.1795,midpoint of the gap minima,positive-control-0139/scratch/ours-A-S0/window.tifxyz,scratch/ours-A-S0/c/p/forward-k3m0-seed42.tif,"clean held out region of pherc0139-w016 (0.1581 cm2), the organisers' online validation case during training; labels mapped from the 2.399 um grid by the affine of evidence/label-map.csv"
positive-control-0139/tools/score.py,2026-09-29T09:12:33Z,ours-A-S0,c,3,0,forward,seed43,2,0.4583,0.4034,86840,21956,64884,theirs lattice,0.4583,0.4034,86840,21956,5.1795,midpoint of the gap minima,positive-control-0139/scratch/ours-A-S0/window.tifxyz,scratch/ours-A-S0/c/p/forward-k3m0-seed43.tif,"clean held out region of pherc0139-w016 (0.1581 cm2), the organisers' online validation case during training; labels mapped from the 2.399 um grid by the affine of evidence/label-map.csv"
positive-control-0139/tools/score.py,2026-09-29T09:12:33Z,ours-A-S0,c,3,0,forward,seed43,4,0.4510,0.4076,97493,24773,72720,theirs lattice,0.4510,0.4076,97493,24773,5.1795,midpoint of the gap minima,positive-control-0139/scratch/ours-A-S0/window.tifxyz,scratch/ours-A-S0/c/p/forward-k3m0-seed43.tif,"clean held out region of pherc0139-w016 (0.1581 cm2), the organisers' online validation case during training; labels mapped from the 2.399 um grid by the affine of evidence/label-map.csv"
positive-control-0139/tools/score.py,2026-09-29T09:12:33Z,ours-A-S0,c,3,1,forward,seed42,2,0.4838,0.4277,86840,21956,64884,theirs lattice,0.4838,0.4277,86840,21956,5.1795,midpoint of the gap minima,positive-control-0139/scratch/ours-A-S0/window.tifxyz,scratch/ours-A-S0/c/p/forward-k3m1-seed42.tif,"clean held out region of pherc0139-w016 (0.1581 cm2), the organisers' online validation case during training; labels mapped from the 2.399 um grid by the affine of evidence/label-map.csv"
positive-control-0139/tools/score.py,2026-09-29T09:12:33Z,ours-A-S0,c,3,1,forward,seed42,4,0.4834,0.4352,97493,24773,72720,theirs lattice,0.4834,0.4352,97493,24773,5.1795,midpoint of the gap minima,positive-control-0139/scratch/ours-A-S0/window.tifxyz,scratch/ours-A-S0/c/p/forward-k3m1-seed42.tif,"clean held out region of pherc0139-w016 (0.1581 cm2), the organisers' online validation case during training; labels mapped from the 2.399 um grid by the affine of evidence/label-map.csv"
positive-control-0139/tools/score.py,2026-09-29T09:12:33Z,ours-A-S0,c,3,1,forward,seed43,2,0.4989,0.6426,86840,21956,64884,theirs lattice,0.4989,0.6426,86840,21956,5.1795,midpoint of the gap minima,positive-control-0139/scratch/ours-A-S0/window.tifxyz,scratch/ours-A-S0/c/p/forward-k3m1-seed43.tif,"clean held out region of pherc0139-w016 (0.1581 cm2), the organisers' online validation case during training; labels mapped from the 2.399 um grid by the affine of evidence/label-map.csv"
positive-control-0139/tools/score.py,2026-09-29T09:12:33Z,ours-A-S0,c,3,1,forward,seed43,4,0.5008,0.6438,97493,24773,72720,theirs lattice,0.5008,0.6438,97493,24773,5.1795,midpoint of the gap minima,positive-control-0139/scratch/ours-A-S0/window.tifxyz,scratch/ours-A-S0/c/p/forward-k3m1-seed43.tif,"clean held out region of pherc0139-w016 (0.1581 cm2), the organisers' online validation case during training; labels mapped from the 2.399 um grid by the affine of evidence/label-map.csv"
positive-control-0139/tools/score.py,2026-09-29T09:12:33Z,ours-A-S0,c,0,0,reverse,seed42,2,0.5068,0.5506,86840,21956,64884,theirs lattice,0.5068,0.5506,86840,21956,1.2045,midpoint of the gap minima,positive-control-0139/scratch/ours-A-S0/window.tifxyz,scratch/ours-A-S0/c/p/reverse-k0m0-seed42.tif,"clean held out region of pherc0139-w016 (0.1581 cm2), the organisers' online validation case during training; labels mapped from the 2.399 um grid by the affine of evidence/label-map.csv"
positive-control-0139/tools/score.py,2026-09-29T09:12:33Z,ours-A-S0,c,0,0,reverse,seed42,4,0.5077,0.5636,97493,24773,72720,theirs lattice,0.5077,0.5636,97493,24773,1.2045,midpoint of the gap minima,positive-control-0139/scratch/ours-A-S0/window.tifxyz,scratch/ours-A-S0/c/p/reverse-k0m0-seed42.tif,"clean held out region of pherc0139-w016 (0.1581 cm2), the organisers' online validation case during training; labels mapped from the 2.399 um grid by the affine of evidence/label-map.csv"
positive-control-0139/tools/score.py,2026-09-29T09:12:33Z,ours-A-S0,c,0,0,reverse,seed43,2,0.4496,0.3860,86840,21956,64884,theirs lattice,0.4496,0.3860,86840,21956,1.2045,midpoint of the gap minima,positive-control-0139/scratch/ours-A-S0/window.tifxyz,scratch/ours-A-S0/c/p/reverse-k0m0-seed43.tif,"clean held out region of pherc0139-w016 (0.1581 cm2), the organisers' online validation case during training; labels mapped from the 2.399 um grid by the affine of evidence/label-map.csv"
positive-control-0139/tools/score.py,2026-09-29T09:12:33Z,ours-A-S0,c,0,0,reverse,seed43,4,0.4632,0.4271,97493,24773,72720,theirs lattice,0.4632,0.4271,97493,24773,1.2045,midpoint of the gap minima,positive-control-0139/scratch/ours-A-S0/window.tifxyz,scratch/ours-A-S0/c/p/reverse-k0m0-seed43.tif,"clean held out region of pherc0139-w016 (0.1581 cm2), the organisers' online validation case during training; labels mapped from the 2.399 um grid by the affine of evidence/label-map.csv"
positive-control-0139/tools/score.py,2026-09-29T09:12:33Z,ours-A-S0,c,0,1,reverse,seed42,2,0.5423,0.5222,86840,21956,64884,theirs lattice,0.5423,0.5222,86840,21956,1.2045,midpoint of the gap minima,positive-control-0139/scratch/ours-A-S0/window.tifxyz,scratch/ours-A-S0/c/p/reverse-k0m1-seed42.tif,"clean held out region of pherc0139-w016 (0.1581 cm2), the organisers' online validation case during training; labels mapped from the 2.399 um grid by the affine of evidence/label-map.csv"
positive-control-0139/tools/score.py,2026-09-29T09:12:33Z,ours-A-S0,c,0,1,reverse,seed42,4,0.5347,0.5082,97493,24773,72720,theirs lattice,0.5347,0.5082,97493,24773,1.2045,midpoint of the gap minima,positive-control-0139/scratch/ours-A-S0/window.tifxyz,scratch/ours-A-S0/c/p/reverse-k0m1-seed42.tif,"clean held out region of pherc0139-w016 (0.1581 cm2), the organisers' online validation case during training; labels mapped from the 2.399 um grid by the affine of evidence/label-map.csv"
positive-control-0139/tools/score.py,2026-09-29T09:12:33Z,ours-A-S0,c,0,1,reverse,seed43,2,0.6171,0.5705,86840,21956,64884,theirs lattice,0.6171,0.5705,86840,21956,1.2045,midpoint of the gap minima,positive-control-0139/scratch/ours-A-S0/window.tifxyz,scratch/ours-A-S0/c/p/reverse-k0m1-seed43.tif,"clean held out region of pherc0139-w016 (0.1581 cm2), the organisers' online validation case during training; labels mapped from the 2.399 um grid by the affine of evidence/label-map.csv"
positive-control-0139/tools/score.py,2026-09-29T09:12:33Z,ours-A-S0,c,0,1,reverse,seed43,4,0.6124,0.5686,97493,24773,72720,theirs lattice,0.6124,0.5686,97493,24773,1.2045,midpoint of the gap minima,positive-control-0139/scratch/ours-A-S0/window.tifxyz,scratch/ours-A-S0/c/p/reverse-k0m1-seed43.tif,"clean held out region of pherc0139-w016 (0.1581 cm2), the organisers' online validation case during training; labels mapped from the 2.399 um grid by the affine of evidence/label-map.csv"
positive-control-0139/tools/score.py,2026-09-29T09:12:33Z,ours-A-S0,c,1,0,reverse,seed42,2,0.5933,0.6456,86840,21956,64884,theirs lattice,0.5933,0.6456,86840,21956,1.2045,midpoint of the gap minima,positive-control-0139/scratch/ours-A-S0/window.tifxyz,scratch/ours-A-S0/c/p/reverse-k1m0-seed42.tif,"clean held out region of pherc0139-w016 (0.1581 cm2), the organisers' online validation case during training; labels mapped from the 2.399 um grid by the affine of evidence/label-map.csv"
positive-control-0139/tools/score.py,2026-09-29T09:12:33Z,ours-A-S0,c,1,0,reverse,seed42,4,0.5994,0.6439,97493,24773,72720,theirs lattice,0.5994,0.6439,97493,24773,1.2045,midpoint of the gap minima,positive-control-0139/scratch/ours-A-S0/window.tifxyz,scratch/ours-A-S0/c/p/reverse-k1m0-seed42.tif,"clean held out region of pherc0139-w016 (0.1581 cm2), the organisers' online validation case during training; labels mapped from the 2.399 um grid by the affine of evidence/label-map.csv"
positive-control-0139/tools/score.py,2026-09-29T09:12:33Z,ours-A-S0,c,1,0,reverse,seed43,2,0.6019,0.6462,86840,21956,64884,theirs lattice,0.6019,0.6462,86840,21956,1.2045,midpoint of the gap minima,positive-control-0139/scratch/ours-A-S0/window.tifxyz,scratch/ours-A-S0/c/p/reverse-k1m0-seed43.tif,"clean held out region of pherc0139-w016 (0.1581 cm2), the organisers' online validation case during training; labels mapped from the 2.399 um grid by the affine of evidence/label-map.csv"
positive-control-0139/tools/score.py,2026-09-29T09:12:33Z,ours-A-S0,c,1,0,reverse,seed43,4,0.6006,0.6503,97493,24773,72720,theirs lattice,0.6006,0.6503,97493,24773,1.2045,midpoint of the gap minima,positive-control-0139/scratch/ours-A-S0/window.tifxyz,scratch/ours-A-S0/c/p/reverse-k1m0-seed43.tif,"clean held out region of pherc0139-w016 (0.1581 cm2), the organisers' online validation case during training; labels mapped from the 2.399 um grid by the affine of evidence/label-map.csv"
positive-control-0139/tools/score.py,2026-09-29T09:12:33Z,ours-A-S0,c,1,1,reverse,seed42,2,0.5968,0.6100,86840,21956,64884,theirs lattice,0.5968,0.6100,86840,21956,1.2045,midpoint of the gap minima,positive-control-0139/scratch/ours-A-S0/window.tifxyz,scratch/ours-A-S0/c/p/reverse-k1m1-seed42.tif,"clean held out region of pherc0139-w016 (0.1581 cm2), the organisers' online validation case during training; labels mapped from the 2.399 um grid by the affine of evidence/label-map.csv"
positive-control-0139/tools/score.py,2026-09-29T09:12:33Z,ours-A-S0,c,1,1,reverse,seed42,4,0.5855,0.6096,97493,24773,72720,theirs lattice,0.5855,0.6096,97493,24773,1.2045,midpoint of the gap minima,positive-control-0139/scratch/ours-A-S0/window.tifxyz,scratch/ours-A-S0/c/p/reverse-k1m1-seed42.tif,"clean held out region of pherc0139-w016 (0.1581 cm2), the organisers' online validation case during training; labels mapped from the 2.399 um grid by the affine of evidence/label-map.csv"
positive-control-0139/tools/score.py,2026-09-29T09:12:33Z,ours-A-S0,c,1,1,reverse,seed43,2,0.5223,0.6735,86840,21956,64884,theirs lattice,0.5223,0.6735,86840,21956,1.2045,midpoint of the gap minima,positive-control-0139/scratch/ours-A-S0/window.tifxyz,scratch/ours-A-S0/c/p/reverse-k1m1-seed43.tif,"clean held out region of pherc0139-w016 (0.1581 cm2), the organisers' online validation case during training; labels mapped from the 2.399 um grid by the affine of evidence/label-map.csv"
positive-control-0139/tools/score.py,2026-09-29T09:12:33Z,ours-A-S0,c,1,1,reverse,seed43,4,0.5378,0.6854,97493,24773,72720,theirs lattice,0.5378,0.6854,97493,24773,1.2045,midpoint of the gap minima,positive-control-0139/scratch/ours-A-S0/window.tifxyz,scratch/ours-A-S0/c/p/reverse-k1m1-seed43.tif,"clean held out region of pherc0139-w016 (0.1581 cm2), the organisers' online validation case during training; labels mapped from the 2.399 um grid by the affine of evidence/label-map.csv"
positive-control-0139/tools/score.py,2026-09-29T09:12:33Z,ours-A-S0,c,2,0,reverse,seed42,2,0.5420,0.6259,86840,21956,64884,theirs lattice,0.5420,0.6259,86840,21956,1.2045,midpoint of the gap minima,positive-control-0139/scratch/ours-A-S0/window.tifxyz,scratch/ours-A-S0/c/p/reverse-k2m0-seed42.tif,"clean held out region of pherc0139-w016 (0.1581 cm2), the organisers' online validation case during training; labels mapped from the 2.399 um grid by the affine of evidence/label-map.csv"
positive-control-0139/tools/score.py,2026-09-29T09:12:33Z,ours-A-S0,c,2,0,reverse,seed42,4,0.5360,0.5937,97493,24773,72720,theirs lattice,0.5360,0.5937,97493,24773,1.2045,midpoint of the gap minima,positive-control-0139/scratch/ours-A-S0/window.tifxyz,scratch/ours-A-S0/c/p/reverse-k2m0-seed42.tif,"clean held out region of pherc0139-w016 (0.1581 cm2), the organisers' online validation case during training; labels mapped from the 2.399 um grid by the affine of evidence/label-map.csv"
positive-control-0139/tools/score.py,2026-09-29T09:12:33Z,ours-A-S0,c,2,0,reverse,seed43,2,0.5681,0.5740,86840,21956,64884,theirs lattice,0.5681,0.5740,86840,21956,1.2045,midpoint of the gap minima,positive-control-0139/scratch/ours-A-S0/window.tifxyz,scratch/ours-A-S0/c/p/reverse-k2m0-seed43.tif,"clean held out region of pherc0139-w016 (0.1581 cm2), the organisers' online validation case during training; labels mapped from the 2.399 um grid by the affine of evidence/label-map.csv"
positive-control-0139/tools/score.py,2026-09-29T09:12:33Z,ours-A-S0,c,2,0,reverse,seed43,4,0.5602,0.5762,97493,24773,72720,theirs lattice,0.5602,0.5762,97493,24773,1.2045,midpoint of the gap minima,positive-control-0139/scratch/ours-A-S0/window.tifxyz,scratch/ours-A-S0/c/p/reverse-k2m0-seed43.tif,"clean held out region of pherc0139-w016 (0.1581 cm2), the organisers' online validation case during training; labels mapped from the 2.399 um grid by the affine of evidence/label-map.csv"
positive-control-0139/tools/score.py,2026-09-29T09:12:33Z,ours-A-S0,c,2,1,reverse,seed42,2,0.6429,0.7604,86840,21956,64884,theirs lattice,0.6429,0.7604,86840,21956,1.2045,midpoint of the gap minima,positive-control-0139/scratch/ours-A-S0/window.tifxyz,scratch/ours-A-S0/c/p/reverse-k2m1-seed42.tif,"clean held out region of pherc0139-w016 (0.1581 cm2), the organisers' online validation case during training; labels mapped from the 2.399 um grid by the affine of evidence/label-map.csv"
positive-control-0139/tools/score.py,2026-09-29T09:12:33Z,ours-A-S0,c,2,1,reverse,seed42,4,0.6305,0.7396,97493,24773,72720,theirs lattice,0.6305,0.7396,97493,24773,1.2045,midpoint of the gap minima,positive-control-0139/scratch/ours-A-S0/window.tifxyz,scratch/ours-A-S0/c/p/reverse-k2m1-seed42.tif,"clean held out region of pherc0139-w016 (0.1581 cm2), the organisers' online validation case during training; labels mapped from the 2.399 um grid by the affine of evidence/label-map.csv"
positive-control-0139/tools/score.py,2026-09-29T09:12:33Z,ours-A-S0,c,2,1,reverse,seed43,2,0.5642,0.5724,86840,21956,64884,theirs lattice,0.5642,0.5724,86840,21956,1.2045,midpoint of the gap minima,positive-control-0139/scratch/ours-A-S0/window.tifxyz,scratch/ours-A-S0/c/p/reverse-k2m1-seed43.tif,"clean held out region of pherc0139-w016 (0.1581 cm2), the organisers' online validation case during training; labels mapped from the 2.399 um grid by the affine of evidence/label-map.csv"
positive-control-0139/tools/score.py,2026-09-29T09:12:33Z,ours-A-S0,c,2,1,reverse,seed43,4,0.5759,0.5837,97493,24773,72720,theirs lattice,0.5759,0.5837,97493,24773,1.2045,midpoint of the gap minima,positive-control-0139/scratch/ours-A-S0/window.tifxyz,scratch/ours-A-S0/c/p/reverse-k2m1-seed43.tif,"clean held out region of pherc0139-w016 (0.1581 cm2), the organisers' online validation case during training; labels mapped from the 2.399 um grid by the affine of evidence/label-map.csv"
positive-control-0139/tools/score.py,2026-09-29T09:12:33Z,ours-A-S0,c,3,0,reverse,seed42,2,0.5203,0.6634,86840,21956,64884,theirs lattice,0.5203,0.6634,86840,21956,1.2045,midpoint of the gap minima,positive-control-0139/scratch/ours-A-S0/window.tifxyz,scratch/ours-A-S0/c/p/reverse-k3m0-seed42.tif,"clean held out region of pherc0139-w016 (0.1581 cm2), the organisers' online validation case during training; labels mapped from the 2.399 um grid by the affine of evidence/label-map.csv"
positive-control-0139/tools/score.py,2026-09-29T09:12:33Z,ours-A-S0,c,3,0,reverse,seed42,4,0.5180,0.6466,97493,24773,72720,theirs lattice,0.5180,0.6466,97493,24773,1.2045,midpoint of the gap minima,positive-control-0139/scratch/ours-A-S0/window.tifxyz,scratch/ours-A-S0/c/p/reverse-k3m0-seed42.tif,"clean held out region of pherc0139-w016 (0.1581 cm2), the organisers' online validation case during training; labels mapped from the 2.399 um grid by the affine of evidence/label-map.csv"
positive-control-0139/tools/score.py,2026-09-29T09:12:33Z,ours-A-S0,c,3,0,reverse,seed43,2,0.6346,0.6583,86840,21956,64884,theirs lattice,0.6346,0.6583,86840,21956,1.2045,midpoint of the gap minima,positive-control-0139/scratch/ours-A-S0/window.tifxyz,scratch/ours-A-S0/c/p/reverse-k3m0-seed43.tif,"clean held out region of pherc0139-w016 (0.1581 cm2), the organisers' online validation case during training; labels mapped from the 2.399 um grid by the affine of evidence/label-map.csv"
positive-control-0139/tools/score.py,2026-09-29T09:12:33Z,ours-A-S0,c,3,0,reverse,seed43,4,0.6294,0.6574,97493,24773,72720,theirs lattice,0.6294,0.6574,97493,24773,1.2045,midpoint of the gap minima,positive-control-0139/scratch/ours-A-S0/window.tifxyz,scratch/ours-A-S0/c/p/reverse-k3m0-seed43.tif,"clean held out region of pherc0139-w016 (0.1581 cm2), the organisers' online validation case during training; labels mapped from the 2.399 um grid by the affine of evidence/label-map.csv"
positive-control-0139/tools/score.py,2026-09-29T09:12:33Z,ours-A-S0,c,3,1,reverse,seed42,2,0.5716,0.7131,86840,21956,64884,theirs lattice,0.5716,0.7131,86840,21956,1.2045,midpoint of the gap minima,positive-control-0139/scratch/ours-A-S0/window.tifxyz,scratch/ours-A-S0/c/p/reverse-k3m1-seed42.tif,"clean held out region of pherc0139-w016 (0.1581 cm2), the organisers' online validation case during training; labels mapped from the 2.399 um grid by the affine of evidence/label-map.csv"
positive-control-0139/tools/score.py,2026-09-29T09:12:33Z,ours-A-S0,c,3,1,reverse,seed42,4,0.5702,0.7116,97493,24773,72720,theirs lattice,0.5702,0.7116,97493,24773,1.2045,midpoint of the gap minima,positive-control-0139/scratch/ours-A-S0/window.tifxyz,scratch/ours-A-S0/c/p/reverse-k3m1-seed42.tif,"clean held out region of pherc0139-w016 (0.1581 cm2), the organisers' online validation case during training; labels mapped from the 2.399 um grid by the affine of evidence/label-map.csv"
positive-control-0139/tools/score.py,2026-09-29T09:12:33Z,ours-A-S0,c,3,1,reverse,seed43,2,0.5048,0.5733,86840,21956,64884,theirs lattice,0.5048,0.5733,86840,21956,1.2045,midpoint of the gap minima,positive-control-0139/scratch/ours-A-S0/window.tifxyz,scratch/ours-A-S0/c/p/reverse-k3m1-seed43.tif,"clean held out region of pherc0139-w016 (0.1581 cm2), the organisers' online validation case during training; labels mapped from the 2.399 um grid by the affine of evidence/label-map.csv"
positive-control-0139/tools/score.py,2026-09-29T09:12:33Z,ours-A-S0,c,3,1,reverse,seed43,4,0.5013,0.5800,97493,24773,72720,theirs lattice,0.5013,0.5800,97493,24773,1.2045,midpoint of the gap minima,positive-control-0139/scratch/ours-A-S0/window.tifxyz,scratch/ours-A-S0/c/p/reverse-k3m1-seed43.tif,"clean held out region of pherc0139-w016 (0.1581 cm2), the organisers' online validation case during training; labels mapped from the 2.399 um grid by the affine of evidence/label-map.csv"
positive-control-0139/tools/score.py,2026-09-29T09:46:43Z,ours-A-S0,nullplus,0,0,forward,seed42,2,0.5359,0.4843,86840,21956,64884,theirs lattice,0.5359,0.4843,86840,21956,5.1795,the sheet's centring,positive-control-0139/scratch/ours-A-S0/window.tifxyz,scratch/ours-A-S0/nullplus/p/forward-k0m0-seed42.tif,"clean held out region of pherc0139-w016 (0.1581 cm2), the organisers' online validation case during training; labels mapped from the 2.399 um grid by the affine of evidence/label-map.csv"
positive-control-0139/tools/score.py,2026-09-29T09:46:43Z,ours-A-S0,nullplus,0,0,forward,seed42,4,0.5346,0.4800,97493,24773,72720,theirs lattice,0.5346,0.4800,97493,24773,5.1795,the sheet's centring,positive-control-0139/scratch/ours-A-S0/window.tifxyz,scratch/ours-A-S0/nullplus/p/forward-k0m0-seed42.tif,"clean held out region of pherc0139-w016 (0.1581 cm2), the organisers' online validation case during training; labels mapped from the 2.399 um grid by the affine of evidence/label-map.csv"
positive-control-0139/tools/score.py,2026-09-29T09:46:43Z,ours-A-S0,nullplus,0,0,forward,seed43,2,0.4750,0.5270,86840,21956,64884,theirs lattice,0.4750,0.5270,86840,21956,5.1795,the sheet's centring,positive-control-0139/scratch/ours-A-S0/window.tifxyz,scratch/ours-A-S0/nullplus/p/forward-k0m0-seed43.tif,"clean held out region of pherc0139-w016 (0.1581 cm2), the organisers' online validation case during training; labels mapped from the 2.399 um grid by the affine of evidence/label-map.csv"
positive-control-0139/tools/score.py,2026-09-29T09:46:43Z,ours-A-S0,nullplus,0,0,forward,seed43,4,0.4752,0.4848,97493,24773,72720,theirs lattice,0.4752,0.4848,97493,24773,5.1795,the sheet's centring,positive-control-0139/scratch/ours-A-S0/window.tifxyz,scratch/ours-A-S0/nullplus/p/forward-k0m0-seed43.tif,"clean held out region of pherc0139-w016 (0.1581 cm2), the organisers' online validation case during training; labels mapped from the 2.399 um grid by the affine of evidence/label-map.csv"
positive-control-0139/tools/score.py,2026-09-29T09:46:43Z,ours-A-S0,nullplus,0,1,forward,seed42,2,0.5868,0.5463,86840,21956,64884,theirs lattice,0.5868,0.5463,86840,21956,5.1795,the sheet's centring,positive-control-0139/scratch/ours-A-S0/window.tifxyz,scratch/ours-A-S0/nullplus/p/forward-k0m1-seed42.tif,"clean held out region of pherc0139-w016 (0.1581 cm2), the organisers' online validation case during training; labels mapped from the 2.399 um grid by the affine of evidence/label-map.csv"
positive-control-0139/tools/score.py,2026-09-29T09:46:43Z,ours-A-S0,nullplus,0,1,forward,seed42,4,0.5946,0.5483,97493,24773,72720,theirs lattice,0.5946,0.5483,97493,24773,5.1795,the sheet's centring,positive-control-0139/scratch/ours-A-S0/window.tifxyz,scratch/ours-A-S0/nullplus/p/forward-k0m1-seed42.tif,"clean held out region of pherc0139-w016 (0.1581 cm2), the organisers' online validation case during training; labels mapped from the 2.399 um grid by the affine of evidence/label-map.csv"
positive-control-0139/tools/score.py,2026-09-29T09:46:43Z,ours-A-S0,nullplus,0,1,forward,seed43,2,0.5325,0.5296,86840,21956,64884,theirs lattice,0.5325,0.5296,86840,21956,5.1795,the sheet's centring,positive-control-0139/scratch/ours-A-S0/window.tifxyz,scratch/ours-A-S0/nullplus/p/forward-k0m1-seed43.tif,"clean held out region of pherc0139-w016 (0.1581 cm2), the organisers' online validation case during training; labels mapped from the 2.399 um grid by the affine of evidence/label-map.csv"
positive-control-0139/tools/score.py,2026-09-29T09:46:43Z,ours-A-S0,nullplus,0,1,forward,seed43,4,0.5385,0.5164,97493,24773,72720,theirs lattice,0.5385,0.5164,97493,24773,5.1795,the sheet's centring,positive-control-0139/scratch/ours-A-S0/window.tifxyz,scratch/ours-A-S0/nullplus/p/forward-k0m1-seed43.tif,"clean held out region of pherc0139-w016 (0.1581 cm2), the organisers' online validation case during training; labels mapped from the 2.399 um grid by the affine of evidence/label-map.csv"
positive-control-0139/tools/score.py,2026-09-29T09:46:43Z,ours-A-S0,nullplus,1,0,forward,seed42,2,0.6141,0.7355,86840,21956,64884,theirs lattice,0.6141,0.7355,86840,21956,5.1795,the sheet's centring,positive-control-0139/scratch/ours-A-S0/window.tifxyz,scratch/ours-A-S0/nullplus/p/forward-k1m0-seed42.tif,"clean held out region of pherc0139-w016 (0.1581 cm2), the organisers' online validation case during training; labels mapped from the 2.399 um grid by the affine of evidence/label-map.csv"
positive-control-0139/tools/score.py,2026-09-29T09:46:43Z,ours-A-S0,nullplus,1,0,forward,seed42,4,0.6103,0.7052,97493,24773,72720,theirs lattice,0.6103,0.7052,97493,24773,5.1795,the sheet's centring,positive-control-0139/scratch/ours-A-S0/window.tifxyz,scratch/ours-A-S0/nullplus/p/forward-k1m0-seed42.tif,"clean held out region of pherc0139-w016 (0.1581 cm2), the organisers' online validation case during training; labels mapped from the 2.399 um grid by the affine of evidence/label-map.csv"
positive-control-0139/tools/score.py,2026-09-29T09:46:43Z,ours-A-S0,nullplus,1,0,forward,seed43,2,0.5798,0.6970,86840,21956,64884,theirs lattice,0.5798,0.6970,86840,21956,5.1795,the sheet's centring,positive-control-0139/scratch/ours-A-S0/window.tifxyz,scratch/ours-A-S0/nullplus/p/forward-k1m0-seed43.tif,"clean held out region of pherc0139-w016 (0.1581 cm2), the organisers' online validation case during training; labels mapped from the 2.399 um grid by the affine of evidence/label-map.csv"
positive-control-0139/tools/score.py,2026-09-29T09:46:43Z,ours-A-S0,nullplus,1,0,forward,seed43,4,0.5707,0.6908,97493,24773,72720,theirs lattice,0.5707,0.6908,97493,24773,5.1795,the sheet's centring,positive-control-0139/scratch/ours-A-S0/window.tifxyz,scratch/ours-A-S0/nullplus/p/forward-k1m0-seed43.tif,"clean held out region of pherc0139-w016 (0.1581 cm2), the organisers' online validation case during training; labels mapped from the 2.399 um grid by the affine of evidence/label-map.csv"
positive-control-0139/tools/score.py,2026-09-29T09:46:43Z,ours-A-S0,nullplus,1,1,forward,seed42,2,0.5329,0.6350,86840,21956,64884,theirs lattice,0.5329,0.6350,86840,21956,5.1795,the sheet's centring,positive-control-0139/scratch/ours-A-S0/window.tifxyz,scratch/ours-A-S0/nullplus/p/forward-k1m1-seed42.tif,"clean held out region of pherc0139-w016 (0.1581 cm2), the organisers' online validation case during training; labels mapped from the 2.399 um grid by the affine of evidence/label-map.csv"
positive-control-0139/tools/score.py,2026-09-29T09:46:43Z,ours-A-S0,nullplus,1,1,forward,seed42,4,0.5288,0.6355,97493,24773,72720,theirs lattice,0.5288,0.6355,97493,24773,5.1795,the sheet's centring,positive-control-0139/scratch/ours-A-S0/window.tifxyz,scratch/ours-A-S0/nullplus/p/forward-k1m1-seed42.tif,"clean held out region of pherc0139-w016 (0.1581 cm2), the organisers' online validation case during training; labels mapped from the 2.399 um grid by the affine of evidence/label-map.csv"
positive-control-0139/tools/score.py,2026-09-29T09:46:43Z,ours-A-S0,nullplus,1,1,forward,seed43,2,0.5131,0.4353,86840,21956,64884,theirs lattice,0.5131,0.4353,86840,21956,5.1795,the sheet's centring,positive-control-0139/scratch/ours-A-S0/window.tifxyz,scratch/ours-A-S0/nullplus/p/forward-k1m1-seed43.tif,"clean held out region of pherc0139-w016 (0.1581 cm2), the organisers' online validation case during training; labels mapped from the 2.399 um grid by the affine of evidence/label-map.csv"
positive-control-0139/tools/score.py,2026-09-29T09:46:43Z,ours-A-S0,nullplus,1,1,forward,seed43,4,0.5142,0.4301,97493,24773,72720,theirs lattice,0.5142,0.4301,97493,24773,5.1795,the sheet's centring,positive-control-0139/scratch/ours-A-S0/window.tifxyz,scratch/ours-A-S0/nullplus/p/forward-k1m1-seed43.tif,"clean held out region of pherc0139-w016 (0.1581 cm2), the organisers' online validation case during training; labels mapped from the 2.399 um grid by the affine of evidence/label-map.csv"
positive-control-0139/tools/score.py,2026-09-29T09:46:43Z,ours-A-S0,nullplus,2,0,forward,seed42,2,0.4972,0.5028,86840,21956,64884,theirs lattice,0.4972,0.5028,86840,21956,5.1795,the sheet's centring,positive-control-0139/scratch/ours-A-S0/window.tifxyz,scratch/ours-A-S0/nullplus/p/forward-k2m0-seed42.tif,"clean held out region of pherc0139-w016 (0.1581 cm2), the organisers' online validation case during training; labels mapped from the 2.399 um grid by the affine of evidence/label-map.csv"
positive-control-0139/tools/score.py,2026-09-29T09:46:43Z,ours-A-S0,nullplus,2,0,forward,seed42,4,0.4968,0.5189,97493,24773,72720,theirs lattice,0.4968,0.5189,97493,24773,5.1795,the sheet's centring,positive-control-0139/scratch/ours-A-S0/window.tifxyz,scratch/ours-A-S0/nullplus/p/forward-k2m0-seed42.tif,"clean held out region of pherc0139-w016 (0.1581 cm2), the organisers' online validation case during training; labels mapped from the 2.399 um grid by the affine of evidence/label-map.csv"
positive-control-0139/tools/score.py,2026-09-29T09:46:43Z,ours-A-S0,nullplus,2,0,forward,seed43,2,0.5557,0.5254,86840,21956,64884,theirs lattice,0.5557,0.5254,86840,21956,5.1795,the sheet's centring,positive-control-0139/scratch/ours-A-S0/window.tifxyz,scratch/ours-A-S0/nullplus/p/forward-k2m0-seed43.tif,"clean held out region of pherc0139-w016 (0.1581 cm2), the organisers' online validation case during training; labels mapped from the 2.399 um grid by the affine of evidence/label-map.csv"
positive-control-0139/tools/score.py,2026-09-29T09:46:43Z,ours-A-S0,nullplus,2,0,forward,seed43,4,0.5517,0.5092,97493,24773,72720,theirs lattice,0.5517,0.5092,97493,24773,5.1795,the sheet's centring,positive-control-0139/scratch/ours-A-S0/window.tifxyz,scratch/ours-A-S0/nullplus/p/forward-k2m0-seed43.tif,"clean held out region of pherc0139-w016 (0.1581 cm2), the organisers' online validation case during training; labels mapped from the 2.399 um grid by the affine of evidence/label-map.csv"
positive-control-0139/tools/score.py,2026-09-29T09:46:43Z,ours-A-S0,nullplus,2,1,forward,seed42,2,0.4894,0.4979,86840,21956,64884,theirs lattice,0.4894,0.4979,86840,21956,5.1795,the sheet's centring,positive-control-0139/scratch/ours-A-S0/window.tifxyz,scratch/ours-A-S0/nullplus/p/forward-k2m1-seed42.tif,"clean held out region of pherc0139-w016 (0.1581 cm2), the organisers' online validation case during training; labels mapped from the 2.399 um grid by the affine of evidence/label-map.csv"
positive-control-0139/tools/score.py,2026-09-29T09:46:43Z,ours-A-S0,nullplus,2,1,forward,seed42,4,0.4884,0.4652,97493,24773,72720,theirs lattice,0.4884,0.4652,97493,24773,5.1795,the sheet's centring,positive-control-0139/scratch/ours-A-S0/window.tifxyz,scratch/ours-A-S0/nullplus/p/forward-k2m1-seed42.tif,"clean held out region of pherc0139-w016 (0.1581 cm2), the organisers' online validation case during training; labels mapped from the 2.399 um grid by the affine of evidence/label-map.csv"
positive-control-0139/tools/score.py,2026-09-29T09:46:43Z,ours-A-S0,nullplus,2,1,forward,seed43,2,0.4986,0.5587,86840,21956,64884,theirs lattice,0.4986,0.5587,86840,21956,5.1795,the sheet's centring,positive-control-0139/scratch/ours-A-S0/window.tifxyz,scratch/ours-A-S0/nullplus/p/forward-k2m1-seed43.tif,"clean held out region of pherc0139-w016 (0.1581 cm2), the organisers' online validation case during training; labels mapped from the 2.399 um grid by the affine of evidence/label-map.csv"
positive-control-0139/tools/score.py,2026-09-29T09:46:43Z,ours-A-S0,nullplus,2,1,forward,seed43,4,0.5007,0.5544,97493,24773,72720,theirs lattice,0.5007,0.5544,97493,24773,5.1795,the sheet's centring,positive-control-0139/scratch/ours-A-S0/window.tifxyz,scratch/ours-A-S0/nullplus/p/forward-k2m1-seed43.tif,"clean held out region of pherc0139-w016 (0.1581 cm2), the organisers' online validation case during training; labels mapped from the 2.399 um grid by the affine of evidence/label-map.csv"
positive-control-0139/tools/score.py,2026-09-29T09:46:43Z,ours-A-S0,nullplus,3,0,forward,seed42,2,0.5112,0.6085,86840,21956,64884,theirs lattice,0.5112,0.6085,86840,21956,5.1795,the sheet's centring,positive-control-0139/scratch/ours-A-S0/window.tifxyz,scratch/ours-A-S0/nullplus/p/forward-k3m0-seed42.tif,"clean held out region of pherc0139-w016 (0.1581 cm2), the organisers' online validation case during training; labels mapped from the 2.399 um grid by the affine of evidence/label-map.csv"
positive-control-0139/tools/score.py,2026-09-29T09:46:43Z,ours-A-S0,nullplus,3,0,forward,seed42,4,0.4999,0.5902,97493,24773,72720,theirs lattice,0.4999,0.5902,97493,24773,5.1795,the sheet's centring,positive-control-0139/scratch/ours-A-S0/window.tifxyz,scratch/ours-A-S0/nullplus/p/forward-k3m0-seed42.tif,"clean held out region of pherc0139-w016 (0.1581 cm2), the organisers' online validation case during training; labels mapped from the 2.399 um grid by the affine of evidence/label-map.csv"
positive-control-0139/tools/score.py,2026-09-29T09:46:43Z,ours-A-S0,nullplus,3,0,forward,seed43,2,0.5091,0.4963,86840,21956,64884,theirs lattice,0.5091,0.4963,86840,21956,5.1795,the sheet's centring,positive-control-0139/scratch/ours-A-S0/window.tifxyz,scratch/ours-A-S0/nullplus/p/forward-k3m0-seed43.tif,"clean held out region of pherc0139-w016 (0.1581 cm2), the organisers' online validation case during training; labels mapped from the 2.399 um grid by the affine of evidence/label-map.csv"
positive-control-0139/tools/score.py,2026-09-29T09:46:43Z,ours-A-S0,nullplus,3,0,forward,seed43,4,0.5044,0.4547,97493,24773,72720,theirs lattice,0.5044,0.4547,97493,24773,5.1795,the sheet's centring,positive-control-0139/scratch/ours-A-S0/window.tifxyz,scratch/ours-A-S0/nullplus/p/forward-k3m0-seed43.tif,"clean held out region of pherc0139-w016 (0.1581 cm2), the organisers' online validation case during training; labels mapped from the 2.399 um grid by the affine of evidence/label-map.csv"
positive-control-0139/tools/score.py,2026-09-29T09:46:43Z,ours-A-S0,nullplus,3,1,forward,seed42,2,0.4997,0.4684,86840,21956,64884,theirs lattice,0.4997,0.4684,86840,21956,5.1795,the sheet's centring,positive-control-0139/scratch/ours-A-S0/window.tifxyz,scratch/ours-A-S0/nullplus/p/forward-k3m1-seed42.tif,"clean held out region of pherc0139-w016 (0.1581 cm2), the organisers' online validation case during training; labels mapped from the 2.399 um grid by the affine of evidence/label-map.csv"
positive-control-0139/tools/score.py,2026-09-29T09:46:43Z,ours-A-S0,nullplus,3,1,forward,seed42,4,0.4997,0.4657,97493,24773,72720,theirs lattice,0.4997,0.4657,97493,24773,5.1795,the sheet's centring,positive-control-0139/scratch/ours-A-S0/window.tifxyz,scratch/ours-A-S0/nullplus/p/forward-k3m1-seed42.tif,"clean held out region of pherc0139-w016 (0.1581 cm2), the organisers' online validation case during training; labels mapped from the 2.399 um grid by the affine of evidence/label-map.csv"
positive-control-0139/tools/score.py,2026-09-29T09:46:43Z,ours-A-S0,nullplus,3,1,forward,seed43,2,0.5186,0.6108,86840,21956,64884,theirs lattice,0.5186,0.6108,86840,21956,5.1795,the sheet's centring,positive-control-0139/scratch/ours-A-S0/window.tifxyz,scratch/ours-A-S0/nullplus/p/forward-k3m1-seed43.tif,"clean held out region of pherc0139-w016 (0.1581 cm2), the organisers' online validation case during training; labels mapped from the 2.399 um grid by the affine of evidence/label-map.csv"
positive-control-0139/tools/score.py,2026-09-29T09:46:43Z,ours-A-S0,nullplus,3,1,forward,seed43,4,0.5143,0.5768,97493,24773,72720,theirs lattice,0.5143,0.5768,97493,24773,5.1795,the sheet's centring,positive-control-0139/scratch/ours-A-S0/window.tifxyz,scratch/ours-A-S0/nullplus/p/forward-k3m1-seed43.tif,"clean held out region of pherc0139-w016 (0.1581 cm2), the organisers' online validation case during training; labels mapped from the 2.399 um grid by the affine of evidence/label-map.csv"
positive-control-0139/tools/score.py,2026-09-29T09:46:43Z,ours-A-S0,nullplus,0,0,reverse,seed42,2,0.5031,0.5224,86840,21956,64884,theirs lattice,0.5031,0.5224,86840,21956,1.2045,the sheet's centring,positive-control-0139/scratch/ours-A-S0/window.tifxyz,scratch/ours-A-S0/nullplus/p/reverse-k0m0-seed42.tif,"clean held out region of pherc0139-w016 (0.1581 cm2), the organisers' online validation case during training; labels mapped from the 2.399 um grid by the affine of evidence/label-map.csv"
positive-control-0139/tools/score.py,2026-09-29T09:46:43Z,ours-A-S0,nullplus,0,0,reverse,seed42,4,0.5056,0.5305,97493,24773,72720,theirs lattice,0.5056,0.5305,97493,24773,1.2045,the sheet's centring,positive-control-0139/scratch/ours-A-S0/window.tifxyz,scratch/ours-A-S0/nullplus/p/reverse-k0m0-seed42.tif,"clean held out region of pherc0139-w016 (0.1581 cm2), the organisers' online validation case during training; labels mapped from the 2.399 um grid by the affine of evidence/label-map.csv"
positive-control-0139/tools/score.py,2026-09-29T09:46:43Z,ours-A-S0,nullplus,0,0,reverse,seed43,2,0.5417,0.6147,86840,21956,64884,theirs lattice,0.5417,0.6147,86840,21956,1.2045,the sheet's centring,positive-control-0139/scratch/ours-A-S0/window.tifxyz,scratch/ours-A-S0/nullplus/p/reverse-k0m0-seed43.tif,"clean held out region of pherc0139-w016 (0.1581 cm2), the organisers' online validation case during training; labels mapped from the 2.399 um grid by the affine of evidence/label-map.csv"
positive-control-0139/tools/score.py,2026-09-29T09:46:43Z,ours-A-S0,nullplus,0,0,reverse,seed43,4,0.5478,0.6274,97493,24773,72720,theirs lattice,0.5478,0.6274,97493,24773,1.2045,the sheet's centring,positive-control-0139/scratch/ours-A-S0/window.tifxyz,scratch/ours-A-S0/nullplus/p/reverse-k0m0-seed43.tif,"clean held out region of pherc0139-w016 (0.1581 cm2), the organisers' online validation case during training; labels mapped from the 2.399 um grid by the affine of evidence/label-map.csv"
positive-control-0139/tools/score.py,2026-09-29T09:46:43Z,ours-A-S0,nullplus,0,1,reverse,seed42,2,0.5413,0.6129,86840,21956,64884,theirs lattice,0.5413,0.6129,86840,21956,1.2045,the sheet's centring,positive-control-0139/scratch/ours-A-S0/window.tifxyz,scratch/ours-A-S0/nullplus/p/reverse-k0m1-seed42.tif,"clean held out region of pherc0139-w016 (0.1581 cm2), the organisers' online validation case during training; labels mapped from the 2.399 um grid by the affine of evidence/label-map.csv"
positive-control-0139/tools/score.py,2026-09-29T09:46:43Z,ours-A-S0,nullplus,0,1,reverse,seed42,4,0.5449,0.5983,97493,24773,72720,theirs lattice,0.5449,0.5983,97493,24773,1.2045,the sheet's centring,positive-control-0139/scratch/ours-A-S0/window.tifxyz,scratch/ours-A-S0/nullplus/p/reverse-k0m1-seed42.tif,"clean held out region of pherc0139-w016 (0.1581 cm2), the organisers' online validation case during training; labels mapped from the 2.399 um grid by the affine of evidence/label-map.csv"
positive-control-0139/tools/score.py,2026-09-29T09:46:43Z,ours-A-S0,nullplus,0,1,reverse,seed43,2,0.5275,0.5118,86840,21956,64884,theirs lattice,0.5275,0.5118,86840,21956,1.2045,the sheet's centring,positive-control-0139/scratch/ours-A-S0/window.tifxyz,scratch/ours-A-S0/nullplus/p/reverse-k0m1-seed43.tif,"clean held out region of pherc0139-w016 (0.1581 cm2), the organisers' online validation case during training; labels mapped from the 2.399 um grid by the affine of evidence/label-map.csv"
positive-control-0139/tools/score.py,2026-09-29T09:46:43Z,ours-A-S0,nullplus,0,1,reverse,seed43,4,0.5359,0.5198,97493,24773,72720,theirs lattice,0.5359,0.5198,97493,24773,1.2045,the sheet's centring,positive-control-0139/scratch/ours-A-S0/window.tifxyz,scratch/ours-A-S0/nullplus/p/reverse-k0m1-seed43.tif,"clean held out region of pherc0139-w016 (0.1581 cm2), the organisers' online validation case during training; labels mapped from the 2.399 um grid by the affine of evidence/label-map.csv"
positive-control-0139/tools/score.py,2026-09-29T09:46:43Z,ours-A-S0,nullplus,1,0,reverse,seed42,2,0.5419,0.7888,86840,21956,64884,theirs lattice,0.5419,0.7888,86840,21956,1.2045,the sheet's centring,positive-control-0139/scratch/ours-A-S0/window.tifxyz,scratch/ours-A-S0/nullplus/p/reverse-k1m0-seed42.tif,"clean held out region of pherc0139-w016 (0.1581 cm2), the organisers' online validation case during training; labels mapped from the 2.399 um grid by the affine of evidence/label-map.csv"
positive-control-0139/tools/score.py,2026-09-29T09:46:43Z,ours-A-S0,nullplus,1,0,reverse,seed42,4,0.5535,0.7806,97493,24773,72720,theirs lattice,0.5535,0.7806,97493,24773,1.2045,the sheet's centring,positive-control-0139/scratch/ours-A-S0/window.tifxyz,scratch/ours-A-S0/nullplus/p/reverse-k1m0-seed42.tif,"clean held out region of pherc0139-w016 (0.1581 cm2), the organisers' online validation case during training; labels mapped from the 2.399 um grid by the affine of evidence/label-map.csv"
positive-control-0139/tools/score.py,2026-09-29T09:46:44Z,ours-A-S0,nullplus,1,0,reverse,seed43,2,0.5550,0.5584,86840,21956,64884,theirs lattice,0.5550,0.5584,86840,21956,1.2045,the sheet's centring,positive-control-0139/scratch/ours-A-S0/window.tifxyz,scratch/ours-A-S0/nullplus/p/reverse-k1m0-seed43.tif,"clean held out region of pherc0139-w016 (0.1581 cm2), the organisers' online validation case during training; labels mapped from the 2.399 um grid by the affine of evidence/label-map.csv"
positive-control-0139/tools/score.py,2026-09-29T09:46:44Z,ours-A-S0,nullplus,1,0,reverse,seed43,4,0.5715,0.5760,97493,24773,72720,theirs lattice,0.5715,0.5760,97493,24773,1.2045,the sheet's centring,positive-control-0139/scratch/ours-A-S0/window.tifxyz,scratch/ours-A-S0/nullplus/p/reverse-k1m0-seed43.tif,"clean held out region of pherc0139-w016 (0.1581 cm2), the organisers' online validation case during training; labels mapped from the 2.399 um grid by the affine of evidence/label-map.csv"
positive-control-0139/tools/score.py,2026-09-29T09:46:44Z,ours-A-S0,nullplus,1,1,reverse,seed42,2,0.6711,0.8459,86840,21956,64884,theirs lattice,0.6711,0.8459,86840,21956,1.2045,the sheet's centring,positive-control-0139/scratch/ours-A-S0/window.tifxyz,scratch/ours-A-S0/nullplus/p/reverse-k1m1-seed42.tif,"clean held out region of pherc0139-w016 (0.1581 cm2), the organisers' online validation case during training; labels mapped from the 2.399 um grid by the affine of evidence/label-map.csv"
positive-control-0139/tools/score.py,2026-09-29T09:46:44Z,ours-A-S0,nullplus,1,1,reverse,seed42,4,0.6680,0.8348,97493,24773,72720,theirs lattice,0.6680,0.8348,97493,24773,1.2045,the sheet's centring,positive-control-0139/scratch/ours-A-S0/window.tifxyz,scratch/ours-A-S0/nullplus/p/reverse-k1m1-seed42.tif,"clean held out region of pherc0139-w016 (0.1581 cm2), the organisers' online validation case during training; labels mapped from the 2.399 um grid by the affine of evidence/label-map.csv"
positive-control-0139/tools/score.py,2026-09-29T09:46:44Z,ours-A-S0,nullplus,1,1,reverse,seed43,2,0.5836,0.6575,86840,21956,64884,theirs lattice,0.5836,0.6575,86840,21956,1.2045,the sheet's centring,positive-control-0139/scratch/ours-A-S0/window.tifxyz,scratch/ours-A-S0/nullplus/p/reverse-k1m1-seed43.tif,"clean held out region of pherc0139-w016 (0.1581 cm2), the organisers' online validation case during training; labels mapped from the 2.399 um grid by the affine of evidence/label-map.csv"
positive-control-0139/tools/score.py,2026-09-29T09:46:44Z,ours-A-S0,nullplus,1,1,reverse,seed43,4,0.6011,0.6644,97493,24773,72720,theirs lattice,0.6011,0.6644,97493,24773,1.2045,the sheet's centring,positive-control-0139/scratch/ours-A-S0/window.tifxyz,scratch/ours-A-S0/nullplus/p/reverse-k1m1-seed43.tif,"clean held out region of pherc0139-w016 (0.1581 cm2), the organisers' online validation case during training; labels mapped from the 2.399 um grid by the affine of evidence/label-map.csv"
positive-control-0139/tools/score.py,2026-09-29T09:46:44Z,ours-A-S0,nullplus,2,0,reverse,seed42,2,0.5034,0.5471,86840,21956,64884,theirs lattice,0.5034,0.5471,86840,21956,1.2045,the sheet's centring,positive-control-0139/scratch/ours-A-S0/window.tifxyz,scratch/ours-A-S0/nullplus/p/reverse-k2m0-seed42.tif,"clean held out region of pherc0139-w016 (0.1581 cm2), the organisers' online validation case during training; labels mapped from the 2.399 um grid by the affine of evidence/label-map.csv"
positive-control-0139/tools/score.py,2026-09-29T09:46:44Z,ours-A-S0,nullplus,2,0,reverse,seed42,4,0.5046,0.5345,97493,24773,72720,theirs lattice,0.5046,0.5345,97493,24773,1.2045,the sheet's centring,positive-control-0139/scratch/ours-A-S0/window.tifxyz,scratch/ours-A-S0/nullplus/p/reverse-k2m0-seed42.tif,"clean held out region of pherc0139-w016 (0.1581 cm2), the organisers' online validation case during training; labels mapped from the 2.399 um grid by the affine of evidence/label-map.csv"
positive-control-0139/tools/score.py,2026-09-29T09:46:44Z,ours-A-S0,nullplus,2,0,reverse,seed43,2,0.5783,0.6942,86840,21956,64884,theirs lattice,0.5783,0.6942,86840,21956,1.2045,the sheet's centring,positive-control-0139/scratch/ours-A-S0/window.tifxyz,scratch/ours-A-S0/nullplus/p/reverse-k2m0-seed43.tif,"clean held out region of pherc0139-w016 (0.1581 cm2), the organisers' online validation case during training; labels mapped from the 2.399 um grid by the affine of evidence/label-map.csv"
positive-control-0139/tools/score.py,2026-09-29T09:46:44Z,ours-A-S0,nullplus,2,0,reverse,seed43,4,0.5890,0.6869,97493,24773,72720,theirs lattice,0.5890,0.6869,97493,24773,1.2045,the sheet's centring,positive-control-0139/scratch/ours-A-S0/window.tifxyz,scratch/ours-A-S0/nullplus/p/reverse-k2m0-seed43.tif,"clean held out region of pherc0139-w016 (0.1581 cm2), the organisers' online validation case during training; labels mapped from the 2.399 um grid by the affine of evidence/label-map.csv"
positive-control-0139/tools/score.py,2026-09-29T09:46:44Z,ours-A-S0,nullplus,2,1,reverse,seed42,2,0.5545,0.5673,86840,21956,64884,theirs lattice,0.5545,0.5673,86840,21956,1.2045,the sheet's centring,positive-control-0139/scratch/ours-A-S0/window.tifxyz,scratch/ours-A-S0/nullplus/p/reverse-k2m1-seed42.tif,"clean held out region of pherc0139-w016 (0.1581 cm2), the organisers' online validation case during training; labels mapped from the 2.399 um grid by the affine of evidence/label-map.csv"
positive-control-0139/tools/score.py,2026-09-29T09:46:44Z,ours-A-S0,nullplus,2,1,reverse,seed42,4,0.5700,0.5997,97493,24773,72720,theirs lattice,0.5700,0.5997,97493,24773,1.2045,the sheet's centring,positive-control-0139/scratch/ours-A-S0/window.tifxyz,scratch/ours-A-S0/nullplus/p/reverse-k2m1-seed42.tif,"clean held out region of pherc0139-w016 (0.1581 cm2), the organisers' online validation case during training; labels mapped from the 2.399 um grid by the affine of evidence/label-map.csv"
positive-control-0139/tools/score.py,2026-09-29T09:46:44Z,ours-A-S0,nullplus,2,1,reverse,seed43,2,0.5765,0.6618,86840,21956,64884,theirs lattice,0.5765,0.6618,86840,21956,1.2045,the sheet's centring,positive-control-0139/scratch/ours-A-S0/window.tifxyz,scratch/ours-A-S0/nullplus/p/reverse-k2m1-seed43.tif,"clean held out region of pherc0139-w016 (0.1581 cm2), the organisers' online validation case during training; labels mapped from the 2.399 um grid by the affine of evidence/label-map.csv"
positive-control-0139/tools/score.py,2026-09-29T09:46:44Z,ours-A-S0,nullplus,2,1,reverse,seed43,4,0.5911,0.6550,97493,24773,72720,theirs lattice,0.5911,0.6550,97493,24773,1.2045,the sheet's centring,positive-control-0139/scratch/ours-A-S0/window.tifxyz,scratch/ours-A-S0/nullplus/p/reverse-k2m1-seed43.tif,"clean held out region of pherc0139-w016 (0.1581 cm2), the organisers' online validation case during training; labels mapped from the 2.399 um grid by the affine of evidence/label-map.csv"
positive-control-0139/tools/score.py,2026-09-29T09:46:44Z,ours-A-S0,nullplus,3,0,reverse,seed42,2,0.5658,0.7043,86840,21956,64884,theirs lattice,0.5658,0.7043,86840,21956,1.2045,the sheet's centring,positive-control-0139/scratch/ours-A-S0/window.tifxyz,scratch/ours-A-S0/nullplus/p/reverse-k3m0-seed42.tif,"clean held out region of pherc0139-w016 (0.1581 cm2), the organisers' online validation case during training; labels mapped from the 2.399 um grid by the affine of evidence/label-map.csv"
positive-control-0139/tools/score.py,2026-09-29T09:46:44Z,ours-A-S0,nullplus,3,0,reverse,seed42,4,0.5783,0.7062,97493,24773,72720,theirs lattice,0.5783,0.7062,97493,24773,1.2045,the sheet's centring,positive-control-0139/scratch/ours-A-S0/window.tifxyz,scratch/ours-A-S0/nullplus/p/reverse-k3m0-seed42.tif,"clean held out region of pherc0139-w016 (0.1581 cm2), the organisers' online validation case during training; labels mapped from the 2.399 um grid by the affine of evidence/label-map.csv"
positive-control-0139/tools/score.py,2026-09-29T09:46:44Z,ours-A-S0,nullplus,3,0,reverse,seed43,2,0.5822,0.5764,86840,21956,64884,theirs lattice,0.5822,0.5764,86840,21956,1.2045,the sheet's centring,positive-control-0139/scratch/ours-A-S0/window.tifxyz,scratch/ours-A-S0/nullplus/p/reverse-k3m0-seed43.tif,"clean held out region of pherc0139-w016 (0.1581 cm2), the organisers' online validation case during training; labels mapped from the 2.399 um grid by the affine of evidence/label-map.csv"
positive-control-0139/tools/score.py,2026-09-29T09:46:44Z,ours-A-S0,nullplus,3,0,reverse,seed43,4,0.5857,0.5811,97493,24773,72720,theirs lattice,0.5857,0.5811,97493,24773,1.2045,the sheet's centring,positive-control-0139/scratch/ours-A-S0/window.tifxyz,scratch/ours-A-S0/nullplus/p/reverse-k3m0-seed43.tif,"clean held out region of pherc0139-w016 (0.1581 cm2), the organisers' online validation case during training; labels mapped from the 2.399 um grid by the affine of evidence/label-map.csv"
positive-control-0139/tools/score.py,2026-09-29T09:46:44Z,ours-A-S0,nullplus,3,1,reverse,seed42,2,0.5712,0.7260,86840,21956,64884,theirs lattice,0.5712,0.7260,86840,21956,1.2045,the sheet's centring,positive-control-0139/scratch/ours-A-S0/window.tifxyz,scratch/ours-A-S0/nullplus/p/reverse-k3m1-seed42.tif,"clean held out region of pherc0139-w016 (0.1581 cm2), the organisers' online validation case during training; labels mapped from the 2.399 um grid by the affine of evidence/label-map.csv"
positive-control-0139/tools/score.py,2026-09-29T09:46:44Z,ours-A-S0,nullplus,3,1,reverse,seed42,4,0.5755,0.7036,97493,24773,72720,theirs lattice,0.5755,0.7036,97493,24773,1.2045,the sheet's centring,positive-control-0139/scratch/ours-A-S0/window.tifxyz,scratch/ours-A-S0/nullplus/p/reverse-k3m1-seed42.tif,"clean held out region of pherc0139-w016 (0.1581 cm2), the organisers' online validation case during training; labels mapped from the 2.399 um grid by the affine of evidence/label-map.csv"
positive-control-0139/tools/score.py,2026-09-29T09:46:44Z,ours-A-S0,nullplus,3,1,reverse,seed43,2,0.5931,0.7006,86840,21956,64884,theirs lattice,0.5931,0.7006,86840,21956,1.2045,the sheet's centring,positive-control-0139/scratch/ours-A-S0/window.tifxyz,scratch/ours-A-S0/nullplus/p/reverse-k3m1-seed43.tif,"clean held out region of pherc0139-w016 (0.1581 cm2), the organisers' online validation case during training; labels mapped from the 2.399 um grid by the affine of evidence/label-map.csv"
positive-control-0139/tools/score.py,2026-09-29T09:46:44Z,ours-A-S0,nullplus,3,1,reverse,seed43,4,0.6151,0.7196,97493,24773,72720,theirs lattice,0.6151,0.7196,97493,24773,1.2045,the sheet's centring,positive-control-0139/scratch/ours-A-S0/window.tifxyz,scratch/ours-A-S0/nullplus/p/reverse-k3m1-seed43.tif,"clean held out region of pherc0139-w016 (0.1581 cm2), the organisers' online validation case during training; labels mapped from the 2.399 um grid by the affine of evidence/label-map.csv"
positive-control-0139/tools/score.py,2026-09-29T09:54:56Z,ours-Bx-S0,lattice,0,0,forward,seed42,2,0.4921,0.4354,79973,19693,60280,theirs lattice,0.4921,0.4354,79973,19693,3.7110,midpoint of the gap minima,positive-control-0139/scratch/ours-Bx-S0/window.tifxyz,scratch/ours-Bx-S0/lattice/p/forward-k0m0-seed42.tif,"clean held out region of pherc0139-w016 (0.1581 cm2), the organisers' online validation case during training; labels mapped from the 2.399 um grid by the affine of evidence/label-map.csv"
positive-control-0139/tools/score.py,2026-09-29T09:54:56Z,ours-Bx-S0,lattice,0,0,forward,seed42,4,0.4943,0.4577,99783,25518,74265,theirs lattice,0.4943,0.4577,99783,25518,3.7110,midpoint of the gap minima,positive-control-0139/scratch/ours-Bx-S0/window.tifxyz,scratch/ours-Bx-S0/lattice/p/forward-k0m0-seed42.tif,"clean held out region of pherc0139-w016 (0.1581 cm2), the organisers' online validation case during training; labels mapped from the 2.399 um grid by the affine of evidence/label-map.csv"
positive-control-0139/tools/score.py,2026-09-29T09:54:56Z,ours-Bx-S0,lattice,0,0,forward,seed43,2,0.4817,0.4717,79973,19693,60280,theirs lattice,0.4817,0.4717,79973,19693,3.7110,midpoint of the gap minima,positive-control-0139/scratch/ours-Bx-S0/window.tifxyz,scratch/ours-Bx-S0/lattice/p/forward-k0m0-seed43.tif,"clean held out region of pherc0139-w016 (0.1581 cm2), the organisers' online validation case during training; labels mapped from the 2.399 um grid by the affine of evidence/label-map.csv"
positive-control-0139/tools/score.py,2026-09-29T09:54:56Z,ours-Bx-S0,lattice,0,0,forward,seed43,4,0.4798,0.4668,99783,25518,74265,theirs lattice,0.4798,0.4668,99783,25518,3.7110,midpoint of the gap minima,positive-control-0139/scratch/ours-Bx-S0/window.tifxyz,scratch/ours-Bx-S0/lattice/p/forward-k0m0-seed43.tif,"clean held out region of pherc0139-w016 (0.1581 cm2), the organisers' online validation case during training; labels mapped from the 2.399 um grid by the affine of evidence/label-map.csv"
positive-control-0139/tools/score.py,2026-09-29T09:54:56Z,ours-Bx-S0,lattice,0,1,forward,seed42,2,0.5203,0.4861,79973,19693,60280,theirs lattice,0.5203,0.4861,79973,19693,3.7110,midpoint of the gap minima,positive-control-0139/scratch/ours-Bx-S0/window.tifxyz,scratch/ours-Bx-S0/lattice/p/forward-k0m1-seed42.tif,"clean held out region of pherc0139-w016 (0.1581 cm2), the organisers' online validation case during training; labels mapped from the 2.399 um grid by the affine of evidence/label-map.csv"
positive-control-0139/tools/score.py,2026-09-29T09:54:56Z,ours-Bx-S0,lattice,0,1,forward,seed42,4,0.5238,0.5222,99783,25518,74265,theirs lattice,0.5238,0.5222,99783,25518,3.7110,midpoint of the gap minima,positive-control-0139/scratch/ours-Bx-S0/window.tifxyz,scratch/ours-Bx-S0/lattice/p/forward-k0m1-seed42.tif,"clean held out region of pherc0139-w016 (0.1581 cm2), the organisers' online validation case during training; labels mapped from the 2.399 um grid by the affine of evidence/label-map.csv"
positive-control-0139/tools/score.py,2026-09-29T09:54:56Z,ours-Bx-S0,lattice,0,1,forward,seed43,2,0.4982,0.4454,79973,19693,60280,theirs lattice,0.4982,0.4454,79973,19693,3.7110,midpoint of the gap minima,positive-control-0139/scratch/ours-Bx-S0/window.tifxyz,scratch/ours-Bx-S0/lattice/p/forward-k0m1-seed43.tif,"clean held out region of pherc0139-w016 (0.1581 cm2), the organisers' online validation case during training; labels mapped from the 2.399 um grid by the affine of evidence/label-map.csv"
positive-control-0139/tools/score.py,2026-09-29T09:54:56Z,ours-Bx-S0,lattice,0,1,forward,seed43,4,0.4931,0.4259,99783,25518,74265,theirs lattice,0.4931,0.4259,99783,25518,3.7110,midpoint of the gap minima,positive-control-0139/scratch/ours-Bx-S0/window.tifxyz,scratch/ours-Bx-S0/lattice/p/forward-k0m1-seed43.tif,"clean held out region of pherc0139-w016 (0.1581 cm2), the organisers' online validation case during training; labels mapped from the 2.399 um grid by the affine of evidence/label-map.csv"
positive-control-0139/tools/score.py,2026-09-29T09:54:56Z,ours-Bx-S0,lattice,1,0,forward,seed42,2,0.4846,0.5047,79973,19693,60280,theirs lattice,0.4846,0.5047,79973,19693,3.7110,midpoint of the gap minima,positive-control-0139/scratch/ours-Bx-S0/window.tifxyz,scratch/ours-Bx-S0/lattice/p/forward-k1m0-seed42.tif,"clean held out region of pherc0139-w016 (0.1581 cm2), the organisers' online validation case during training; labels mapped from the 2.399 um grid by the affine of evidence/label-map.csv"
positive-control-0139/tools/score.py,2026-09-29T09:54:56Z,ours-Bx-S0,lattice,1,0,forward,seed42,4,0.4877,0.5347,99783,25518,74265,theirs lattice,0.4877,0.5347,99783,25518,3.7110,midpoint of the gap minima,positive-control-0139/scratch/ours-Bx-S0/window.tifxyz,scratch/ours-Bx-S0/lattice/p/forward-k1m0-seed42.tif,"clean held out region of pherc0139-w016 (0.1581 cm2), the organisers' online validation case during training; labels mapped from the 2.399 um grid by the affine of evidence/label-map.csv"
positive-control-0139/tools/score.py,2026-09-29T09:54:56Z,ours-Bx-S0,lattice,1,0,forward,seed43,2,0.4781,0.4675,79973,19693,60280,theirs lattice,0.4781,0.4675,79973,19693,3.7110,midpoint of the gap minima,positive-control-0139/scratch/ours-Bx-S0/window.tifxyz,scratch/ours-Bx-S0/lattice/p/forward-k1m0-seed43.tif,"clean held out region of pherc0139-w016 (0.1581 cm2), the organisers' online validation case during training; labels mapped from the 2.399 um grid by the affine of evidence/label-map.csv"
positive-control-0139/tools/score.py,2026-09-29T09:54:56Z,ours-Bx-S0,lattice,1,0,forward,seed43,4,0.4716,0.4561,99783,25518,74265,theirs lattice,0.4716,0.4561,99783,25518,3.7110,midpoint of the gap minima,positive-control-0139/scratch/ours-Bx-S0/window.tifxyz,scratch/ours-Bx-S0/lattice/p/forward-k1m0-seed43.tif,"clean held out region of pherc0139-w016 (0.1581 cm2), the organisers' online validation case during training; labels mapped from the 2.399 um grid by the affine of evidence/label-map.csv"
positive-control-0139/tools/score.py,2026-09-29T09:54:56Z,ours-Bx-S0,lattice,1,1,forward,seed42,2,0.4878,0.4049,79973,19693,60280,theirs lattice,0.4878,0.4049,79973,19693,3.7110,midpoint of the gap minima,positive-control-0139/scratch/ours-Bx-S0/window.tifxyz,scratch/ours-Bx-S0/lattice/p/forward-k1m1-seed42.tif,"clean held out region of pherc0139-w016 (0.1581 cm2), the organisers' online validation case during training; labels mapped from the 2.399 um grid by the affine of evidence/label-map.csv"
positive-control-0139/tools/score.py,2026-09-29T09:54:56Z,ours-Bx-S0,lattice,1,1,forward,seed42,4,0.4848,0.4236,99783,25518,74265,theirs lattice,0.4848,0.4236,99783,25518,3.7110,midpoint of the gap minima,positive-control-0139/scratch/ours-Bx-S0/window.tifxyz,scratch/ours-Bx-S0/lattice/p/forward-k1m1-seed42.tif,"clean held out region of pherc0139-w016 (0.1581 cm2), the organisers' online validation case during training; labels mapped from the 2.399 um grid by the affine of evidence/label-map.csv"
positive-control-0139/tools/score.py,2026-09-29T09:54:56Z,ours-Bx-S0,lattice,1,1,forward,seed43,2,0.4761,0.4015,79973,19693,60280,theirs lattice,0.4761,0.4015,79973,19693,3.7110,midpoint of the gap minima,positive-control-0139/scratch/ours-Bx-S0/window.tifxyz,scratch/ours-Bx-S0/lattice/p/forward-k1m1-seed43.tif,"clean held out region of pherc0139-w016 (0.1581 cm2), the organisers' online validation case during training; labels mapped from the 2.399 um grid by the affine of evidence/label-map.csv"
positive-control-0139/tools/score.py,2026-09-29T09:54:56Z,ours-Bx-S0,lattice,1,1,forward,seed43,4,0.4718,0.3995,99783,25518,74265,theirs lattice,0.4718,0.3995,99783,25518,3.7110,midpoint of the gap minima,positive-control-0139/scratch/ours-Bx-S0/window.tifxyz,scratch/ours-Bx-S0/lattice/p/forward-k1m1-seed43.tif,"clean held out region of pherc0139-w016 (0.1581 cm2), the organisers' online validation case during training; labels mapped from the 2.399 um grid by the affine of evidence/label-map.csv"
positive-control-0139/tools/score.py,2026-09-29T09:54:56Z,ours-Bx-S0,lattice,2,0,forward,seed42,2,0.5147,0.5035,79973,19693,60280,theirs lattice,0.5147,0.5035,79973,19693,3.7110,midpoint of the gap minima,positive-control-0139/scratch/ours-Bx-S0/window.tifxyz,scratch/ours-Bx-S0/lattice/p/forward-k2m0-seed42.tif,"clean held out region of pherc0139-w016 (0.1581 cm2), the organisers' online validation case during training; labels mapped from the 2.399 um grid by the affine of evidence/label-map.csv"
positive-control-0139/tools/score.py,2026-09-29T09:54:56Z,ours-Bx-S0,lattice,2,0,forward,seed42,4,0.5184,0.5385,99783,25518,74265,theirs lattice,0.5184,0.5385,99783,25518,3.7110,midpoint of the gap minima,positive-control-0139/scratch/ours-Bx-S0/window.tifxyz,scratch/ours-Bx-S0/lattice/p/forward-k2m0-seed42.tif,"clean held out region of pherc0139-w016 (0.1581 cm2), the organisers' online validation case during training; labels mapped from the 2.399 um grid by the affine of evidence/label-map.csv"
positive-control-0139/tools/score.py,2026-09-29T09:54:56Z,ours-Bx-S0,lattice,2,0,forward,seed43,2,0.4781,0.4859,79973,19693,60280,theirs lattice,0.4781,0.4859,79973,19693,3.7110,midpoint of the gap minima,positive-control-0139/scratch/ours-Bx-S0/window.tifxyz,scratch/ours-Bx-S0/lattice/p/forward-k2m0-seed43.tif,"clean held out region of pherc0139-w016 (0.1581 cm2), the organisers' online validation case during training; labels mapped from the 2.399 um grid by the affine of evidence/label-map.csv"
positive-control-0139/tools/score.py,2026-09-29T09:54:56Z,ours-Bx-S0,lattice,2,0,forward,seed43,4,0.4682,0.4767,99783,25518,74265,theirs lattice,0.4682,0.4767,99783,25518,3.7110,midpoint of the gap minima,positive-control-0139/scratch/ours-Bx-S0/window.tifxyz,scratch/ours-Bx-S0/lattice/p/forward-k2m0-seed43.tif,"clean held out region of pherc0139-w016 (0.1581 cm2), the organisers' online validation case during training; labels mapped from the 2.399 um grid by the affine of evidence/label-map.csv"
positive-control-0139/tools/score.py,2026-09-29T09:54:56Z,ours-Bx-S0,lattice,2,1,forward,seed42,2,0.4702,0.4052,79973,19693,60280,theirs lattice,0.4702,0.4052,79973,19693,3.7110,midpoint of the gap minima,positive-control-0139/scratch/ours-Bx-S0/window.tifxyz,scratch/ours-Bx-S0/lattice/p/forward-k2m1-seed42.tif,"clean held out region of pherc0139-w016 (0.1581 cm2), the organisers' online validation case during training; labels mapped from the 2.399 um grid by the affine of evidence/label-map.csv"
positive-control-0139/tools/score.py,2026-09-29T09:54:56Z,ours-Bx-S0,lattice,2,1,forward,seed42,4,0.4589,0.4276,99783,25518,74265,theirs lattice,0.4589,0.4276,99783,25518,3.7110,midpoint of the gap minima,positive-control-0139/scratch/ours-Bx-S0/window.tifxyz,scratch/ours-Bx-S0/lattice/p/forward-k2m1-seed42.tif,"clean held out region of pherc0139-w016 (0.1581 cm2), the organisers' online validation case during training; labels mapped from the 2.399 um grid by the affine of evidence/label-map.csv"
positive-control-0139/tools/score.py,2026-09-29T09:54:56Z,ours-Bx-S0,lattice,2,1,forward,seed43,2,0.4741,0.4932,79973,19693,60280,theirs lattice,0.4741,0.4932,79973,19693,3.7110,midpoint of the gap minima,positive-control-0139/scratch/ours-Bx-S0/window.tifxyz,scratch/ours-Bx-S0/lattice/p/forward-k2m1-seed43.tif,"clean held out region of pherc0139-w016 (0.1581 cm2), the organisers' online validation case during training; labels mapped from the 2.399 um grid by the affine of evidence/label-map.csv"
positive-control-0139/tools/score.py,2026-09-29T09:54:57Z,ours-Bx-S0,lattice,2,1,forward,seed43,4,0.4752,0.5062,99783,25518,74265,theirs lattice,0.4752,0.5062,99783,25518,3.7110,midpoint of the gap minima,positive-control-0139/scratch/ours-Bx-S0/window.tifxyz,scratch/ours-Bx-S0/lattice/p/forward-k2m1-seed43.tif,"clean held out region of pherc0139-w016 (0.1581 cm2), the organisers' online validation case during training; labels mapped from the 2.399 um grid by the affine of evidence/label-map.csv"
positive-control-0139/tools/score.py,2026-09-29T09:54:57Z,ours-Bx-S0,lattice,3,0,forward,seed42,2,0.4774,0.4258,79973,19693,60280,theirs lattice,0.4774,0.4258,79973,19693,3.7110,midpoint of the gap minima,positive-control-0139/scratch/ours-Bx-S0/window.tifxyz,scratch/ours-Bx-S0/lattice/p/forward-k3m0-seed42.tif,"clean held out region of pherc0139-w016 (0.1581 cm2), the organisers' online validation case during training; labels mapped from the 2.399 um grid by the affine of evidence/label-map.csv"
positive-control-0139/tools/score.py,2026-09-29T09:54:57Z,ours-Bx-S0,lattice,3,0,forward,seed42,4,0.4725,0.4593,99783,25518,74265,theirs lattice,0.4725,0.4593,99783,25518,3.7110,midpoint of the gap minima,positive-control-0139/scratch/ours-Bx-S0/window.tifxyz,scratch/ours-Bx-S0/lattice/p/forward-k3m0-seed42.tif,"clean held out region of pherc0139-w016 (0.1581 cm2), the organisers' online validation case during training; labels mapped from the 2.399 um grid by the affine of evidence/label-map.csv"
positive-control-0139/tools/score.py,2026-09-29T09:54:57Z,ours-Bx-S0,lattice,3,0,forward,seed43,2,0.4746,0.4187,79973,19693,60280,theirs lattice,0.4746,0.4187,79973,19693,3.7110,midpoint of the gap minima,positive-control-0139/scratch/ours-Bx-S0/window.tifxyz,scratch/ours-Bx-S0/lattice/p/forward-k3m0-seed43.tif,"clean held out region of pherc0139-w016 (0.1581 cm2), the organisers' online validation case during training; labels mapped from the 2.399 um grid by the affine of evidence/label-map.csv"
positive-control-0139/tools/score.py,2026-09-29T09:54:57Z,ours-Bx-S0,lattice,3,0,forward,seed43,4,0.4697,0.4196,99783,25518,74265,theirs lattice,0.4697,0.4196,99783,25518,3.7110,midpoint of the gap minima,positive-control-0139/scratch/ours-Bx-S0/window.tifxyz,scratch/ours-Bx-S0/lattice/p/forward-k3m0-seed43.tif,"clean held out region of pherc0139-w016 (0.1581 cm2), the organisers' online validation case during training; labels mapped from the 2.399 um grid by the affine of evidence/label-map.csv"
positive-control-0139/tools/score.py,2026-09-29T09:54:57Z,ours-Bx-S0,lattice,3,1,forward,seed42,2,0.5180,0.4410,79973,19693,60280,theirs lattice,0.5180,0.4410,79973,19693,3.7110,midpoint of the gap minima,positive-control-0139/scratch/ours-Bx-S0/window.tifxyz,scratch/ours-Bx-S0/lattice/p/forward-k3m1-seed42.tif,"clean held out region of pherc0139-w016 (0.1581 cm2), the organisers' online validation case during training; labels mapped from the 2.399 um grid by the affine of evidence/label-map.csv"
positive-control-0139/tools/score.py,2026-09-29T09:54:57Z,ours-Bx-S0,lattice,3,1,forward,seed42,4,0.5169,0.4716,99783,25518,74265,theirs lattice,0.5169,0.4716,99783,25518,3.7110,midpoint of the gap minima,positive-control-0139/scratch/ours-Bx-S0/window.tifxyz,scratch/ours-Bx-S0/lattice/p/forward-k3m1-seed42.tif,"clean held out region of pherc0139-w016 (0.1581 cm2), the organisers' online validation case during training; labels mapped from the 2.399 um grid by the affine of evidence/label-map.csv"
positive-control-0139/tools/score.py,2026-09-29T09:54:57Z,ours-Bx-S0,lattice,3,1,forward,seed43,2,0.5037,0.4582,79973,19693,60280,theirs lattice,0.5037,0.4582,79973,19693,3.7110,midpoint of the gap minima,positive-control-0139/scratch/ours-Bx-S0/window.tifxyz,scratch/ours-Bx-S0/lattice/p/forward-k3m1-seed43.tif,"clean held out region of pherc0139-w016 (0.1581 cm2), the organisers' online validation case during training; labels mapped from the 2.399 um grid by the affine of evidence/label-map.csv"
positive-control-0139/tools/score.py,2026-09-29T09:54:57Z,ours-Bx-S0,lattice,3,1,forward,seed43,4,0.4989,0.4743,99783,25518,74265,theirs lattice,0.4989,0.4743,99783,25518,3.7110,midpoint of the gap minima,positive-control-0139/scratch/ours-Bx-S0/window.tifxyz,scratch/ours-Bx-S0/lattice/p/forward-k3m1-seed43.tif,"clean held out region of pherc0139-w016 (0.1581 cm2), the organisers' online validation case during training; labels mapped from the 2.399 um grid by the affine of evidence/label-map.csv"
positive-control-0139/tools/score.py,2026-09-29T09:54:57Z,ours-Bx-S0,lattice,0,0,reverse,seed42,2,0.6554,0.8272,79973,19693,60280,theirs lattice,0.6554,0.8272,79973,19693,-0.2640,midpoint of the gap minima,positive-control-0139/scratch/ours-Bx-S0/window.tifxyz,scratch/ours-Bx-S0/lattice/p/reverse-k0m0-seed42.tif,"clean held out region of pherc0139-w016 (0.1581 cm2), the organisers' online validation case during training; labels mapped from the 2.399 um grid by the affine of evidence/label-map.csv"
positive-control-0139/tools/score.py,2026-09-29T09:54:57Z,ours-Bx-S0,lattice,0,0,reverse,seed42,4,0.6345,0.7737,99783,25518,74265,theirs lattice,0.6345,0.7737,99783,25518,-0.2640,midpoint of the gap minima,positive-control-0139/scratch/ours-Bx-S0/window.tifxyz,scratch/ours-Bx-S0/lattice/p/reverse-k0m0-seed42.tif,"clean held out region of pherc0139-w016 (0.1581 cm2), the organisers' online validation case during training; labels mapped from the 2.399 um grid by the affine of evidence/label-map.csv"
positive-control-0139/tools/score.py,2026-09-29T09:54:57Z,ours-Bx-S0,lattice,0,0,reverse,seed43,2,0.7692,0.8915,79973,19693,60280,theirs lattice,0.7692,0.8915,79973,19693,-0.2640,midpoint of the gap minima,positive-control-0139/scratch/ours-Bx-S0/window.tifxyz,scratch/ours-Bx-S0/lattice/p/reverse-k0m0-seed43.tif,"clean held out region of pherc0139-w016 (0.1581 cm2), the organisers' online validation case during training; labels mapped from the 2.399 um grid by the affine of evidence/label-map.csv"
positive-control-0139/tools/score.py,2026-09-29T09:54:57Z,ours-Bx-S0,lattice,0,0,reverse,seed43,4,0.7436,0.8532,99783,25518,74265,theirs lattice,0.7436,0.8532,99783,25518,-0.2640,midpoint of the gap minima,positive-control-0139/scratch/ours-Bx-S0/window.tifxyz,scratch/ours-Bx-S0/lattice/p/reverse-k0m0-seed43.tif,"clean held out region of pherc0139-w016 (0.1581 cm2), the organisers' online validation case during training; labels mapped from the 2.399 um grid by the affine of evidence/label-map.csv"
positive-control-0139/tools/score.py,2026-09-29T09:54:57Z,ours-Bx-S0,lattice,0,1,reverse,seed42,2,0.6728,0.7926,79973,19693,60280,theirs lattice,0.6728,0.7926,79973,19693,-0.2640,midpoint of the gap minima,positive-control-0139/scratch/ours-Bx-S0/window.tifxyz,scratch/ours-Bx-S0/lattice/p/reverse-k0m1-seed42.tif,"clean held out region of pherc0139-w016 (0.1581 cm2), the organisers' online validation case during training; labels mapped from the 2.399 um grid by the affine of evidence/label-map.csv"
positive-control-0139/tools/score.py,2026-09-29T09:54:57Z,ours-Bx-S0,lattice,0,1,reverse,seed42,4,0.6387,0.7423,99783,25518,74265,theirs lattice,0.6387,0.7423,99783,25518,-0.2640,midpoint of the gap minima,positive-control-0139/scratch/ours-Bx-S0/window.tifxyz,scratch/ours-Bx-S0/lattice/p/reverse-k0m1-seed42.tif,"clean held out region of pherc0139-w016 (0.1581 cm2), the organisers' online validation case during training; labels mapped from the 2.399 um grid by the affine of evidence/label-map.csv"
positive-control-0139/tools/score.py,2026-09-29T09:54:57Z,ours-Bx-S0,lattice,0,1,reverse,seed43,2,0.6335,0.7332,79973,19693,60280,theirs lattice,0.6335,0.7332,79973,19693,-0.2640,midpoint of the gap minima,positive-control-0139/scratch/ours-Bx-S0/window.tifxyz,scratch/ours-Bx-S0/lattice/p/reverse-k0m1-seed43.tif,"clean held out region of pherc0139-w016 (0.1581 cm2), the organisers' online validation case during training; labels mapped from the 2.399 um grid by the affine of evidence/label-map.csv"
positive-control-0139/tools/score.py,2026-09-29T09:54:57Z,ours-Bx-S0,lattice,0,1,reverse,seed43,4,0.6283,0.7022,99783,25518,74265,theirs lattice,0.6283,0.7022,99783,25518,-0.2640,midpoint of the gap minima,positive-control-0139/scratch/ours-Bx-S0/window.tifxyz,scratch/ours-Bx-S0/lattice/p/reverse-k0m1-seed43.tif,"clean held out region of pherc0139-w016 (0.1581 cm2), the organisers' online validation case during training; labels mapped from the 2.399 um grid by the affine of evidence/label-map.csv"
positive-control-0139/tools/score.py,2026-09-29T09:54:57Z,ours-Bx-S0,lattice,1,0,reverse,seed42,2,0.6726,0.7851,79973,19693,60280,theirs lattice,0.6726,0.7851,79973,19693,-0.2640,midpoint of the gap minima,positive-control-0139/scratch/ours-Bx-S0/window.tifxyz,scratch/ours-Bx-S0/lattice/p/reverse-k1m0-seed42.tif,"clean held out region of pherc0139-w016 (0.1581 cm2), the organisers' online validation case during training; labels mapped from the 2.399 um grid by the affine of evidence/label-map.csv"
positive-control-0139/tools/score.py,2026-09-29T09:54:57Z,ours-Bx-S0,lattice,1,0,reverse,seed42,4,0.6342,0.7486,99783,25518,74265,theirs lattice,0.6342,0.7486,99783,25518,-0.2640,midpoint of the gap minima,positive-control-0139/scratch/ours-Bx-S0/window.tifxyz,scratch/ours-Bx-S0/lattice/p/reverse-k1m0-seed42.tif,"clean held out region of pherc0139-w016 (0.1581 cm2), the organisers' online validation case during training; labels mapped from the 2.399 um grid by the affine of evidence/label-map.csv"
positive-control-0139/tools/score.py,2026-09-29T09:54:57Z,ours-Bx-S0,lattice,1,0,reverse,seed43,2,0.6948,0.7754,79973,19693,60280,theirs lattice,0.6948,0.7754,79973,19693,-0.2640,midpoint of the gap minima,positive-control-0139/scratch/ours-Bx-S0/window.tifxyz,scratch/ours-Bx-S0/lattice/p/reverse-k1m0-seed43.tif,"clean held out region of pherc0139-w016 (0.1581 cm2), the organisers' online validation case during training; labels mapped from the 2.399 um grid by the affine of evidence/label-map.csv"
positive-control-0139/tools/score.py,2026-09-29T09:54:57Z,ours-Bx-S0,lattice,1,0,reverse,seed43,4,0.6651,0.7347,99783,25518,74265,theirs lattice,0.6651,0.7347,99783,25518,-0.2640,midpoint of the gap minima,positive-control-0139/scratch/ours-Bx-S0/window.tifxyz,scratch/ours-Bx-S0/lattice/p/reverse-k1m0-seed43.tif,"clean held out region of pherc0139-w016 (0.1581 cm2), the organisers' online validation case during training; labels mapped from the 2.399 um grid by the affine of evidence/label-map.csv"
positive-control-0139/tools/score.py,2026-09-29T09:54:57Z,ours-Bx-S0,lattice,1,1,reverse,seed42,2,0.6803,0.7943,79973,19693,60280,theirs lattice,0.6803,0.7943,79973,19693,-0.2640,midpoint of the gap minima,positive-control-0139/scratch/ours-Bx-S0/window.tifxyz,scratch/ours-Bx-S0/lattice/p/reverse-k1m1-seed42.tif,"clean held out region of pherc0139-w016 (0.1581 cm2), the organisers' online validation case during training; labels mapped from the 2.399 um grid by the affine of evidence/label-map.csv"
positive-control-0139/tools/score.py,2026-09-29T09:54:57Z,ours-Bx-S0,lattice,1,1,reverse,seed42,4,0.6465,0.7550,99783,25518,74265,theirs lattice,0.6465,0.7550,99783,25518,-0.2640,midpoint of the gap minima,positive-control-0139/scratch/ours-Bx-S0/window.tifxyz,scratch/ours-Bx-S0/lattice/p/reverse-k1m1-seed42.tif,"clean held out region of pherc0139-w016 (0.1581 cm2), the organisers' online validation case during training; labels mapped from the 2.399 um grid by the affine of evidence/label-map.csv"
positive-control-0139/tools/score.py,2026-09-29T09:54:57Z,ours-Bx-S0,lattice,1,1,reverse,seed43,2,0.7023,0.7783,79973,19693,60280,theirs lattice,0.7023,0.7783,79973,19693,-0.2640,midpoint of the gap minima,positive-control-0139/scratch/ours-Bx-S0/window.tifxyz,scratch/ours-Bx-S0/lattice/p/reverse-k1m1-seed43.tif,"clean held out region of pherc0139-w016 (0.1581 cm2), the organisers' online validation case during training; labels mapped from the 2.399 um grid by the affine of evidence/label-map.csv"
positive-control-0139/tools/score.py,2026-09-29T09:54:57Z,ours-Bx-S0,lattice,1,1,reverse,seed43,4,0.6592,0.7520,99783,25518,74265,theirs lattice,0.6592,0.7520,99783,25518,-0.2640,midpoint of the gap minima,positive-control-0139/scratch/ours-Bx-S0/window.tifxyz,scratch/ours-Bx-S0/lattice/p/reverse-k1m1-seed43.tif,"clean held out region of pherc0139-w016 (0.1581 cm2), the organisers' online validation case during training; labels mapped from the 2.399 um grid by the affine of evidence/label-map.csv"
positive-control-0139/tools/score.py,2026-09-29T09:54:57Z,ours-Bx-S0,lattice,2,0,reverse,seed42,2,0.7043,0.8263,79973,19693,60280,theirs lattice,0.7043,0.8263,79973,19693,-0.2640,midpoint of the gap minima,positive-control-0139/scratch/ours-Bx-S0/window.tifxyz,scratch/ours-Bx-S0/lattice/p/reverse-k2m0-seed42.tif,"clean held out region of pherc0139-w016 (0.1581 cm2), the organisers' online validation case during training; labels mapped from the 2.399 um grid by the affine of evidence/label-map.csv"
positive-control-0139/tools/score.py,2026-09-29T09:54:57Z,ours-Bx-S0,lattice,2,0,reverse,seed42,4,0.6771,0.7894,99783,25518,74265,theirs lattice,0.6771,0.7894,99783,25518,-0.2640,midpoint of the gap minima,positive-control-0139/scratch/ours-Bx-S0/window.tifxyz,scratch/ours-Bx-S0/lattice/p/reverse-k2m0-seed42.tif,"clean held out region of pherc0139-w016 (0.1581 cm2), the organisers' online validation case during training; labels mapped from the 2.399 um grid by the affine of evidence/label-map.csv"
positive-control-0139/tools/score.py,2026-09-29T09:54:57Z,ours-Bx-S0,lattice,2,0,reverse,seed43,2,0.7456,0.8508,79973,19693,60280,theirs lattice,0.7456,0.8508,79973,19693,-0.2640,midpoint of the gap minima,positive-control-0139/scratch/ours-Bx-S0/window.tifxyz,scratch/ours-Bx-S0/lattice/p/reverse-k2m0-seed43.tif,"clean held out region of pherc0139-w016 (0.1581 cm2), the organisers' online validation case during training; labels mapped from the 2.399 um grid by the affine of evidence/label-map.csv"
positive-control-0139/tools/score.py,2026-09-29T09:54:57Z,ours-Bx-S0,lattice,2,0,reverse,seed43,4,0.7100,0.8213,99783,25518,74265,theirs lattice,0.7100,0.8213,99783,25518,-0.2640,midpoint of the gap minima,positive-control-0139/scratch/ours-Bx-S0/window.tifxyz,scratch/ours-Bx-S0/lattice/p/reverse-k2m0-seed43.tif,"clean held out region of pherc0139-w016 (0.1581 cm2), the organisers' online validation case during training; labels mapped from the 2.399 um grid by the affine of evidence/label-map.csv"
positive-control-0139/tools/score.py,2026-09-29T09:54:57Z,ours-Bx-S0,lattice,2,1,reverse,seed42,2,0.7317,0.8454,79973,19693,60280,theirs lattice,0.7317,0.8454,79973,19693,-0.2640,midpoint of the gap minima,positive-control-0139/scratch/ours-Bx-S0/window.tifxyz,scratch/ours-Bx-S0/lattice/p/reverse-k2m1-seed42.tif,"clean held out region of pherc0139-w016 (0.1581 cm2), the organisers' online validation case during training; labels mapped from the 2.399 um grid by the affine of evidence/label-map.csv"
positive-control-0139/tools/score.py,2026-09-29T09:54:57Z,ours-Bx-S0,lattice,2,1,reverse,seed42,4,0.6976,0.7974,99783,25518,74265,theirs lattice,0.6976,0.7974,99783,25518,-0.2640,midpoint of the gap minima,positive-control-0139/scratch/ours-Bx-S0/window.tifxyz,scratch/ours-Bx-S0/lattice/p/reverse-k2m1-seed42.tif,"clean held out region of pherc0139-w016 (0.1581 cm2), the organisers' online validation case during training; labels mapped from the 2.399 um grid by the affine of evidence/label-map.csv"
positive-control-0139/tools/score.py,2026-09-29T09:54:57Z,ours-Bx-S0,lattice,2,1,reverse,seed43,2,0.6914,0.7830,79973,19693,60280,theirs lattice,0.6914,0.7830,79973,19693,-0.2640,midpoint of the gap minima,positive-control-0139/scratch/ours-Bx-S0/window.tifxyz,scratch/ours-Bx-S0/lattice/p/reverse-k2m1-seed43.tif,"clean held out region of pherc0139-w016 (0.1581 cm2), the organisers' online validation case during training; labels mapped from the 2.399 um grid by the affine of evidence/label-map.csv"
positive-control-0139/tools/score.py,2026-09-29T09:54:57Z,ours-Bx-S0,lattice,2,1,reverse,seed43,4,0.6711,0.7565,99783,25518,74265,theirs lattice,0.6711,0.7565,99783,25518,-0.2640,midpoint of the gap minima,positive-control-0139/scratch/ours-Bx-S0/window.tifxyz,scratch/ours-Bx-S0/lattice/p/reverse-k2m1-seed43.tif,"clean held out region of pherc0139-w016 (0.1581 cm2), the organisers' online validation case during training; labels mapped from the 2.399 um grid by the affine of evidence/label-map.csv"
positive-control-0139/tools/score.py,2026-09-29T09:54:57Z,ours-Bx-S0,lattice,3,0,reverse,seed42,2,0.6018,0.7525,79973,19693,60280,theirs lattice,0.6018,0.7525,79973,19693,-0.2640,midpoint of the gap minima,positive-control-0139/scratch/ours-Bx-S0/window.tifxyz,scratch/ours-Bx-S0/lattice/p/reverse-k3m0-seed42.tif,"clean held out region of pherc0139-w016 (0.1581 cm2), the organisers' online validation case during training; labels mapped from the 2.399 um grid by the affine of evidence/label-map.csv"
positive-control-0139/tools/score.py,2026-09-29T09:54:57Z,ours-Bx-S0,lattice,3,0,reverse,seed42,4,0.5890,0.7077,99783,25518,74265,theirs lattice,0.5890,0.7077,99783,25518,-0.2640,midpoint of the gap minima,positive-control-0139/scratch/ours-Bx-S0/window.tifxyz,scratch/ours-Bx-S0/lattice/p/reverse-k3m0-seed42.tif,"clean held out region of pherc0139-w016 (0.1581 cm2), the organisers' online validation case during training; labels mapped from the 2.399 um grid by the affine of evidence/label-map.csv"
positive-control-0139/tools/score.py,2026-09-29T09:54:57Z,ours-Bx-S0,lattice,3,0,reverse,seed43,2,0.7348,0.8751,79973,19693,60280,theirs lattice,0.7348,0.8751,79973,19693,-0.2640,midpoint of the gap minima,positive-control-0139/scratch/ours-Bx-S0/window.tifxyz,scratch/ours-Bx-S0/lattice/p/reverse-k3m0-seed43.tif,"clean held out region of pherc0139-w016 (0.1581 cm2), the organisers' online validation case during training; labels mapped from the 2.399 um grid by the affine of evidence/label-map.csv"
positive-control-0139/tools/score.py,2026-09-29T09:54:57Z,ours-Bx-S0,lattice,3,0,reverse,seed43,4,0.7061,0.8473,99783,25518,74265,theirs lattice,0.7061,0.8473,99783,25518,-0.2640,midpoint of the gap minima,positive-control-0139/scratch/ours-Bx-S0/window.tifxyz,scratch/ours-Bx-S0/lattice/p/reverse-k3m0-seed43.tif,"clean held out region of pherc0139-w016 (0.1581 cm2), the organisers' online validation case during training; labels mapped from the 2.399 um grid by the affine of evidence/label-map.csv"
positive-control-0139/tools/score.py,2026-09-29T09:54:57Z,ours-Bx-S0,lattice,3,1,reverse,seed42,2,0.7163,0.8402,79973,19693,60280,theirs lattice,0.7163,0.8402,79973,19693,-0.2640,midpoint of the gap minima,positive-control-0139/scratch/ours-Bx-S0/window.tifxyz,scratch/ours-Bx-S0/lattice/p/reverse-k3m1-seed42.tif,"clean held out region of pherc0139-w016 (0.1581 cm2), the organisers' online validation case during training; labels mapped from the 2.399 um grid by the affine of evidence/label-map.csv"
positive-control-0139/tools/score.py,2026-09-29T09:54:57Z,ours-Bx-S0,lattice,3,1,reverse,seed42,4,0.6944,0.8153,99783,25518,74265,theirs lattice,0.6944,0.8153,99783,25518,-0.2640,midpoint of the gap minima,positive-control-0139/scratch/ours-Bx-S0/window.tifxyz,scratch/ours-Bx-S0/lattice/p/reverse-k3m1-seed42.tif,"clean held out region of pherc0139-w016 (0.1581 cm2), the organisers' online validation case during training; labels mapped from the 2.399 um grid by the affine of evidence/label-map.csv"
positive-control-0139/tools/score.py,2026-09-29T09:54:57Z,ours-Bx-S0,lattice,3,1,reverse,seed43,2,0.5668,0.7796,79973,19693,60280,theirs lattice,0.5668,0.7796,79973,19693,-0.2640,midpoint of the gap minima,positive-control-0139/scratch/ours-Bx-S0/window.tifxyz,scratch/ours-Bx-S0/lattice/p/reverse-k3m1-seed43.tif,"clean held out region of pherc0139-w016 (0.1581 cm2), the organisers' online validation case during training; labels mapped from the 2.399 um grid by the affine of evidence/label-map.csv"
positive-control-0139/tools/score.py,2026-09-29T09:54:57Z,ours-Bx-S0,lattice,3,1,reverse,seed43,4,0.5486,0.7356,99783,25518,74265,theirs lattice,0.5486,0.7356,99783,25518,-0.2640,midpoint of the gap minima,positive-control-0139/scratch/ours-Bx-S0/window.tifxyz,scratch/ours-Bx-S0/lattice/p/reverse-k3m1-seed43.tif,"clean held out region of pherc0139-w016 (0.1581 cm2), the organisers' online validation case during training; labels mapped from the 2.399 um grid by the affine of evidence/label-map.csv"
positive-control-0139/tools/score.py,2026-09-29T09:55:00Z,theirs,lattice,0,0,forward,seed42,2,0.6673,0.7797,79973,19693,60280,ours-Bx-S0 lattice,0.6678,0.7691,171693,40331,-1.2690,midpoint of the gap minima,positive-control-0139/scratch/theirs/window.tifxyz,scratch/theirs/lattice/p/forward-k0m0-seed42.tif,"clean held out region of pherc0139-w016 (0.1581 cm2), the organisers' online validation case during training; labels mapped from the 2.399 um grid by the affine of evidence/label-map.csv"
positive-control-0139/tools/score.py,2026-09-29T09:55:00Z,theirs,lattice,0,0,forward,seed42,4,0.6544,0.7825,99783,25518,74265,ours-Bx-S0 lattice,0.6678,0.7691,171693,40331,-1.2690,midpoint of the gap minima,positive-control-0139/scratch/theirs/window.tifxyz,scratch/theirs/lattice/p/forward-k0m0-seed42.tif,"clean held out region of pherc0139-w016 (0.1581 cm2), the organisers' online validation case during training; labels mapped from the 2.399 um grid by the affine of evidence/label-map.csv"
positive-control-0139/tools/score.py,2026-09-29T09:55:00Z,theirs,lattice,0,0,forward,seed43,2,0.7811,0.8719,79973,19693,60280,ours-Bx-S0 lattice,0.7188,0.8380,171693,40331,-1.2690,midpoint of the gap minima,positive-control-0139/scratch/theirs/window.tifxyz,scratch/theirs/lattice/p/forward-k0m0-seed43.tif,"clean held out region of pherc0139-w016 (0.1581 cm2), the organisers' online validation case during training; labels mapped from the 2.399 um grid by the affine of evidence/label-map.csv"
positive-control-0139/tools/score.py,2026-09-29T09:55:00Z,theirs,lattice,0,0,forward,seed43,4,0.7659,0.8645,99783,25518,74265,ours-Bx-S0 lattice,0.7188,0.8380,171693,40331,-1.2690,midpoint of the gap minima,positive-control-0139/scratch/theirs/window.tifxyz,scratch/theirs/lattice/p/forward-k0m0-seed43.tif,"clean held out region of pherc0139-w016 (0.1581 cm2), the organisers' online validation case during training; labels mapped from the 2.399 um grid by the affine of evidence/label-map.csv"
positive-control-0139/tools/score.py,2026-09-29T09:55:00Z,theirs,lattice,0,1,forward,seed42,2,0.7154,0.7871,79973,19693,60280,ours-Bx-S0 lattice,0.6454,0.7506,171693,40331,-1.2690,midpoint of the gap minima,positive-control-0139/scratch/theirs/window.tifxyz,scratch/theirs/lattice/p/forward-k0m1-seed42.tif,"clean held out region of pherc0139-w016 (0.1581 cm2), the organisers' online validation case during training; labels mapped from the 2.399 um grid by the affine of evidence/label-map.csv"
positive-control-0139/tools/score.py,2026-09-29T09:55:00Z,theirs,lattice,0,1,forward,seed42,4,0.6870,0.7583,99783,25518,74265,ours-Bx-S0 lattice,0.6454,0.7506,171693,40331,-1.2690,midpoint of the gap minima,positive-control-0139/scratch/theirs/window.tifxyz,scratch/theirs/lattice/p/forward-k0m1-seed42.tif,"clean held out region of pherc0139-w016 (0.1581 cm2), the organisers' online validation case during training; labels mapped from the 2.399 um grid by the affine of evidence/label-map.csv"
positive-control-0139/tools/score.py,2026-09-29T09:55:00Z,theirs,lattice,0,1,forward,seed43,2,0.7563,0.8080,79973,19693,60280,ours-Bx-S0 lattice,0.6761,0.7736,171693,40331,-1.2690,midpoint of the gap minima,positive-control-0139/scratch/theirs/window.tifxyz,scratch/theirs/lattice/p/forward-k0m1-seed43.tif,"clean held out region of pherc0139-w016 (0.1581 cm2), the organisers' online validation case during training; labels mapped from the 2.399 um grid by the affine of evidence/label-map.csv"
positive-control-0139/tools/score.py,2026-09-29T09:55:00Z,theirs,lattice,0,1,forward,seed43,4,0.7402,0.8063,99783,25518,74265,ours-Bx-S0 lattice,0.6761,0.7736,171693,40331,-1.2690,midpoint of the gap minima,positive-control-0139/scratch/theirs/window.tifxyz,scratch/theirs/lattice/p/forward-k0m1-seed43.tif,"clean held out region of pherc0139-w016 (0.1581 cm2), the organisers' online validation case during training; labels mapped from the 2.399 um grid by the affine of evidence/label-map.csv"
positive-control-0139/tools/score.py,2026-09-29T09:55:00Z,theirs,lattice,1,0,forward,seed42,2,0.7596,0.8871,79973,19693,60280,ours-Bx-S0 lattice,0.6778,0.8187,171693,40331,-1.2690,midpoint of the gap minima,positive-control-0139/scratch/theirs/window.tifxyz,scratch/theirs/lattice/p/forward-k1m0-seed42.tif,"clean held out region of pherc0139-w016 (0.1581 cm2), the organisers' online validation case during training; labels mapped from the 2.399 um grid by the affine of evidence/label-map.csv"
positive-control-0139/tools/score.py,2026-09-29T09:55:00Z,theirs,lattice,1,0,forward,seed42,4,0.7446,0.8673,99783,25518,74265,ours-Bx-S0 lattice,0.6778,0.8187,171693,40331,-1.2690,midpoint of the gap minima,positive-control-0139/scratch/theirs/window.tifxyz,scratch/theirs/lattice/p/forward-k1m0-seed42.tif,"clean held out region of pherc0139-w016 (0.1581 cm2), the organisers' online validation case during training; labels mapped from the 2.399 um grid by the affine of evidence/label-map.csv"
positive-control-0139/tools/score.py,2026-09-29T09:55:00Z,theirs,lattice,1,0,forward,seed43,2,0.7562,0.8093,79973,19693,60280,ours-Bx-S0 lattice,0.7067,0.8043,171693,40331,-1.2690,midpoint of the gap minima,positive-control-0139/scratch/theirs/window.tifxyz,scratch/theirs/lattice/p/forward-k1m0-seed43.tif,"clean held out region of pherc0139-w016 (0.1581 cm2), the organisers' online validation case during training; labels mapped from the 2.399 um grid by the affine of evidence/label-map.csv"
positive-control-0139/tools/score.py,2026-09-29T09:55:00Z,theirs,lattice,1,0,forward,seed43,4,0.7365,0.8061,99783,25518,74265,ours-Bx-S0 lattice,0.7067,0.8043,171693,40331,-1.2690,midpoint of the gap minima,positive-control-0139/scratch/theirs/window.tifxyz,scratch/theirs/lattice/p/forward-k1m0-seed43.tif,"clean held out region of pherc0139-w016 (0.1581 cm2), the organisers' online validation case during training; labels mapped from the 2.399 um grid by the affine of evidence/label-map.csv"
positive-control-0139/tools/score.py,2026-09-29T09:55:00Z,theirs,lattice,1,1,forward,seed42,2,0.7891,0.8655,79973,19693,60280,ours-Bx-S0 lattice,0.6850,0.8036,171693,40331,-1.2690,midpoint of the gap minima,positive-control-0139/scratch/theirs/window.tifxyz,scratch/theirs/lattice/p/forward-k1m1-seed42.tif,"clean held out region of pherc0139-w016 (0.1581 cm2), the organisers' online validation case during training; labels mapped from the 2.399 um grid by the affine of evidence/label-map.csv"
positive-control-0139/tools/score.py,2026-09-29T09:55:00Z,theirs,lattice,1,1,forward,seed42,4,0.7625,0.8378,99783,25518,74265,ours-Bx-S0 lattice,0.6850,0.8036,171693,40331,-1.2690,midpoint of the gap minima,positive-control-0139/scratch/theirs/window.tifxyz,scratch/theirs/lattice/p/forward-k1m1-seed42.tif,"clean held out region of pherc0139-w016 (0.1581 cm2), the organisers' online validation case during training; labels mapped from the 2.399 um grid by the affine of evidence/label-map.csv"
positive-control-0139/tools/score.py,2026-09-29T09:55:00Z,theirs,lattice,1,1,forward,seed43,2,0.8519,0.9067,79973,19693,60280,ours-Bx-S0 lattice,0.7671,0.8481,171693,40331,-1.2690,midpoint of the gap minima,positive-control-0139/scratch/theirs/window.tifxyz,scratch/theirs/lattice/p/forward-k1m1-seed43.tif,"clean held out region of pherc0139-w016 (0.1581 cm2), the organisers' online validation case during training; labels mapped from the 2.399 um grid by the affine of evidence/label-map.csv"
positive-control-0139/tools/score.py,2026-09-29T09:55:00Z,theirs,lattice,1,1,forward,seed43,4,0.8245,0.8792,99783,25518,74265,ours-Bx-S0 lattice,0.7671,0.8481,171693,40331,-1.2690,midpoint of the gap minima,positive-control-0139/scratch/theirs/window.tifxyz,scratch/theirs/lattice/p/forward-k1m1-seed43.tif,"clean held out region of pherc0139-w016 (0.1581 cm2), the organisers' online validation case during training; labels mapped from the 2.399 um grid by the affine of evidence/label-map.csv"
positive-control-0139/tools/score.py,2026-09-29T09:55:00Z,theirs,lattice,2,0,forward,seed42,2,0.7688,0.8802,79973,19693,60280,ours-Bx-S0 lattice,0.6927,0.7985,171693,40331,-1.2690,midpoint of the gap minima,positive-control-0139/scratch/theirs/window.tifxyz,scratch/theirs/lattice/p/forward-k2m0-seed42.tif,"clean held out region of pherc0139-w016 (0.1581 cm2), the organisers' online validation case during training; labels mapped from the 2.399 um grid by the affine of evidence/label-map.csv"
positive-control-0139/tools/score.py,2026-09-29T09:55:00Z,theirs,lattice,2,0,forward,seed42,4,0.7511,0.8611,99783,25518,74265,ours-Bx-S0 lattice,0.6927,0.7985,171693,40331,-1.2690,midpoint of the gap minima,positive-control-0139/scratch/theirs/window.tifxyz,scratch/theirs/lattice/p/forward-k2m0-seed42.tif,"clean held out region of pherc0139-w016 (0.1581 cm2), the organisers' online validation case during training; labels mapped from the 2.399 um grid by the affine of evidence/label-map.csv"
positive-control-0139/tools/score.py,2026-09-29T09:55:00Z,theirs,lattice,2,0,forward,seed43,2,0.7705,0.8478,79973,19693,60280,ours-Bx-S0 lattice,0.7231,0.8237,171693,40331,-1.2690,midpoint of the gap minima,positive-control-0139/scratch/theirs/window.tifxyz,scratch/theirs/lattice/p/forward-k2m0-seed43.tif,"clean held out region of pherc0139-w016 (0.1581 cm2), the organisers' online validation case during training; labels mapped from the 2.399 um grid by the affine of evidence/label-map.csv"
positive-control-0139/tools/score.py,2026-09-29T09:55:00Z,theirs,lattice,2,0,forward,seed43,4,0.7534,0.8401,99783,25518,74265,ours-Bx-S0 lattice,0.7231,0.8237,171693,40331,-1.2690,midpoint of the gap minima,positive-control-0139/scratch/theirs/window.tifxyz,scratch/theirs/lattice/p/forward-k2m0-seed43.tif,"clean held out region of pherc0139-w016 (0.1581 cm2), the organisers' online validation case during training; labels mapped from the 2.399 um grid by the affine of evidence/label-map.csv"
positive-control-0139/tools/score.py,2026-09-29T09:55:00Z,theirs,lattice,2,1,forward,seed42,2,0.6920,0.8364,79973,19693,60280,ours-Bx-S0 lattice,0.6643,0.7909,171693,40331,-1.2690,midpoint of the gap minima,positive-control-0139/scratch/theirs/window.tifxyz,scratch/theirs/lattice/p/forward-k2m1-seed42.tif,"clean held out region of pherc0139-w016 (0.1581 cm2), the organisers' online validation case during training; labels mapped from the 2.399 um grid by the affine of evidence/label-map.csv"
positive-control-0139/tools/score.py,2026-09-29T09:55:00Z,theirs,lattice,2,1,forward,seed42,4,0.6623,0.8053,99783,25518,74265,ours-Bx-S0 lattice,0.6643,0.7909,171693,40331,-1.2690,midpoint of the gap minima,positive-control-0139/scratch/theirs/window.tifxyz,scratch/theirs/lattice/p/forward-k2m1-seed42.tif,"clean held out region of pherc0139-w016 (0.1581 cm2), the organisers' online validation case during training; labels mapped from the 2.399 um grid by the affine of evidence/label-map.csv"
positive-control-0139/tools/score.py,2026-09-29T09:55:00Z,theirs,lattice,2,1,forward,seed43,2,0.7497,0.8264,79973,19693,60280,ours-Bx-S0 lattice,0.7044,0.8435,171693,40331,-1.2690,midpoint of the gap minima,positive-control-0139/scratch/theirs/window.tifxyz,scratch/theirs/lattice/p/forward-k2m1-seed43.tif,"clean held out region of pherc0139-w016 (0.1581 cm2), the organisers' online validation case during training; labels mapped from the 2.399 um grid by the affine of evidence/label-map.csv"
positive-control-0139/tools/score.py,2026-09-29T09:55:00Z,theirs,lattice,2,1,forward,seed43,4,0.7384,0.8304,99783,25518,74265,ours-Bx-S0 lattice,0.7044,0.8435,171693,40331,-1.2690,midpoint of the gap minima,positive-control-0139/scratch/theirs/window.tifxyz,scratch/theirs/lattice/p/forward-k2m1-seed43.tif,"clean held out region of pherc0139-w016 (0.1581 cm2), the organisers' online validation case during training; labels mapped from the 2.399 um grid by the affine of evidence/label-map.csv"
positive-control-0139/tools/score.py,2026-09-29T09:55:00Z,theirs,lattice,3,0,forward,seed42,2,0.7700,0.8430,79973,19693,60280,ours-Bx-S0 lattice,0.7106,0.8049,171693,40331,-1.2690,midpoint of the gap minima,positive-control-0139/scratch/theirs/window.tifxyz,scratch/theirs/lattice/p/forward-k3m0-seed42.tif,"clean held out region of pherc0139-w016 (0.1581 cm2), the organisers' online validation case during training; labels mapped from the 2.399 um grid by the affine of evidence/label-map.csv"
positive-control-0139/tools/score.py,2026-09-29T09:55:00Z,theirs,lattice,3,0,forward,seed42,4,0.7440,0.8262,99783,25518,74265,ours-Bx-S0 lattice,0.7106,0.8049,171693,40331,-1.2690,midpoint of the gap minima,positive-control-0139/scratch/theirs/window.tifxyz,scratch/theirs/lattice/p/forward-k3m0-seed42.tif,"clean held out region of pherc0139-w016 (0.1581 cm2), the organisers' online validation case during training; labels mapped from the 2.399 um grid by the affine of evidence/label-map.csv"
positive-control-0139/tools/score.py,2026-09-29T09:55:00Z,theirs,lattice,3,0,forward,seed43,2,0.7805,0.8363,79973,19693,60280,ours-Bx-S0 lattice,0.6848,0.7848,171693,40331,-1.2690,midpoint of the gap minima,positive-control-0139/scratch/theirs/window.tifxyz,scratch/theirs/lattice/p/forward-k3m0-seed43.tif,"clean held out region of pherc0139-w016 (0.1581 cm2), the organisers' online validation case during training; labels mapped from the 2.399 um grid by the affine of evidence/label-map.csv"
positive-control-0139/tools/score.py,2026-09-29T09:55:00Z,theirs,lattice,3,0,forward,seed43,4,0.7655,0.8216,99783,25518,74265,ours-Bx-S0 lattice,0.6848,0.7848,171693,40331,-1.2690,midpoint of the gap minima,positive-control-0139/scratch/theirs/window.tifxyz,scratch/theirs/lattice/p/forward-k3m0-seed43.tif,"clean held out region of pherc0139-w016 (0.1581 cm2), the organisers' online validation case during training; labels mapped from the 2.399 um grid by the affine of evidence/label-map.csv"
positive-control-0139/tools/score.py,2026-09-29T09:55:00Z,theirs,lattice,3,1,forward,seed42,2,0.7540,0.8211,79973,19693,60280,ours-Bx-S0 lattice,0.7609,0.8371,171693,40331,-1.2690,midpoint of the gap minima,positive-control-0139/scratch/theirs/window.tifxyz,scratch/theirs/lattice/p/forward-k3m1-seed42.tif,"clean held out region of pherc0139-w016 (0.1581 cm2), the organisers' online validation case during training; labels mapped from the 2.399 um grid by the affine of evidence/label-map.csv"
positive-control-0139/tools/score.py,2026-09-29T09:55:00Z,theirs,lattice,3,1,forward,seed42,4,0.7340,0.8107,99783,25518,74265,ours-Bx-S0 lattice,0.7609,0.8371,171693,40331,-1.2690,midpoint of the gap minima,positive-control-0139/scratch/theirs/window.tifxyz,scratch/theirs/lattice/p/forward-k3m1-seed42.tif,"clean held out region of pherc0139-w016 (0.1581 cm2), the organisers' online validation case during training; labels mapped from the 2.399 um grid by the affine of evidence/label-map.csv"
positive-control-0139/tools/score.py,2026-09-29T09:55:00Z,theirs,lattice,3,1,forward,seed43,2,0.7787,0.8418,79973,19693,60280,ours-Bx-S0 lattice,0.7605,0.8284,171693,40331,-1.2690,midpoint of the gap minima,positive-control-0139/scratch/theirs/window.tifxyz,scratch/theirs/lattice/p/forward-k3m1-seed43.tif,"clean held out region of pherc0139-w016 (0.1581 cm2), the organisers' online validation case during training; labels mapped from the 2.399 um grid by the affine of evidence/label-map.csv"
positive-control-0139/tools/score.py,2026-09-29T09:55:00Z,theirs,lattice,3,1,forward,seed43,4,0.7651,0.8264,99783,25518,74265,ours-Bx-S0 lattice,0.7605,0.8284,171693,40331,-1.2690,midpoint of the gap minima,positive-control-0139/scratch/theirs/window.tifxyz,scratch/theirs/lattice/p/forward-k3m1-seed43.tif,"clean held out region of pherc0139-w016 (0.1581 cm2), the organisers' online validation case during training; labels mapped from the 2.399 um grid by the affine of evidence/label-map.csv"
positive-control-0139/tools/score.py,2026-09-29T09:55:01Z,theirs,lattice,0,0,reverse,seed42,2,0.4943,0.4887,79973,19693,60280,ours-Bx-S0 lattice,0.5169,0.5273,171693,40331,-5.2440,midpoint of the gap minima,positive-control-0139/scratch/theirs/window.tifxyz,scratch/theirs/lattice/p/reverse-k0m0-seed42.tif,"clean held out region of pherc0139-w016 (0.1581 cm2), the organisers' online validation case during training; labels mapped from the 2.399 um grid by the affine of evidence/label-map.csv"
positive-control-0139/tools/score.py,2026-09-29T09:55:01Z,theirs,lattice,0,0,reverse,seed42,4,0.4935,0.5070,99783,25518,74265,ours-Bx-S0 lattice,0.5169,0.5273,171693,40331,-5.2440,midpoint of the gap minima,positive-control-0139/scratch/theirs/window.tifxyz,scratch/theirs/lattice/p/reverse-k0m0-seed42.tif,"clean held out region of pherc0139-w016 (0.1581 cm2), the organisers' online validation case during training; labels mapped from the 2.399 um grid by the affine of evidence/label-map.csv"
positive-control-0139/tools/score.py,2026-09-29T09:55:01Z,theirs,lattice,0,0,reverse,seed43,2,0.5015,0.4490,79973,19693,60280,ours-Bx-S0 lattice,0.4832,0.5596,171693,40331,-5.2440,midpoint of the gap minima,positive-control-0139/scratch/theirs/window.tifxyz,scratch/theirs/lattice/p/reverse-k0m0-seed43.tif,"clean held out region of pherc0139-w016 (0.1581 cm2), the organisers' online validation case during training; labels mapped from the 2.399 um grid by the affine of evidence/label-map.csv"
positive-control-0139/tools/score.py,2026-09-29T09:55:01Z,theirs,lattice,0,0,reverse,seed43,4,0.4962,0.5029,99783,25518,74265,ours-Bx-S0 lattice,0.4832,0.5596,171693,40331,-5.2440,midpoint of the gap minima,positive-control-0139/scratch/theirs/window.tifxyz,scratch/theirs/lattice/p/reverse-k0m0-seed43.tif,"clean held out region of pherc0139-w016 (0.1581 cm2), the organisers' online validation case during training; labels mapped from the 2.399 um grid by the affine of evidence/label-map.csv"
positive-control-0139/tools/score.py,2026-09-29T09:55:01Z,theirs,lattice,0,1,reverse,seed42,2,0.4768,0.4014,79973,19693,60280,ours-Bx-S0 lattice,0.5347,0.4698,171693,40331,-5.2440,midpoint of the gap minima,positive-control-0139/scratch/theirs/window.tifxyz,scratch/theirs/lattice/p/reverse-k0m1-seed42.tif,"clean held out region of pherc0139-w016 (0.1581 cm2), the organisers' online validation case during training; labels mapped from the 2.399 um grid by the affine of evidence/label-map.csv"
positive-control-0139/tools/score.py,2026-09-29T09:55:01Z,theirs,lattice,0,1,reverse,seed42,4,0.4913,0.4235,99783,25518,74265,ours-Bx-S0 lattice,0.5347,0.4698,171693,40331,-5.2440,midpoint of the gap minima,positive-control-0139/scratch/theirs/window.tifxyz,scratch/theirs/lattice/p/reverse-k0m1-seed42.tif,"clean held out region of pherc0139-w016 (0.1581 cm2), the organisers' online validation case during training; labels mapped from the 2.399 um grid by the affine of evidence/label-map.csv"
positive-control-0139/tools/score.py,2026-09-29T09:55:01Z,theirs,lattice,0,1,reverse,seed43,2,0.4866,0.4403,79973,19693,60280,ours-Bx-S0 lattice,0.4595,0.4198,171693,40331,-5.2440,midpoint of the gap minima,positive-control-0139/scratch/theirs/window.tifxyz,scratch/theirs/lattice/p/reverse-k0m1-seed43.tif,"clean held out region of pherc0139-w016 (0.1581 cm2), the organisers' online validation case during training; labels mapped from the 2.399 um grid by the affine of evidence/label-map.csv"
positive-control-0139/tools/score.py,2026-09-29T09:55:01Z,theirs,lattice,0,1,reverse,seed43,4,0.4837,0.4673,99783,25518,74265,ours-Bx-S0 lattice,0.4595,0.4198,171693,40331,-5.2440,midpoint of the gap minima,positive-control-0139/scratch/theirs/window.tifxyz,scratch/theirs/lattice/p/reverse-k0m1-seed43.tif,"clean held out region of pherc0139-w016 (0.1581 cm2), the organisers' online validation case during training; labels mapped from the 2.399 um grid by the affine of evidence/label-map.csv"
positive-control-0139/tools/score.py,2026-09-29T09:55:01Z,theirs,lattice,1,0,reverse,seed42,2,0.5329,0.4508,79973,19693,60280,ours-Bx-S0 lattice,0.5232,0.4970,171693,40331,-5.2440,midpoint of the gap minima,positive-control-0139/scratch/theirs/window.tifxyz,scratch/theirs/lattice/p/reverse-k1m0-seed42.tif,"clean held out region of pherc0139-w016 (0.1581 cm2), the organisers' online validation case during training; labels mapped from the 2.399 um grid by the affine of evidence/label-map.csv"
positive-control-0139/tools/score.py,2026-09-29T09:55:01Z,theirs,lattice,1,0,reverse,seed42,4,0.5453,0.5006,99783,25518,74265,ours-Bx-S0 lattice,0.5232,0.4970,171693,40331,-5.2440,midpoint of the gap minima,positive-control-0139/scratch/theirs/window.tifxyz,scratch/theirs/lattice/p/reverse-k1m0-seed42.tif,"clean held out region of pherc0139-w016 (0.1581 cm2), the organisers' online validation case during training; labels mapped from the 2.399 um grid by the affine of evidence/label-map.csv"
positive-control-0139/tools/score.py,2026-09-29T09:55:01Z,theirs,lattice,1,0,reverse,seed43,2,0.4912,0.4413,79973,19693,60280,ours-Bx-S0 lattice,0.4621,0.4692,171693,40331,-5.2440,midpoint of the gap minima,positive-control-0139/scratch/theirs/window.tifxyz,scratch/theirs/lattice/p/reverse-k1m0-seed43.tif,"clean held out region of pherc0139-w016 (0.1581 cm2), the organisers' online validation case during training; labels mapped from the 2.399 um grid by the affine of evidence/label-map.csv"
positive-control-0139/tools/score.py,2026-09-29T09:55:01Z,theirs,lattice,1,0,reverse,seed43,4,0.4841,0.4883,99783,25518,74265,ours-Bx-S0 lattice,0.4621,0.4692,171693,40331,-5.2440,midpoint of the gap minima,positive-control-0139/scratch/theirs/window.tifxyz,scratch/theirs/lattice/p/reverse-k1m0-seed43.tif,"clean held out region of pherc0139-w016 (0.1581 cm2), the organisers' online validation case during training; labels mapped from the 2.399 um grid by the affine of evidence/label-map.csv"
positive-control-0139/tools/score.py,2026-09-29T09:55:01Z,theirs,lattice,1,1,reverse,seed42,2,0.5270,0.4471,79973,19693,60280,ours-Bx-S0 lattice,0.5444,0.5682,171693,40331,-5.2440,midpoint of the gap minima,positive-control-0139/scratch/theirs/window.tifxyz,scratch/theirs/lattice/p/reverse-k1m1-seed42.tif,"clean held out region of pherc0139-w016 (0.1581 cm2), the organisers' online validation case during training; labels mapped from the 2.399 um grid by the affine of evidence/label-map.csv"
positive-control-0139/tools/score.py,2026-09-29T09:55:01Z,theirs,lattice,1,1,reverse,seed42,4,0.5375,0.4971,99783,25518,74265,ours-Bx-S0 lattice,0.5444,0.5682,171693,40331,-5.2440,midpoint of the gap minima,positive-control-0139/scratch/theirs/window.tifxyz,scratch/theirs/lattice/p/reverse-k1m1-seed42.tif,"clean held out region of pherc0139-w016 (0.1581 cm2), the organisers' online validation case during training; labels mapped from the 2.399 um grid by the affine of evidence/label-map.csv"
positive-control-0139/tools/score.py,2026-09-29T09:55:01Z,theirs,lattice,1,1,reverse,seed43,2,0.5199,0.5353,79973,19693,60280,ours-Bx-S0 lattice,0.5254,0.5833,171693,40331,-5.2440,midpoint of the gap minima,positive-control-0139/scratch/theirs/window.tifxyz,scratch/theirs/lattice/p/reverse-k1m1-seed43.tif,"clean held out region of pherc0139-w016 (0.1581 cm2), the organisers' online validation case during training; labels mapped from the 2.399 um grid by the affine of evidence/label-map.csv"
positive-control-0139/tools/score.py,2026-09-29T09:55:01Z,theirs,lattice,1,1,reverse,seed43,4,0.5394,0.5778,99783,25518,74265,ours-Bx-S0 lattice,0.5254,0.5833,171693,40331,-5.2440,midpoint of the gap minima,positive-control-0139/scratch/theirs/window.tifxyz,scratch/theirs/lattice/p/reverse-k1m1-seed43.tif,"clean held out region of pherc0139-w016 (0.1581 cm2), the organisers' online validation case during training; labels mapped from the 2.399 um grid by the affine of evidence/label-map.csv"
positive-control-0139/tools/score.py,2026-09-29T09:55:01Z,theirs,lattice,2,0,reverse,seed42,2,0.5313,0.3492,79973,19693,60280,ours-Bx-S0 lattice,0.5513,0.5569,171693,40331,-5.2440,midpoint of the gap minima,positive-control-0139/scratch/theirs/window.tifxyz,scratch/theirs/lattice/p/reverse-k2m0-seed42.tif,"clean held out region of pherc0139-w016 (0.1581 cm2), the organisers' online validation case during training; labels mapped from the 2.399 um grid by the affine of evidence/label-map.csv"
positive-control-0139/tools/score.py,2026-09-29T09:55:01Z,theirs,lattice,2,0,reverse,seed42,4,0.5467,0.4061,99783,25518,74265,ours-Bx-S0 lattice,0.5513,0.5569,171693,40331,-5.2440,midpoint of the gap minima,positive-control-0139/scratch/theirs/window.tifxyz,scratch/theirs/lattice/p/reverse-k2m0-seed42.tif,"clean held out region of pherc0139-w016 (0.1581 cm2), the organisers' online validation case during training; labels mapped from the 2.399 um grid by the affine of evidence/label-map.csv"
positive-control-0139/tools/score.py,2026-09-29T09:55:01Z,theirs,lattice,2,0,reverse,seed43,2,0.5076,0.4218,79973,19693,60280,ours-Bx-S0 lattice,0.4942,0.4873,171693,40331,-5.2440,midpoint of the gap minima,positive-control-0139/scratch/theirs/window.tifxyz,scratch/theirs/lattice/p/reverse-k2m0-seed43.tif,"clean held out region of pherc0139-w016 (0.1581 cm2), the organisers' online validation case during training; labels mapped from the 2.399 um grid by the affine of evidence/label-map.csv"
positive-control-0139/tools/score.py,2026-09-29T09:55:01Z,theirs,lattice,2,0,reverse,seed43,4,0.4995,0.4666,99783,25518,74265,ours-Bx-S0 lattice,0.4942,0.4873,171693,40331,-5.2440,midpoint of the gap minima,positive-control-0139/scratch/theirs/window.tifxyz,scratch/theirs/lattice/p/reverse-k2m0-seed43.tif,"clean held out region of pherc0139-w016 (0.1581 cm2), the organisers' online validation case during training; labels mapped from the 2.399 um grid by the affine of evidence/label-map.csv"
positive-control-0139/tools/score.py,2026-09-29T09:55:01Z,theirs,lattice,2,1,reverse,seed42,2,0.5015,0.4372,79973,19693,60280,ours-Bx-S0 lattice,0.5054,0.4389,171693,40331,-5.2440,midpoint of the gap minima,positive-control-0139/scratch/theirs/window.tifxyz,scratch/theirs/lattice/p/reverse-k2m1-seed42.tif,"clean held out region of pherc0139-w016 (0.1581 cm2), the organisers' online validation case during training; labels mapped from the 2.399 um grid by the affine of evidence/label-map.csv"
positive-control-0139/tools/score.py,2026-09-29T09:55:01Z,theirs,lattice,2,1,reverse,seed42,4,0.5053,0.4483,99783,25518,74265,ours-Bx-S0 lattice,0.5054,0.4389,171693,40331,-5.2440,midpoint of the gap minima,positive-control-0139/scratch/theirs/window.tifxyz,scratch/theirs/lattice/p/reverse-k2m1-seed42.tif,"clean held out region of pherc0139-w016 (0.1581 cm2), the organisers' online validation case during training; labels mapped from the 2.399 um grid by the affine of evidence/label-map.csv"
positive-control-0139/tools/score.py,2026-09-29T09:55:01Z,theirs,lattice,2,1,reverse,seed43,2,0.5136,0.3860,79973,19693,60280,ours-Bx-S0 lattice,0.5228,0.4781,171693,40331,-5.2440,midpoint of the gap minima,positive-control-0139/scratch/theirs/window.tifxyz,scratch/theirs/lattice/p/reverse-k2m1-seed43.tif,"clean held out region of pherc0139-w016 (0.1581 cm2), the organisers' online validation case during training; labels mapped from the 2.399 um grid by the affine of evidence/label-map.csv"
positive-control-0139/tools/score.py,2026-09-29T09:55:01Z,theirs,lattice,2,1,reverse,seed43,4,0.5395,0.4543,99783,25518,74265,ours-Bx-S0 lattice,0.5228,0.4781,171693,40331,-5.2440,midpoint of the gap minima,positive-control-0139/scratch/theirs/window.tifxyz,scratch/theirs/lattice/p/reverse-k2m1-seed43.tif,"clean held out region of pherc0139-w016 (0.1581 cm2), the organisers' online validation case during training; labels mapped from the 2.399 um grid by the affine of evidence/label-map.csv"
positive-control-0139/tools/score.py,2026-09-29T09:55:01Z,theirs,lattice,3,0,reverse,seed42,2,0.4879,0.4817,79973,19693,60280,ours-Bx-S0 lattice,0.5117,0.5804,171693,40331,-5.2440,midpoint of the gap minima,positive-control-0139/scratch/theirs/window.tifxyz,scratch/theirs/lattice/p/reverse-k3m0-seed42.tif,"clean held out region of pherc0139-w016 (0.1581 cm2), the organisers' online validation case during training; labels mapped from the 2.399 um grid by the affine of evidence/label-map.csv"
positive-control-0139/tools/score.py,2026-09-29T09:55:01Z,theirs,lattice,3,0,reverse,seed42,4,0.5000,0.5091,99783,25518,74265,ours-Bx-S0 lattice,0.5117,0.5804,171693,40331,-5.2440,midpoint of the gap minima,positive-control-0139/scratch/theirs/window.tifxyz,scratch/theirs/lattice/p/reverse-k3m0-seed42.tif,"clean held out region of pherc0139-w016 (0.1581 cm2), the organisers' online validation case during training; labels mapped from the 2.399 um grid by the affine of evidence/label-map.csv"
positive-control-0139/tools/score.py,2026-09-29T09:55:01Z,theirs,lattice,3,0,reverse,seed43,2,0.4844,0.4275,79973,19693,60280,ours-Bx-S0 lattice,0.4576,0.4998,171693,40331,-5.2440,midpoint of the gap minima,positive-control-0139/scratch/theirs/window.tifxyz,scratch/theirs/lattice/p/reverse-k3m0-seed43.tif,"clean held out region of pherc0139-w016 (0.1581 cm2), the organisers' online validation case during training; labels mapped from the 2.399 um grid by the affine of evidence/label-map.csv"
positive-control-0139/tools/score.py,2026-09-29T09:55:01Z,theirs,lattice,3,0,reverse,seed43,4,0.4807,0.4802,99783,25518,74265,ours-Bx-S0 lattice,0.4576,0.4998,171693,40331,-5.2440,midpoint of the gap minima,positive-control-0139/scratch/theirs/window.tifxyz,scratch/theirs/lattice/p/reverse-k3m0-seed43.tif,"clean held out region of pherc0139-w016 (0.1581 cm2), the organisers' online validation case during training; labels mapped from the 2.399 um grid by the affine of evidence/label-map.csv"
positive-control-0139/tools/score.py,2026-09-29T09:55:01Z,theirs,lattice,3,1,reverse,seed42,2,0.4720,0.4814,79973,19693,60280,ours-Bx-S0 lattice,0.4626,0.4740,171693,40331,-5.2440,midpoint of the gap minima,positive-control-0139/scratch/theirs/window.tifxyz,scratch/theirs/lattice/p/reverse-k3m1-seed42.tif,"clean held out region of pherc0139-w016 (0.1581 cm2), the organisers' online validation case during training; labels mapped from the 2.399 um grid by the affine of evidence/label-map.csv"
positive-control-0139/tools/score.py,2026-09-29T09:55:01Z,theirs,lattice,3,1,reverse,seed42,4,0.4698,0.5003,99783,25518,74265,ours-Bx-S0 lattice,0.4626,0.4740,171693,40331,-5.2440,midpoint of the gap minima,positive-control-0139/scratch/theirs/window.tifxyz,scratch/theirs/lattice/p/reverse-k3m1-seed42.tif,"clean held out region of pherc0139-w016 (0.1581 cm2), the organisers' online validation case during training; labels mapped from the 2.399 um grid by the affine of evidence/label-map.csv"
positive-control-0139/tools/score.py,2026-09-29T09:55:01Z,theirs,lattice,3,1,reverse,seed43,2,0.4839,0.4005,79973,19693,60280,ours-Bx-S0 lattice,0.4878,0.4596,171693,40331,-5.2440,midpoint of the gap minima,positive-control-0139/scratch/theirs/window.tifxyz,scratch/theirs/lattice/p/reverse-k3m1-seed43.tif,"clean held out region of pherc0139-w016 (0.1581 cm2), the organisers' online validation case during training; labels mapped from the 2.399 um grid by the affine of evidence/label-map.csv"
positive-control-0139/tools/score.py,2026-09-29T09:55:01Z,theirs,lattice,3,1,reverse,seed43,4,0.4816,0.4333,99783,25518,74265,ours-Bx-S0 lattice,0.4878,0.4596,171693,40331,-5.2440,midpoint of the gap minima,positive-control-0139/scratch/theirs/window.tifxyz,scratch/theirs/lattice/p/reverse-k3m1-seed43.tif,"clean held out region of pherc0139-w016 (0.1581 cm2), the organisers' online validation case during training; labels mapped from the 2.399 um grid by the affine of evidence/label-map.csv"
positive-control-0139/tools/score.py,2026-09-29T10:13:36Z,ours-A-S0,nullminus,0,0,forward,seed42,2,0.4692,0.3367,86840,21956,64884,theirs lattice,0.4692,0.3367,86840,21956,5.1795,the sheet's centring,positive-control-0139/scratch/ours-A-S0/window.tifxyz,scratch/ours-A-S0/nullminus/p/forward-k0m0-seed42.tif,"clean held out region of pherc0139-w016 (0.1581 cm2), the organisers' online validation case during training; labels mapped from the 2.399 um grid by the affine of evidence/label-map.csv"
positive-control-0139/tools/score.py,2026-09-29T10:13:36Z,ours-A-S0,nullminus,0,0,forward,seed42,4,0.4611,0.3504,97493,24773,72720,theirs lattice,0.4611,0.3504,97493,24773,5.1795,the sheet's centring,positive-control-0139/scratch/ours-A-S0/window.tifxyz,scratch/ours-A-S0/nullminus/p/forward-k0m0-seed42.tif,"clean held out region of pherc0139-w016 (0.1581 cm2), the organisers' online validation case during training; labels mapped from the 2.399 um grid by the affine of evidence/label-map.csv"
positive-control-0139/tools/score.py,2026-09-29T10:13:36Z,ours-A-S0,nullminus,0,0,forward,seed43,2,0.3999,0.4406,86840,21956,64884,theirs lattice,0.3999,0.4406,86840,21956,5.1795,the sheet's centring,positive-control-0139/scratch/ours-A-S0/window.tifxyz,scratch/ours-A-S0/nullminus/p/forward-k0m0-seed43.tif,"clean held out region of pherc0139-w016 (0.1581 cm2), the organisers' online validation case during training; labels mapped from the 2.399 um grid by the affine of evidence/label-map.csv"
positive-control-0139/tools/score.py,2026-09-29T10:13:36Z,ours-A-S0,nullminus,0,0,forward,seed43,4,0.4052,0.4394,97493,24773,72720,theirs lattice,0.4052,0.4394,97493,24773,5.1795,the sheet's centring,positive-control-0139/scratch/ours-A-S0/window.tifxyz,scratch/ours-A-S0/nullminus/p/forward-k0m0-seed43.tif,"clean held out region of pherc0139-w016 (0.1581 cm2), the organisers' online validation case during training; labels mapped from the 2.399 um grid by the affine of evidence/label-map.csv"
positive-control-0139/tools/score.py,2026-09-29T10:13:36Z,ours-A-S0,nullminus,0,1,forward,seed42,2,0.4505,0.2803,86840,21956,64884,theirs lattice,0.4505,0.2803,86840,21956,5.1795,the sheet's centring,positive-control-0139/scratch/ours-A-S0/window.tifxyz,scratch/ours-A-S0/nullminus/p/forward-k0m1-seed42.tif,"clean held out region of pherc0139-w016 (0.1581 cm2), the organisers' online validation case during training; labels mapped from the 2.399 um grid by the affine of evidence/label-map.csv"
positive-control-0139/tools/score.py,2026-09-29T10:13:36Z,ours-A-S0,nullminus,0,1,forward,seed42,4,0.4464,0.2817,97493,24773,72720,theirs lattice,0.4464,0.2817,97493,24773,5.1795,the sheet's centring,positive-control-0139/scratch/ours-A-S0/window.tifxyz,scratch/ours-A-S0/nullminus/p/forward-k0m1-seed42.tif,"clean held out region of pherc0139-w016 (0.1581 cm2), the organisers' online validation case during training; labels mapped from the 2.399 um grid by the affine of evidence/label-map.csv"
positive-control-0139/tools/score.py,2026-09-29T10:13:36Z,ours-A-S0,nullminus,0,1,forward,seed43,2,0.4982,0.3866,86840,21956,64884,theirs lattice,0.4982,0.3866,86840,21956,5.1795,the sheet's centring,positive-control-0139/scratch/ours-A-S0/window.tifxyz,scratch/ours-A-S0/nullminus/p/forward-k0m1-seed43.tif,"clean held out region of pherc0139-w016 (0.1581 cm2), the organisers' online validation case during training; labels mapped from the 2.399 um grid by the affine of evidence/label-map.csv"
positive-control-0139/tools/score.py,2026-09-29T10:13:36Z,ours-A-S0,nullminus,0,1,forward,seed43,4,0.4964,0.3685,97493,24773,72720,theirs lattice,0.4964,0.3685,97493,24773,5.1795,the sheet's centring,positive-control-0139/scratch/ours-A-S0/window.tifxyz,scratch/ours-A-S0/nullminus/p/forward-k0m1-seed43.tif,"clean held out region of pherc0139-w016 (0.1581 cm2), the organisers' online validation case during training; labels mapped from the 2.399 um grid by the affine of evidence/label-map.csv"
positive-control-0139/tools/score.py,2026-09-29T10:13:36Z,ours-A-S0,nullminus,1,0,forward,seed42,2,0.4752,0.5136,86840,21956,64884,theirs lattice,0.4752,0.5136,86840,21956,5.1795,the sheet's centring,positive-control-0139/scratch/ours-A-S0/window.tifxyz,scratch/ours-A-S0/nullminus/p/forward-k1m0-seed42.tif,"clean held out region of pherc0139-w016 (0.1581 cm2), the organisers' online validation case during training; labels mapped from the 2.399 um grid by the affine of evidence/label-map.csv"
positive-control-0139/tools/score.py,2026-09-29T10:13:37Z,ours-A-S0,nullminus,1,0,forward,seed42,4,0.4774,0.5129,97493,24773,72720,theirs lattice,0.4774,0.5129,97493,24773,5.1795,the sheet's centring,positive-control-0139/scratch/ours-A-S0/window.tifxyz,scratch/ours-A-S0/nullminus/p/forward-k1m0-seed42.tif,"clean held out region of pherc0139-w016 (0.1581 cm2), the organisers' online validation case during training; labels mapped from the 2.399 um grid by the affine of evidence/label-map.csv"
positive-control-0139/tools/score.py,2026-09-29T10:13:37Z,ours-A-S0,nullminus,1,0,forward,seed43,2,0.5003,0.4508,86840,21956,64884,theirs lattice,0.5003,0.4508,86840,21956,5.1795,the sheet's centring,positive-control-0139/scratch/ours-A-S0/window.tifxyz,scratch/ours-A-S0/nullminus/p/forward-k1m0-seed43.tif,"clean held out region of pherc0139-w016 (0.1581 cm2), the organisers' online validation case during training; labels mapped from the 2.399 um grid by the affine of evidence/label-map.csv"
positive-control-0139/tools/score.py,2026-09-29T10:13:37Z,ours-A-S0,nullminus,1,0,forward,seed43,4,0.5010,0.4849,97493,24773,72720,theirs lattice,0.5010,0.4849,97493,24773,5.1795,the sheet's centring,positive-control-0139/scratch/ours-A-S0/window.tifxyz,scratch/ours-A-S0/nullminus/p/forward-k1m0-seed43.tif,"clean held out region of pherc0139-w016 (0.1581 cm2), the organisers' online validation case during training; labels mapped from the 2.399 um grid by the affine of evidence/label-map.csv"
positive-control-0139/tools/score.py,2026-09-29T10:13:37Z,ours-A-S0,nullminus,1,1,forward,seed42,2,0.4846,0.4620,86840,21956,64884,theirs lattice,0.4846,0.4620,86840,21956,5.1795,the sheet's centring,positive-control-0139/scratch/ours-A-S0/window.tifxyz,scratch/ours-A-S0/nullminus/p/forward-k1m1-seed42.tif,"clean held out region of pherc0139-w016 (0.1581 cm2), the organisers' online validation case during training; labels mapped from the 2.399 um grid by the affine of evidence/label-map.csv"
positive-control-0139/tools/score.py,2026-09-29T10:13:37Z,ours-A-S0,nullminus,1,1,forward,seed42,4,0.4862,0.4750,97493,24773,72720,theirs lattice,0.4862,0.4750,97493,24773,5.1795,the sheet's centring,positive-control-0139/scratch/ours-A-S0/window.tifxyz,scratch/ours-A-S0/nullminus/p/forward-k1m1-seed42.tif,"clean held out region of pherc0139-w016 (0.1581 cm2), the organisers' online validation case during training; labels mapped from the 2.399 um grid by the affine of evidence/label-map.csv"
positive-control-0139/tools/score.py,2026-09-29T10:13:37Z,ours-A-S0,nullminus,1,1,forward,seed43,2,0.4923,0.3761,86840,21956,64884,theirs lattice,0.4923,0.3761,86840,21956,5.1795,the sheet's centring,positive-control-0139/scratch/ours-A-S0/window.tifxyz,scratch/ours-A-S0/nullminus/p/forward-k1m1-seed43.tif,"clean held out region of pherc0139-w016 (0.1581 cm2), the organisers' online validation case during training; labels mapped from the 2.399 um grid by the affine of evidence/label-map.csv"
positive-control-0139/tools/score.py,2026-09-29T10:13:37Z,ours-A-S0,nullminus,1,1,forward,seed43,4,0.4926,0.3969,97493,24773,72720,theirs lattice,0.4926,0.3969,97493,24773,5.1795,the sheet's centring,positive-control-0139/scratch/ours-A-S0/window.tifxyz,scratch/ours-A-S0/nullminus/p/forward-k1m1-seed43.tif,"clean held out region of pherc0139-w016 (0.1581 cm2), the organisers' online validation case during training; labels mapped from the 2.399 um grid by the affine of evidence/label-map.csv"
positive-control-0139/tools/score.py,2026-09-29T10:13:37Z,ours-A-S0,nullminus,2,0,forward,seed42,2,0.5017,0.4163,86840,21956,64884,theirs lattice,0.5017,0.4163,86840,21956,5.1795,the sheet's centring,positive-control-0139/scratch/ours-A-S0/window.tifxyz,scratch/ours-A-S0/nullminus/p/forward-k2m0-seed42.tif,"clean held out region of pherc0139-w016 (0.1581 cm2), the organisers' online validation case during training; labels mapped from the 2.399 um grid by the affine of evidence/label-map.csv"
positive-control-0139/tools/score.py,2026-09-29T10:13:37Z,ours-A-S0,nullminus,2,0,forward,seed42,4,0.5036,0.4333,97493,24773,72720,theirs lattice,0.5036,0.4333,97493,24773,5.1795,the sheet's centring,positive-control-0139/scratch/ours-A-S0/window.tifxyz,scratch/ours-A-S0/nullminus/p/forward-k2m0-seed42.tif,"clean held out region of pherc0139-w016 (0.1581 cm2), the organisers' online validation case during training; labels mapped from the 2.399 um grid by the affine of evidence/label-map.csv"
positive-control-0139/tools/score.py,2026-09-29T10:13:37Z,ours-A-S0,nullminus,2,0,forward,seed43,2,0.4964,0.4776,86840,21956,64884,theirs lattice,0.4964,0.4776,86840,21956,5.1795,the sheet's centring,positive-control-0139/scratch/ours-A-S0/window.tifxyz,scratch/ours-A-S0/nullminus/p/forward-k2m0-seed43.tif,"clean held out region of pherc0139-w016 (0.1581 cm2), the organisers' online validation case during training; labels mapped from the 2.399 um grid by the affine of evidence/label-map.csv"
positive-control-0139/tools/score.py,2026-09-29T10:13:37Z,ours-A-S0,nullminus,2,0,forward,seed43,4,0.4962,0.4872,97493,24773,72720,theirs lattice,0.4962,0.4872,97493,24773,5.1795,the sheet's centring,positive-control-0139/scratch/ours-A-S0/window.tifxyz,scratch/ours-A-S0/nullminus/p/forward-k2m0-seed43.tif,"clean held out region of pherc0139-w016 (0.1581 cm2), the organisers' online validation case during training; labels mapped from the 2.399 um grid by the affine of evidence/label-map.csv"
positive-control-0139/tools/score.py,2026-09-29T10:13:37Z,ours-A-S0,nullminus,2,1,forward,seed42,2,0.4842,0.3641,86840,21956,64884,theirs lattice,0.4842,0.3641,86840,21956,5.1795,the sheet's centring,positive-control-0139/scratch/ours-A-S0/window.tifxyz,scratch/ours-A-S0/nullminus/p/forward-k2m1-seed42.tif,"clean held out region of pherc0139-w016 (0.1581 cm2), the organisers' online validation case during training; labels mapped from the 2.399 um grid by the affine of evidence/label-map.csv"
positive-control-0139/tools/score.py,2026-09-29T10:13:37Z,ours-A-S0,nullminus,2,1,forward,seed42,4,0.4867,0.3829,97493,24773,72720,theirs lattice,0.4867,0.3829,97493,24773,5.1795,the sheet's centring,positive-control-0139/scratch/ours-A-S0/window.tifxyz,scratch/ours-A-S0/nullminus/p/forward-k2m1-seed42.tif,"clean held out region of pherc0139-w016 (0.1581 cm2), the organisers' online validation case during training; labels mapped from the 2.399 um grid by the affine of evidence/label-map.csv"
positive-control-0139/tools/score.py,2026-09-29T10:13:37Z,ours-A-S0,nullminus,2,1,forward,seed43,2,0.4554,0.3487,86840,21956,64884,theirs lattice,0.4554,0.3487,86840,21956,5.1795,the sheet's centring,positive-control-0139/scratch/ours-A-S0/window.tifxyz,scratch/ours-A-S0/nullminus/p/forward-k2m1-seed43.tif,"clean held out region of pherc0139-w016 (0.1581 cm2), the organisers' online validation case during training; labels mapped from the 2.399 um grid by the affine of evidence/label-map.csv"
positive-control-0139/tools/score.py,2026-09-29T10:13:37Z,ours-A-S0,nullminus,2,1,forward,seed43,4,0.4581,0.3410,97493,24773,72720,theirs lattice,0.4581,0.3410,97493,24773,5.1795,the sheet's centring,positive-control-0139/scratch/ours-A-S0/window.tifxyz,scratch/ours-A-S0/nullminus/p/forward-k2m1-seed43.tif,"clean held out region of pherc0139-w016 (0.1581 cm2), the organisers' online validation case during training; labels mapped from the 2.399 um grid by the affine of evidence/label-map.csv"
positive-control-0139/tools/score.py,2026-09-29T10:13:37Z,ours-A-S0,nullminus,3,0,forward,seed42,2,0.4802,0.3473,86840,21956,64884,theirs lattice,0.4802,0.3473,86840,21956,5.1795,the sheet's centring,positive-control-0139/scratch/ours-A-S0/window.tifxyz,scratch/ours-A-S0/nullminus/p/forward-k3m0-seed42.tif,"clean held out region of pherc0139-w016 (0.1581 cm2), the organisers' online validation case during training; labels mapped from the 2.399 um grid by the affine of evidence/label-map.csv"
positive-control-0139/tools/score.py,2026-09-29T10:13:37Z,ours-A-S0,nullminus,3,0,forward,seed42,4,0.4813,0.3625,97493,24773,72720,theirs lattice,0.4813,0.3625,97493,24773,5.1795,the sheet's centring,positive-control-0139/scratch/ours-A-S0/window.tifxyz,scratch/ours-A-S0/nullminus/p/forward-k3m0-seed42.tif,"clean held out region of pherc0139-w016 (0.1581 cm2), the organisers' online validation case during training; labels mapped from the 2.399 um grid by the affine of evidence/label-map.csv"
positive-control-0139/tools/score.py,2026-09-29T10:13:37Z,ours-A-S0,nullminus,3,0,forward,seed43,2,0.5263,0.4488,86840,21956,64884,theirs lattice,0.5263,0.4488,86840,21956,5.1795,the sheet's centring,positive-control-0139/scratch/ours-A-S0/window.tifxyz,scratch/ours-A-S0/nullminus/p/forward-k3m0-seed43.tif,"clean held out region of pherc0139-w016 (0.1581 cm2), the organisers' online validation case during training; labels mapped from the 2.399 um grid by the affine of evidence/label-map.csv"
positive-control-0139/tools/score.py,2026-09-29T10:13:37Z,ours-A-S0,nullminus,3,0,forward,seed43,4,0.5245,0.4553,97493,24773,72720,theirs lattice,0.5245,0.4553,97493,24773,5.1795,the sheet's centring,positive-control-0139/scratch/ours-A-S0/window.tifxyz,scratch/ours-A-S0/nullminus/p/forward-k3m0-seed43.tif,"clean held out region of pherc0139-w016 (0.1581 cm2), the organisers' online validation case during training; labels mapped from the 2.399 um grid by the affine of evidence/label-map.csv"
positive-control-0139/tools/score.py,2026-09-29T10:13:37Z,ours-A-S0,nullminus,3,1,forward,seed42,2,0.4981,0.3690,86840,21956,64884,theirs lattice,0.4981,0.3690,86840,21956,5.1795,the sheet's centring,positive-control-0139/scratch/ours-A-S0/window.tifxyz,scratch/ours-A-S0/nullminus/p/forward-k3m1-seed42.tif,"clean held out region of pherc0139-w016 (0.1581 cm2), the organisers' online validation case during training; labels mapped from the 2.399 um grid by the affine of evidence/label-map.csv"
positive-control-0139/tools/score.py,2026-09-29T10:13:37Z,ours-A-S0,nullminus,3,1,forward,seed42,4,0.5011,0.3904,97493,24773,72720,theirs lattice,0.5011,0.3904,97493,24773,5.1795,the sheet's centring,positive-control-0139/scratch/ours-A-S0/window.tifxyz,scratch/ours-A-S0/nullminus/p/forward-k3m1-seed42.tif,"clean held out region of pherc0139-w016 (0.1581 cm2), the organisers' online validation case during training; labels mapped from the 2.399 um grid by the affine of evidence/label-map.csv"
positive-control-0139/tools/score.py,2026-09-29T10:13:37Z,ours-A-S0,nullminus,3,1,forward,seed43,2,0.4901,0.3168,86840,21956,64884,theirs lattice,0.4901,0.3168,86840,21956,5.1795,the sheet's centring,positive-control-0139/scratch/ours-A-S0/window.tifxyz,scratch/ours-A-S0/nullminus/p/forward-k3m1-seed43.tif,"clean held out region of pherc0139-w016 (0.1581 cm2), the organisers' online validation case during training; labels mapped from the 2.399 um grid by the affine of evidence/label-map.csv"
positive-control-0139/tools/score.py,2026-09-29T10:13:37Z,ours-A-S0,nullminus,3,1,forward,seed43,4,0.4933,0.3396,97493,24773,72720,theirs lattice,0.4933,0.3396,97493,24773,5.1795,the sheet's centring,positive-control-0139/scratch/ours-A-S0/window.tifxyz,scratch/ours-A-S0/nullminus/p/forward-k3m1-seed43.tif,"clean held out region of pherc0139-w016 (0.1581 cm2), the organisers' online validation case during training; labels mapped from the 2.399 um grid by the affine of evidence/label-map.csv"
positive-control-0139/tools/score.py,2026-09-29T10:13:37Z,ours-A-S0,nullminus,0,0,reverse,seed42,2,0.4659,0.5978,86840,21956,64884,theirs lattice,0.4659,0.5978,86840,21956,1.2045,the sheet's centring,positive-control-0139/scratch/ours-A-S0/window.tifxyz,scratch/ours-A-S0/nullminus/p/reverse-k0m0-seed42.tif,"clean held out region of pherc0139-w016 (0.1581 cm2), the organisers' online validation case during training; labels mapped from the 2.399 um grid by the affine of evidence/label-map.csv"
positive-control-0139/tools/score.py,2026-09-29T10:13:37Z,ours-A-S0,nullminus,0,0,reverse,seed42,4,0.4779,0.6166,97493,24773,72720,theirs lattice,0.4779,0.6166,97493,24773,1.2045,the sheet's centring,positive-control-0139/scratch/ours-A-S0/window.tifxyz,scratch/ours-A-S0/nullminus/p/reverse-k0m0-seed42.tif,"clean held out region of pherc0139-w016 (0.1581 cm2), the organisers' online validation case during training; labels mapped from the 2.399 um grid by the affine of evidence/label-map.csv"
positive-control-0139/tools/score.py,2026-09-29T10:13:37Z,ours-A-S0,nullminus,0,0,reverse,seed43,2,0.5112,0.5151,86840,21956,64884,theirs lattice,0.5112,0.5151,86840,21956,1.2045,the sheet's centring,positive-control-0139/scratch/ours-A-S0/window.tifxyz,scratch/ours-A-S0/nullminus/p/reverse-k0m0-seed43.tif,"clean held out region of pherc0139-w016 (0.1581 cm2), the organisers' online validation case during training; labels mapped from the 2.399 um grid by the affine of evidence/label-map.csv"
positive-control-0139/tools/score.py,2026-09-29T10:13:37Z,ours-A-S0,nullminus,0,0,reverse,seed43,4,0.5089,0.5002,97493,24773,72720,theirs lattice,0.5089,0.5002,97493,24773,1.2045,the sheet's centring,positive-control-0139/scratch/ours-A-S0/window.tifxyz,scratch/ours-A-S0/nullminus/p/reverse-k0m0-seed43.tif,"clean held out region of pherc0139-w016 (0.1581 cm2), the organisers' online validation case during training; labels mapped from the 2.399 um grid by the affine of evidence/label-map.csv"
positive-control-0139/tools/score.py,2026-09-29T10:13:37Z,ours-A-S0,nullminus,0,1,reverse,seed42,2,0.5168,0.5334,86840,21956,64884,theirs lattice,0.5168,0.5334,86840,21956,1.2045,the sheet's centring,positive-control-0139/scratch/ours-A-S0/window.tifxyz,scratch/ours-A-S0/nullminus/p/reverse-k0m1-seed42.tif,"clean held out region of pherc0139-w016 (0.1581 cm2), the organisers' online validation case during training; labels mapped from the 2.399 um grid by the affine of evidence/label-map.csv"
positive-control-0139/tools/score.py,2026-09-29T10:13:37Z,ours-A-S0,nullminus,0,1,reverse,seed42,4,0.5227,0.5343,97493,24773,72720,theirs lattice,0.5227,0.5343,97493,24773,1.2045,the sheet's centring,positive-control-0139/scratch/ours-A-S0/window.tifxyz,scratch/ours-A-S0/nullminus/p/reverse-k0m1-seed42.tif,"clean held out region of pherc0139-w016 (0.1581 cm2), the organisers' online validation case during training; labels mapped from the 2.399 um grid by the affine of evidence/label-map.csv"
positive-control-0139/tools/score.py,2026-09-29T10:13:37Z,ours-A-S0,nullminus,0,1,reverse,seed43,2,0.4819,0.4593,86840,21956,64884,theirs lattice,0.4819,0.4593,86840,21956,1.2045,the sheet's centring,positive-control-0139/scratch/ours-A-S0/window.tifxyz,scratch/ours-A-S0/nullminus/p/reverse-k0m1-seed43.tif,"clean held out region of pherc0139-w016 (0.1581 cm2), the organisers' online validation case during training; labels mapped from the 2.399 um grid by the affine of evidence/label-map.csv"
positive-control-0139/tools/score.py,2026-09-29T10:13:37Z,ours-A-S0,nullminus,0,1,reverse,seed43,4,0.4808,0.4395,97493,24773,72720,theirs lattice,0.4808,0.4395,97493,24773,1.2045,the sheet's centring,positive-control-0139/scratch/ours-A-S0/window.tifxyz,scratch/ours-A-S0/nullminus/p/reverse-k0m1-seed43.tif,"clean held out region of pherc0139-w016 (0.1581 cm2), the organisers' online validation case during training; labels mapped from the 2.399 um grid by the affine of evidence/label-map.csv"
positive-control-0139/tools/score.py,2026-09-29T10:13:37Z,ours-A-S0,nullminus,1,0,reverse,seed42,2,0.5138,0.5880,86840,21956,64884,theirs lattice,0.5138,0.5880,86840,21956,1.2045,the sheet's centring,positive-control-0139/scratch/ours-A-S0/window.tifxyz,scratch/ours-A-S0/nullminus/p/reverse-k1m0-seed42.tif,"clean held out region of pherc0139-w016 (0.1581 cm2), the organisers' online validation case during training; labels mapped from the 2.399 um grid by the affine of evidence/label-map.csv"
positive-control-0139/tools/score.py,2026-09-29T10:13:37Z,ours-A-S0,nullminus,1,0,reverse,seed42,4,0.5087,0.5647,97493,24773,72720,theirs lattice,0.5087,0.5647,97493,24773,1.2045,the sheet's centring,positive-control-0139/scratch/ours-A-S0/window.tifxyz,scratch/ours-A-S0/nullminus/p/reverse-k1m0-seed42.tif,"clean held out region of pherc0139-w016 (0.1581 cm2), the organisers' online validation case during training; labels mapped from the 2.399 um grid by the affine of evidence/label-map.csv"
positive-control-0139/tools/score.py,2026-09-29T10:13:37Z,ours-A-S0,nullminus,1,0,reverse,seed43,2,0.4564,0.3918,86840,21956,64884,theirs lattice,0.4564,0.3918,86840,21956,1.2045,the sheet's centring,positive-control-0139/scratch/ours-A-S0/window.tifxyz,scratch/ours-A-S0/nullminus/p/reverse-k1m0-seed43.tif,"clean held out region of pherc0139-w016 (0.1581 cm2), the organisers' online validation case during training; labels mapped from the 2.399 um grid by the affine of evidence/label-map.csv"
positive-control-0139/tools/score.py,2026-09-29T10:13:37Z,ours-A-S0,nullminus,1,0,reverse,seed43,4,0.4610,0.3919,97493,24773,72720,theirs lattice,0.4610,0.3919,97493,24773,1.2045,the sheet's centring,positive-control-0139/scratch/ours-A-S0/window.tifxyz,scratch/ours-A-S0/nullminus/p/reverse-k1m0-seed43.tif,"clean held out region of pherc0139-w016 (0.1581 cm2), the organisers' online validation case during training; labels mapped from the 2.399 um grid by the affine of evidence/label-map.csv"
positive-control-0139/tools/score.py,2026-09-29T10:13:37Z,ours-A-S0,nullminus,1,1,reverse,seed42,2,0.4079,0.4339,86840,21956,64884,theirs lattice,0.4079,0.4339,86840,21956,1.2045,the sheet's centring,positive-control-0139/scratch/ours-A-S0/window.tifxyz,scratch/ours-A-S0/nullminus/p/reverse-k1m1-seed42.tif,"clean held out region of pherc0139-w016 (0.1581 cm2), the organisers' online validation case during training; labels mapped from the 2.399 um grid by the affine of evidence/label-map.csv"
positive-control-0139/tools/score.py,2026-09-29T10:13:37Z,ours-A-S0,nullminus,1,1,reverse,seed42,4,0.4086,0.4419,97493,24773,72720,theirs lattice,0.4086,0.4419,97493,24773,1.2045,the sheet's centring,positive-control-0139/scratch/ours-A-S0/window.tifxyz,scratch/ours-A-S0/nullminus/p/reverse-k1m1-seed42.tif,"clean held out region of pherc0139-w016 (0.1581 cm2), the organisers' online validation case during training; labels mapped from the 2.399 um grid by the affine of evidence/label-map.csv"
positive-control-0139/tools/score.py,2026-09-29T10:13:37Z,ours-A-S0,nullminus,1,1,reverse,seed43,2,0.5366,0.4970,86840,21956,64884,theirs lattice,0.5366,0.4970,86840,21956,1.2045,the sheet's centring,positive-control-0139/scratch/ours-A-S0/window.tifxyz,scratch/ours-A-S0/nullminus/p/reverse-k1m1-seed43.tif,"clean held out region of pherc0139-w016 (0.1581 cm2), the organisers' online validation case during training; labels mapped from the 2.399 um grid by the affine of evidence/label-map.csv"
positive-control-0139/tools/score.py,2026-09-29T10:13:37Z,ours-A-S0,nullminus,1,1,reverse,seed43,4,0.5277,0.4671,97493,24773,72720,theirs lattice,0.5277,0.4671,97493,24773,1.2045,the sheet's centring,positive-control-0139/scratch/ours-A-S0/window.tifxyz,scratch/ours-A-S0/nullminus/p/reverse-k1m1-seed43.tif,"clean held out region of pherc0139-w016 (0.1581 cm2), the organisers' online validation case during training; labels mapped from the 2.399 um grid by the affine of evidence/label-map.csv"
positive-control-0139/tools/score.py,2026-09-29T10:13:37Z,ours-A-S0,nullminus,2,0,reverse,seed42,2,0.5549,0.6096,86840,21956,64884,theirs lattice,0.5549,0.6096,86840,21956,1.2045,the sheet's centring,positive-control-0139/scratch/ours-A-S0/window.tifxyz,scratch/ours-A-S0/nullminus/p/reverse-k2m0-seed42.tif,"clean held out region of pherc0139-w016 (0.1581 cm2), the organisers' online validation case during training; labels mapped from the 2.399 um grid by the affine of evidence/label-map.csv"
positive-control-0139/tools/score.py,2026-09-29T10:13:37Z,ours-A-S0,nullminus,2,0,reverse,seed42,4,0.5560,0.6071,97493,24773,72720,theirs lattice,0.5560,0.6071,97493,24773,1.2045,the sheet's centring,positive-control-0139/scratch/ours-A-S0/window.tifxyz,scratch/ours-A-S0/nullminus/p/reverse-k2m0-seed42.tif,"clean held out region of pherc0139-w016 (0.1581 cm2), the organisers' online validation case during training; labels mapped from the 2.399 um grid by the affine of evidence/label-map.csv"
positive-control-0139/tools/score.py,2026-09-29T10:13:37Z,ours-A-S0,nullminus,2,0,reverse,seed43,2,0.4649,0.4502,86840,21956,64884,theirs lattice,0.4649,0.4502,86840,21956,1.2045,the sheet's centring,positive-control-0139/scratch/ours-A-S0/window.tifxyz,scratch/ours-A-S0/nullminus/p/reverse-k2m0-seed43.tif,"clean held out region of pherc0139-w016 (0.1581 cm2), the organisers' online validation case during training; labels mapped from the 2.399 um grid by the affine of evidence/label-map.csv"
positive-control-0139/tools/score.py,2026-09-29T10:13:37Z,ours-A-S0,nullminus,2,0,reverse,seed43,4,0.4626,0.4386,97493,24773,72720,theirs lattice,0.4626,0.4386,97493,24773,1.2045,the sheet's centring,positive-control-0139/scratch/ours-A-S0/window.tifxyz,scratch/ours-A-S0/nullminus/p/reverse-k2m0-seed43.tif,"clean held out region of pherc0139-w016 (0.1581 cm2), the organisers' online validation case during training; labels mapped from the 2.399 um grid by the affine of evidence/label-map.csv"
positive-control-0139/tools/score.py,2026-09-29T10:13:37Z,ours-A-S0,nullminus,2,1,reverse,seed42,2,0.4455,0.4629,86840,21956,64884,theirs lattice,0.4455,0.4629,86840,21956,1.2045,the sheet's centring,positive-control-0139/scratch/ours-A-S0/window.tifxyz,scratch/ours-A-S0/nullminus/p/reverse-k2m1-seed42.tif,"clean held out region of pherc0139-w016 (0.1581 cm2), the organisers' online validation case during training; labels mapped from the 2.399 um grid by the affine of evidence/label-map.csv"
positive-control-0139/tools/score.py,2026-09-29T10:13:37Z,ours-A-S0,nullminus,2,1,reverse,seed42,4,0.4439,0.4541,97493,24773,72720,theirs lattice,0.4439,0.4541,97493,24773,1.2045,the sheet's centring,positive-control-0139/scratch/ours-A-S0/window.tifxyz,scratch/ours-A-S0/nullminus/p/reverse-k2m1-seed42.tif,"clean held out region of pherc0139-w016 (0.1581 cm2), the organisers' online validation case during training; labels mapped from the 2.399 um grid by the affine of evidence/label-map.csv"
positive-control-0139/tools/score.py,2026-09-29T10:13:37Z,ours-A-S0,nullminus,2,1,reverse,seed43,2,0.4832,0.5263,86840,21956,64884,theirs lattice,0.4832,0.5263,86840,21956,1.2045,the sheet's centring,positive-control-0139/scratch/ours-A-S0/window.tifxyz,scratch/ours-A-S0/nullminus/p/reverse-k2m1-seed43.tif,"clean held out region of pherc0139-w016 (0.1581 cm2), the organisers' online validation case during training; labels mapped from the 2.399 um grid by the affine of evidence/label-map.csv"
positive-control-0139/tools/score.py,2026-09-29T10:13:37Z,ours-A-S0,nullminus,2,1,reverse,seed43,4,0.4718,0.4994,97493,24773,72720,theirs lattice,0.4718,0.4994,97493,24773,1.2045,the sheet's centring,positive-control-0139/scratch/ours-A-S0/window.tifxyz,scratch/ours-A-S0/nullminus/p/reverse-k2m1-seed43.tif,"clean held out region of pherc0139-w016 (0.1581 cm2), the organisers' online validation case during training; labels mapped from the 2.399 um grid by the affine of evidence/label-map.csv"
positive-control-0139/tools/score.py,2026-09-29T10:13:37Z,ours-A-S0,nullminus,3,0,reverse,seed42,2,0.4808,0.5131,86840,21956,64884,theirs lattice,0.4808,0.5131,86840,21956,1.2045,the sheet's centring,positive-control-0139/scratch/ours-A-S0/window.tifxyz,scratch/ours-A-S0/nullminus/p/reverse-k3m0-seed42.tif,"clean held out region of pherc0139-w016 (0.1581 cm2), the organisers' online validation case during training; labels mapped from the 2.399 um grid by the affine of evidence/label-map.csv"
positive-control-0139/tools/score.py,2026-09-29T10:13:37Z,ours-A-S0,nullminus,3,0,reverse,seed42,4,0.4722,0.4988,97493,24773,72720,theirs lattice,0.4722,0.4988,97493,24773,1.2045,the sheet's centring,positive-control-0139/scratch/ours-A-S0/window.tifxyz,scratch/ours-A-S0/nullminus/p/reverse-k3m0-seed42.tif,"clean held out region of pherc0139-w016 (0.1581 cm2), the organisers' online validation case during training; labels mapped from the 2.399 um grid by the affine of evidence/label-map.csv"
positive-control-0139/tools/score.py,2026-09-29T10:13:37Z,ours-A-S0,nullminus,3,0,reverse,seed43,2,0.4348,0.3977,86840,21956,64884,theirs lattice,0.4348,0.3977,86840,21956,1.2045,the sheet's centring,positive-control-0139/scratch/ours-A-S0/window.tifxyz,scratch/ours-A-S0/nullminus/p/reverse-k3m0-seed43.tif,"clean held out region of pherc0139-w016 (0.1581 cm2), the organisers' online validation case during training; labels mapped from the 2.399 um grid by the affine of evidence/label-map.csv"
positive-control-0139/tools/score.py,2026-09-29T10:13:37Z,ours-A-S0,nullminus,3,0,reverse,seed43,4,0.4391,0.3971,97493,24773,72720,theirs lattice,0.4391,0.3971,97493,24773,1.2045,the sheet's centring,positive-control-0139/scratch/ours-A-S0/window.tifxyz,scratch/ours-A-S0/nullminus/p/reverse-k3m0-seed43.tif,"clean held out region of pherc0139-w016 (0.1581 cm2), the organisers' online validation case during training; labels mapped from the 2.399 um grid by the affine of evidence/label-map.csv"
positive-control-0139/tools/score.py,2026-09-29T10:13:37Z,ours-A-S0,nullminus,3,1,reverse,seed42,2,0.4973,0.6341,86840,21956,64884,theirs lattice,0.4973,0.6341,86840,21956,1.2045,the sheet's centring,positive-control-0139/scratch/ours-A-S0/window.tifxyz,scratch/ours-A-S0/nullminus/p/reverse-k3m1-seed42.tif,"clean held out region of pherc0139-w016 (0.1581 cm2), the organisers' online validation case during training; labels mapped from the 2.399 um grid by the affine of evidence/label-map.csv"
positive-control-0139/tools/score.py,2026-09-29T10:13:37Z,ours-A-S0,nullminus,3,1,reverse,seed42,4,0.4878,0.6185,97493,24773,72720,theirs lattice,0.4878,0.6185,97493,24773,1.2045,the sheet's centring,positive-control-0139/scratch/ours-A-S0/window.tifxyz,scratch/ours-A-S0/nullminus/p/reverse-k3m1-seed42.tif,"clean held out region of pherc0139-w016 (0.1581 cm2), the organisers' online validation case during training; labels mapped from the 2.399 um grid by the affine of evidence/label-map.csv"
positive-control-0139/tools/score.py,2026-09-29T10:13:37Z,ours-A-S0,nullminus,3,1,reverse,seed43,2,0.4844,0.4682,86840,21956,64884,theirs lattice,0.4844,0.4682,86840,21956,1.2045,the sheet's centring,positive-control-0139/scratch/ours-A-S0/window.tifxyz,scratch/ours-A-S0/nullminus/p/reverse-k3m1-seed43.tif,"clean held out region of pherc0139-w016 (0.1581 cm2), the organisers' online validation case during training; labels mapped from the 2.399 um grid by the affine of evidence/label-map.csv"
positive-control-0139/tools/score.py,2026-09-29T10:13:37Z,ours-A-S0,nullminus,3,1,reverse,seed43,4,0.4852,0.4590,97493,24773,72720,theirs lattice,0.4852,0.4590,97493,24773,1.2045,the sheet's centring,positive-control-0139/scratch/ours-A-S0/window.tifxyz,scratch/ours-A-S0/nullminus/p/reverse-k3m1-seed43.tif,"clean held out region of pherc0139-w016 (0.1581 cm2), the organisers' online validation case during training; labels mapped from the 2.399 um grid by the affine of evidence/label-map.csv"
positive-control-0139/tools/score.py,2026-09-29T11:04:26Z,ours-Bx-S0,nullplus,0,0,forward,seed42,2,0.4884,0.4397,79973,19693,60280,theirs lattice,0.4884,0.4397,79973,19693,3.7110,the sheet's centring,positive-control-0139/scratch/ours-Bx-S0/window.tifxyz,scratch/ours-Bx-S0/nullplus/p/forward-k0m0-seed42.tif,"clean held out region of pherc0139-w016 (0.1581 cm2), the organisers' online validation case during training; labels mapped from the 2.399 um grid by the affine of evidence/label-map.csv"
positive-control-0139/tools/score.py,2026-09-29T11:04:26Z,ours-Bx-S0,nullplus,0,0,forward,seed42,4,0.4945,0.4511,99783,25518,74265,theirs lattice,0.4945,0.4511,99783,25518,3.7110,the sheet's centring,positive-control-0139/scratch/ours-Bx-S0/window.tifxyz,scratch/ours-Bx-S0/nullplus/p/forward-k0m0-seed42.tif,"clean held out region of pherc0139-w016 (0.1581 cm2), the organisers' online validation case during training; labels mapped from the 2.399 um grid by the affine of evidence/label-map.csv"
positive-control-0139/tools/score.py,2026-09-29T11:04:26Z,ours-Bx-S0,nullplus,0,0,forward,seed43,2,0.4917,0.4525,79973,19693,60280,theirs lattice,0.4917,0.4525,79973,19693,3.7110,the sheet's centring,positive-control-0139/scratch/ours-Bx-S0/window.tifxyz,scratch/ours-Bx-S0/nullplus/p/forward-k0m0-seed43.tif,"clean held out region of pherc0139-w016 (0.1581 cm2), the organisers' online validation case during training; labels mapped from the 2.399 um grid by the affine of evidence/label-map.csv"
positive-control-0139/tools/score.py,2026-09-29T11:04:26Z,ours-Bx-S0,nullplus,0,0,forward,seed43,4,0.4918,0.4559,99783,25518,74265,theirs lattice,0.4918,0.4559,99783,25518,3.7110,the sheet's centring,positive-control-0139/scratch/ours-Bx-S0/window.tifxyz,scratch/ours-Bx-S0/nullplus/p/forward-k0m0-seed43.tif,"clean held out region of pherc0139-w016 (0.1581 cm2), the organisers' online validation case during training; labels mapped from the 2.399 um grid by the affine of evidence/label-map.csv"
positive-control-0139/tools/score.py,2026-09-29T11:04:26Z,ours-Bx-S0,nullplus,0,1,forward,seed42,2,0.4853,0.4797,79973,19693,60280,theirs lattice,0.4853,0.4797,79973,19693,3.7110,the sheet's centring,positive-control-0139/scratch/ours-Bx-S0/window.tifxyz,scratch/ours-Bx-S0/nullplus/p/forward-k0m1-seed42.tif,"clean held out region of pherc0139-w016 (0.1581 cm2), the organisers' online validation case during training; labels mapped from the 2.399 um grid by the affine of evidence/label-map.csv"
positive-control-0139/tools/score.py,2026-09-29T11:04:26Z,ours-Bx-S0,nullplus,0,1,forward,seed42,4,0.4895,0.5181,99783,25518,74265,theirs lattice,0.4895,0.5181,99783,25518,3.7110,the sheet's centring,positive-control-0139/scratch/ours-Bx-S0/window.tifxyz,scratch/ours-Bx-S0/nullplus/p/forward-k0m1-seed42.tif,"clean held out region of pherc0139-w016 (0.1581 cm2), the organisers' online validation case during training; labels mapped from the 2.399 um grid by the affine of evidence/label-map.csv"
positive-control-0139/tools/score.py,2026-09-29T11:04:26Z,ours-Bx-S0,nullplus,0,1,forward,seed43,2,0.5058,0.4541,79973,19693,60280,theirs lattice,0.5058,0.4541,79973,19693,3.7110,the sheet's centring,positive-control-0139/scratch/ours-Bx-S0/window.tifxyz,scratch/ours-Bx-S0/nullplus/p/forward-k0m1-seed43.tif,"clean held out region of pherc0139-w016 (0.1581 cm2), the organisers' online validation case during training; labels mapped from the 2.399 um grid by the affine of evidence/label-map.csv"
positive-control-0139/tools/score.py,2026-09-29T11:04:26Z,ours-Bx-S0,nullplus,0,1,forward,seed43,4,0.5036,0.4491,99783,25518,74265,theirs lattice,0.5036,0.4491,99783,25518,3.7110,the sheet's centring,positive-control-0139/scratch/ours-Bx-S0/window.tifxyz,scratch/ours-Bx-S0/nullplus/p/forward-k0m1-seed43.tif,"clean held out region of pherc0139-w016 (0.1581 cm2), the organisers' online validation case during training; labels mapped from the 2.399 um grid by the affine of evidence/label-map.csv"
positive-control-0139/tools/score.py,2026-09-29T11:04:26Z,ours-Bx-S0,nullplus,1,0,forward,seed42,2,0.4676,0.5105,79973,19693,60280,theirs lattice,0.4676,0.5105,79973,19693,3.7110,the sheet's centring,positive-control-0139/scratch/ours-Bx-S0/window.tifxyz,scratch/ours-Bx-S0/nullplus/p/forward-k1m0-seed42.tif,"clean held out region of pherc0139-w016 (0.1581 cm2), the organisers' online validation case during training; labels mapped from the 2.399 um grid by the affine of evidence/label-map.csv"
positive-control-0139/tools/score.py,2026-09-29T11:04:26Z,ours-Bx-S0,nullplus,1,0,forward,seed42,4,0.4699,0.5255,99783,25518,74265,theirs lattice,0.4699,0.5255,99783,25518,3.7110,the sheet's centring,positive-control-0139/scratch/ours-Bx-S0/window.tifxyz,scratch/ours-Bx-S0/nullplus/p/forward-k1m0-seed42.tif,"clean held out region of pherc0139-w016 (0.1581 cm2), the organisers' online validation case during training; labels mapped from the 2.399 um grid by the affine of evidence/label-map.csv"
positive-control-0139/tools/score.py,2026-09-29T11:04:26Z,ours-Bx-S0,nullplus,1,0,forward,seed43,2,0.4871,0.5158,79973,19693,60280,theirs lattice,0.4871,0.5158,79973,19693,3.7110,the sheet's centring,positive-control-0139/scratch/ours-Bx-S0/window.tifxyz,scratch/ours-Bx-S0/nullplus/p/forward-k1m0-seed43.tif,"clean held out region of pherc0139-w016 (0.1581 cm2), the organisers' online validation case during training; labels mapped from the 2.399 um grid by the affine of evidence/label-map.csv"
positive-control-0139/tools/score.py,2026-09-29T11:04:26Z,ours-Bx-S0,nullplus,1,0,forward,seed43,4,0.4890,0.5231,99783,25518,74265,theirs lattice,0.4890,0.5231,99783,25518,3.7110,the sheet's centring,positive-control-0139/scratch/ours-Bx-S0/window.tifxyz,scratch/ours-Bx-S0/nullplus/p/forward-k1m0-seed43.tif,"clean held out region of pherc0139-w016 (0.1581 cm2), the organisers' online validation case during training; labels mapped from the 2.399 um grid by the affine of evidence/label-map.csv"
positive-control-0139/tools/score.py,2026-09-29T11:04:26Z,ours-Bx-S0,nullplus,1,1,forward,seed42,2,0.4925,0.4147,79973,19693,60280,theirs lattice,0.4925,0.4147,79973,19693,3.7110,the sheet's centring,positive-control-0139/scratch/ours-Bx-S0/window.tifxyz,scratch/ours-Bx-S0/nullplus/p/forward-k1m1-seed42.tif,"clean held out region of pherc0139-w016 (0.1581 cm2), the organisers' online validation case during training; labels mapped from the 2.399 um grid by the affine of evidence/label-map.csv"
positive-control-0139/tools/score.py,2026-09-29T11:04:26Z,ours-Bx-S0,nullplus,1,1,forward,seed42,4,0.4945,0.4450,99783,25518,74265,theirs lattice,0.4945,0.4450,99783,25518,3.7110,the sheet's centring,positive-control-0139/scratch/ours-Bx-S0/window.tifxyz,scratch/ours-Bx-S0/nullplus/p/forward-k1m1-seed42.tif,"clean held out region of pherc0139-w016 (0.1581 cm2), the organisers' online validation case during training; labels mapped from the 2.399 um grid by the affine of evidence/label-map.csv"
positive-control-0139/tools/score.py,2026-09-29T11:04:26Z,ours-Bx-S0,nullplus,1,1,forward,seed43,2,0.5086,0.4455,79973,19693,60280,theirs lattice,0.5086,0.4455,79973,19693,3.7110,the sheet's centring,positive-control-0139/scratch/ours-Bx-S0/window.tifxyz,scratch/ours-Bx-S0/nullplus/p/forward-k1m1-seed43.tif,"clean held out region of pherc0139-w016 (0.1581 cm2), the organisers' online validation case during training; labels mapped from the 2.399 um grid by the affine of evidence/label-map.csv"
positive-control-0139/tools/score.py,2026-09-29T11:04:26Z,ours-Bx-S0,nullplus,1,1,forward,seed43,4,0.5051,0.4470,99783,25518,74265,theirs lattice,0.5051,0.4470,99783,25518,3.7110,the sheet's centring,positive-control-0139/scratch/ours-Bx-S0/window.tifxyz,scratch/ours-Bx-S0/nullplus/p/forward-k1m1-seed43.tif,"clean held out region of pherc0139-w016 (0.1581 cm2), the organisers' online validation case during training; labels mapped from the 2.399 um grid by the affine of evidence/label-map.csv"
positive-control-0139/tools/score.py,2026-09-29T11:04:26Z,ours-Bx-S0,nullplus,2,0,forward,seed42,2,0.4941,0.5236,79973,19693,60280,theirs lattice,0.4941,0.5236,79973,19693,3.7110,the sheet's centring,positive-control-0139/scratch/ours-Bx-S0/window.tifxyz,scratch/ours-Bx-S0/nullplus/p/forward-k2m0-seed42.tif,"clean held out region of pherc0139-w016 (0.1581 cm2), the organisers' online validation case during training; labels mapped from the 2.399 um grid by the affine of evidence/label-map.csv"
positive-control-0139/tools/score.py,2026-09-29T11:04:26Z,ours-Bx-S0,nullplus,2,0,forward,seed42,4,0.5016,0.5603,99783,25518,74265,theirs lattice,0.5016,0.5603,99783,25518,3.7110,the sheet's centring,positive-control-0139/scratch/ours-Bx-S0/window.tifxyz,scratch/ours-Bx-S0/nullplus/p/forward-k2m0-seed42.tif,"clean held out region of pherc0139-w016 (0.1581 cm2), the organisers' online validation case during training; labels mapped from the 2.399 um grid by the affine of evidence/label-map.csv"
positive-control-0139/tools/score.py,2026-09-29T11:04:26Z,ours-Bx-S0,nullplus,2,0,forward,seed43,2,0.4776,0.4923,79973,19693,60280,theirs lattice,0.4776,0.4923,79973,19693,3.7110,the sheet's centring,positive-control-0139/scratch/ours-Bx-S0/window.tifxyz,scratch/ours-Bx-S0/nullplus/p/forward-k2m0-seed43.tif,"clean held out region of pherc0139-w016 (0.1581 cm2), the organisers' online validation case during training; labels mapped from the 2.399 um grid by the affine of evidence/label-map.csv"
positive-control-0139/tools/score.py,2026-09-29T11:04:26Z,ours-Bx-S0,nullplus,2,0,forward,seed43,4,0.4791,0.4868,99783,25518,74265,theirs lattice,0.4791,0.4868,99783,25518,3.7110,the sheet's centring,positive-control-0139/scratch/ours-Bx-S0/window.tifxyz,scratch/ours-Bx-S0/nullplus/p/forward-k2m0-seed43.tif,"clean held out region of pherc0139-w016 (0.1581 cm2), the organisers' online validation case during training; labels mapped from the 2.399 um grid by the affine of evidence/label-map.csv"
positive-control-0139/tools/score.py,2026-09-29T11:04:26Z,ours-Bx-S0,nullplus,2,1,forward,seed42,2,0.4899,0.4256,79973,19693,60280,theirs lattice,0.4899,0.4256,79973,19693,3.7110,the sheet's centring,positive-control-0139/scratch/ours-Bx-S0/window.tifxyz,scratch/ours-Bx-S0/nullplus/p/forward-k2m1-seed42.tif,"clean held out region of pherc0139-w016 (0.1581 cm2), the organisers' online validation case during training; labels mapped from the 2.399 um grid by the affine of evidence/label-map.csv"
positive-control-0139/tools/score.py,2026-09-29T11:04:26Z,ours-Bx-S0,nullplus,2,1,forward,seed42,4,0.4951,0.4423,99783,25518,74265,theirs lattice,0.4951,0.4423,99783,25518,3.7110,the sheet's centring,positive-control-0139/scratch/ours-Bx-S0/window.tifxyz,scratch/ours-Bx-S0/nullplus/p/forward-k2m1-seed42.tif,"clean held out region of pherc0139-w016 (0.1581 cm2), the organisers' online validation case during training; labels mapped from the 2.399 um grid by the affine of evidence/label-map.csv"
positive-control-0139/tools/score.py,2026-09-29T11:04:26Z,ours-Bx-S0,nullplus,2,1,forward,seed43,2,0.5183,0.4849,79973,19693,60280,theirs lattice,0.5183,0.4849,79973,19693,3.7110,the sheet's centring,positive-control-0139/scratch/ours-Bx-S0/window.tifxyz,scratch/ours-Bx-S0/nullplus/p/forward-k2m1-seed43.tif,"clean held out region of pherc0139-w016 (0.1581 cm2), the organisers' online validation case during training; labels mapped from the 2.399 um grid by the affine of evidence/label-map.csv"
positive-control-0139/tools/score.py,2026-09-29T11:04:26Z,ours-Bx-S0,nullplus,2,1,forward,seed43,4,0.5199,0.4968,99783,25518,74265,theirs lattice,0.5199,0.4968,99783,25518,3.7110,the sheet's centring,positive-control-0139/scratch/ours-Bx-S0/window.tifxyz,scratch/ours-Bx-S0/nullplus/p/forward-k2m1-seed43.tif,"clean held out region of pherc0139-w016 (0.1581 cm2), the organisers' online validation case during training; labels mapped from the 2.399 um grid by the affine of evidence/label-map.csv"
positive-control-0139/tools/score.py,2026-09-29T11:04:26Z,ours-Bx-S0,nullplus,3,0,forward,seed42,2,0.4898,0.4204,79973,19693,60280,theirs lattice,0.4898,0.4204,79973,19693,3.7110,the sheet's centring,positive-control-0139/scratch/ours-Bx-S0/window.tifxyz,scratch/ours-Bx-S0/nullplus/p/forward-k3m0-seed42.tif,"clean held out region of pherc0139-w016 (0.1581 cm2), the organisers' online validation case during training; labels mapped from the 2.399 um grid by the affine of evidence/label-map.csv"
positive-control-0139/tools/score.py,2026-09-29T11:04:26Z,ours-Bx-S0,nullplus,3,0,forward,seed42,4,0.4859,0.4488,99783,25518,74265,theirs lattice,0.4859,0.4488,99783,25518,3.7110,the sheet's centring,positive-control-0139/scratch/ours-Bx-S0/window.tifxyz,scratch/ours-Bx-S0/nullplus/p/forward-k3m0-seed42.tif,"clean held out region of pherc0139-w016 (0.1581 cm2), the organisers' online validation case during training; labels mapped from the 2.399 um grid by the affine of evidence/label-map.csv"
positive-control-0139/tools/score.py,2026-09-29T11:04:26Z,ours-Bx-S0,nullplus,3,0,forward,seed43,2,0.4805,0.4165,79973,19693,60280,theirs lattice,0.4805,0.4165,79973,19693,3.7110,the sheet's centring,positive-control-0139/scratch/ours-Bx-S0/window.tifxyz,scratch/ours-Bx-S0/nullplus/p/forward-k3m0-seed43.tif,"clean held out region of pherc0139-w016 (0.1581 cm2), the organisers' online validation case during training; labels mapped from the 2.399 um grid by the affine of evidence/label-map.csv"
positive-control-0139/tools/score.py,2026-09-29T11:04:26Z,ours-Bx-S0,nullplus,3,0,forward,seed43,4,0.4836,0.4202,99783,25518,74265,theirs lattice,0.4836,0.4202,99783,25518,3.7110,the sheet's centring,positive-control-0139/scratch/ours-Bx-S0/window.tifxyz,scratch/ours-Bx-S0/nullplus/p/forward-k3m0-seed43.tif,"clean held out region of pherc0139-w016 (0.1581 cm2), the organisers' online validation case during training; labels mapped from the 2.399 um grid by the affine of evidence/label-map.csv"
positive-control-0139/tools/score.py,2026-09-29T11:04:26Z,ours-Bx-S0,nullplus,3,1,forward,seed42,2,0.4765,0.3989,79973,19693,60280,theirs lattice,0.4765,0.3989,79973,19693,3.7110,the sheet's centring,positive-control-0139/scratch/ours-Bx-S0/window.tifxyz,scratch/ours-Bx-S0/nullplus/p/forward-k3m1-seed42.tif,"clean held out region of pherc0139-w016 (0.1581 cm2), the organisers' online validation case during training; labels mapped from the 2.399 um grid by the affine of evidence/label-map.csv"
positive-control-0139/tools/score.py,2026-09-29T11:04:26Z,ours-Bx-S0,nullplus,3,1,forward,seed42,4,0.4803,0.4314,99783,25518,74265,theirs lattice,0.4803,0.4314,99783,25518,3.7110,the sheet's centring,positive-control-0139/scratch/ours-Bx-S0/window.tifxyz,scratch/ours-Bx-S0/nullplus/p/forward-k3m1-seed42.tif,"clean held out region of pherc0139-w016 (0.1581 cm2), the organisers' online validation case during training; labels mapped from the 2.399 um grid by the affine of evidence/label-map.csv"
positive-control-0139/tools/score.py,2026-09-29T11:04:27Z,ours-Bx-S0,nullplus,3,1,forward,seed43,2,0.4952,0.4103,79973,19693,60280,theirs lattice,0.4952,0.4103,79973,19693,3.7110,the sheet's centring,positive-control-0139/scratch/ours-Bx-S0/window.tifxyz,scratch/ours-Bx-S0/nullplus/p/forward-k3m1-seed43.tif,"clean held out region of pherc0139-w016 (0.1581 cm2), the organisers' online validation case during training; labels mapped from the 2.399 um grid by the affine of evidence/label-map.csv"
positive-control-0139/tools/score.py,2026-09-29T11:04:27Z,ours-Bx-S0,nullplus,3,1,forward,seed43,4,0.4981,0.4249,99783,25518,74265,theirs lattice,0.4981,0.4249,99783,25518,3.7110,the sheet's centring,positive-control-0139/scratch/ours-Bx-S0/window.tifxyz,scratch/ours-Bx-S0/nullplus/p/forward-k3m1-seed43.tif,"clean held out region of pherc0139-w016 (0.1581 cm2), the organisers' online validation case during training; labels mapped from the 2.399 um grid by the affine of evidence/label-map.csv"
positive-control-0139/tools/score.py,2026-09-29T11:04:27Z,ours-Bx-S0,nullplus,0,0,reverse,seed42,2,0.6613,0.8046,79973,19693,60280,theirs lattice,0.6613,0.8046,79973,19693,-0.2640,the sheet's centring,positive-control-0139/scratch/ours-Bx-S0/window.tifxyz,scratch/ours-Bx-S0/nullplus/p/reverse-k0m0-seed42.tif,"clean held out region of pherc0139-w016 (0.1581 cm2), the organisers' online validation case during training; labels mapped from the 2.399 um grid by the affine of evidence/label-map.csv"
positive-control-0139/tools/score.py,2026-09-29T11:04:27Z,ours-Bx-S0,nullplus,0,0,reverse,seed42,4,0.6389,0.7726,99783,25518,74265,theirs lattice,0.6389,0.7726,99783,25518,-0.2640,the sheet's centring,positive-control-0139/scratch/ours-Bx-S0/window.tifxyz,scratch/ours-Bx-S0/nullplus/p/reverse-k0m0-seed42.tif,"clean held out region of pherc0139-w016 (0.1581 cm2), the organisers' online validation case during training; labels mapped from the 2.399 um grid by the affine of evidence/label-map.csv"
positive-control-0139/tools/score.py,2026-09-29T11:04:27Z,ours-Bx-S0,nullplus,0,0,reverse,seed43,2,0.6958,0.7940,79973,19693,60280,theirs lattice,0.6958,0.7940,79973,19693,-0.2640,the sheet's centring,positive-control-0139/scratch/ours-Bx-S0/window.tifxyz,scratch/ours-Bx-S0/nullplus/p/reverse-k0m0-seed43.tif,"clean held out region of pherc0139-w016 (0.1581 cm2), the organisers' online validation case during training; labels mapped from the 2.399 um grid by the affine of evidence/label-map.csv"
positive-control-0139/tools/score.py,2026-09-29T11:04:27Z,ours-Bx-S0,nullplus,0,0,reverse,seed43,4,0.6584,0.7511,99783,25518,74265,theirs lattice,0.6584,0.7511,99783,25518,-0.2640,the sheet's centring,positive-control-0139/scratch/ours-Bx-S0/window.tifxyz,scratch/ours-Bx-S0/nullplus/p/reverse-k0m0-seed43.tif,"clean held out region of pherc0139-w016 (0.1581 cm2), the organisers' online validation case during training; labels mapped from the 2.399 um grid by the affine of evidence/label-map.csv"
positive-control-0139/tools/score.py,2026-09-29T11:04:27Z,ours-Bx-S0,nullplus,0,1,reverse,seed42,2,0.6192,0.7418,79973,19693,60280,theirs lattice,0.6192,0.7418,79973,19693,-0.2640,the sheet's centring,positive-control-0139/scratch/ours-Bx-S0/window.tifxyz,scratch/ours-Bx-S0/nullplus/p/reverse-k0m1-seed42.tif,"clean held out region of pherc0139-w016 (0.1581 cm2), the organisers' online validation case during training; labels mapped from the 2.399 um grid by the affine of evidence/label-map.csv"
positive-control-0139/tools/score.py,2026-09-29T11:04:27Z,ours-Bx-S0,nullplus,0,1,reverse,seed42,4,0.5959,0.7140,99783,25518,74265,theirs lattice,0.5959,0.7140,99783,25518,-0.2640,the sheet's centring,positive-control-0139/scratch/ours-Bx-S0/window.tifxyz,scratch/ours-Bx-S0/nullplus/p/reverse-k0m1-seed42.tif,"clean held out region of pherc0139-w016 (0.1581 cm2), the organisers' online validation case during training; labels mapped from the 2.399 um grid by the affine of evidence/label-map.csv"
positive-control-0139/tools/score.py,2026-09-29T11:04:27Z,ours-Bx-S0,nullplus,0,1,reverse,seed43,2,0.6246,0.7142,79973,19693,60280,theirs lattice,0.6246,0.7142,79973,19693,-0.2640,the sheet's centring,positive-control-0139/scratch/ours-Bx-S0/window.tifxyz,scratch/ours-Bx-S0/nullplus/p/reverse-k0m1-seed43.tif,"clean held out region of pherc0139-w016 (0.1581 cm2), the organisers' online validation case during training; labels mapped from the 2.399 um grid by the affine of evidence/label-map.csv"
positive-control-0139/tools/score.py,2026-09-29T11:04:27Z,ours-Bx-S0,nullplus,0,1,reverse,seed43,4,0.6044,0.6805,99783,25518,74265,theirs lattice,0.6044,0.6805,99783,25518,-0.2640,the sheet's centring,positive-control-0139/scratch/ours-Bx-S0/window.tifxyz,scratch/ours-Bx-S0/nullplus/p/reverse-k0m1-seed43.tif,"clean held out region of pherc0139-w016 (0.1581 cm2), the organisers' online validation case during training; labels mapped from the 2.399 um grid by the affine of evidence/label-map.csv"
positive-control-0139/tools/score.py,2026-09-29T11:04:27Z,ours-Bx-S0,nullplus,1,0,reverse,seed42,2,0.6712,0.7546,79973,19693,60280,theirs lattice,0.6712,0.7546,79973,19693,-0.2640,the sheet's centring,positive-control-0139/scratch/ours-Bx-S0/window.tifxyz,scratch/ours-Bx-S0/nullplus/p/reverse-k1m0-seed42.tif,"clean held out region of pherc0139-w016 (0.1581 cm2), the organisers' online validation case during training; labels mapped from the 2.399 um grid by the affine of evidence/label-map.csv"
positive-control-0139/tools/score.py,2026-09-29T11:04:27Z,ours-Bx-S0,nullplus,1,0,reverse,seed42,4,0.6384,0.7300,99783,25518,74265,theirs lattice,0.6384,0.7300,99783,25518,-0.2640,the sheet's centring,positive-control-0139/scratch/ours-Bx-S0/window.tifxyz,scratch/ours-Bx-S0/nullplus/p/reverse-k1m0-seed42.tif,"clean held out region of pherc0139-w016 (0.1581 cm2), the organisers' online validation case during training; labels mapped from the 2.399 um grid by the affine of evidence/label-map.csv"
positive-control-0139/tools/score.py,2026-09-29T11:04:27Z,ours-Bx-S0,nullplus,1,0,reverse,seed43,2,0.6876,0.7693,79973,19693,60280,theirs lattice,0.6876,0.7693,79973,19693,-0.2640,the sheet's centring,positive-control-0139/scratch/ours-Bx-S0/window.tifxyz,scratch/ours-Bx-S0/nullplus/p/reverse-k1m0-seed43.tif,"clean held out region of pherc0139-w016 (0.1581 cm2), the organisers' online validation case during training; labels mapped from the 2.399 um grid by the affine of evidence/label-map.csv"
positive-control-0139/tools/score.py,2026-09-29T11:04:27Z,ours-Bx-S0,nullplus,1,0,reverse,seed43,4,0.6574,0.7149,99783,25518,74265,theirs lattice,0.6574,0.7149,99783,25518,-0.2640,the sheet's centring,positive-control-0139/scratch/ours-Bx-S0/window.tifxyz,scratch/ours-Bx-S0/nullplus/p/reverse-k1m0-seed43.tif,"clean held out region of pherc0139-w016 (0.1581 cm2), the organisers' online validation case during training; labels mapped from the 2.399 um grid by the affine of evidence/label-map.csv"
positive-control-0139/tools/score.py,2026-09-29T11:04:27Z,ours-Bx-S0,nullplus,1,1,reverse,seed42,2,0.6930,0.7796,79973,19693,60280,theirs lattice,0.6930,0.7796,79973,19693,-0.2640,the sheet's centring,positive-control-0139/scratch/ours-Bx-S0/window.tifxyz,scratch/ours-Bx-S0/nullplus/p/reverse-k1m1-seed42.tif,"clean held out region of pherc0139-w016 (0.1581 cm2), the organisers' online validation case during training; labels mapped from the 2.399 um grid by the affine of evidence/label-map.csv"
positive-control-0139/tools/score.py,2026-09-29T11:04:27Z,ours-Bx-S0,nullplus,1,1,reverse,seed42,4,0.6640,0.7556,99783,25518,74265,theirs lattice,0.6640,0.7556,99783,25518,-0.2640,the sheet's centring,positive-control-0139/scratch/ours-Bx-S0/window.tifxyz,scratch/ours-Bx-S0/nullplus/p/reverse-k1m1-seed42.tif,"clean held out region of pherc0139-w016 (0.1581 cm2), the organisers' online validation case during training; labels mapped from the 2.399 um grid by the affine of evidence/label-map.csv"
positive-control-0139/tools/score.py,2026-09-29T11:04:27Z,ours-Bx-S0,nullplus,1,1,reverse,seed43,2,0.6873,0.7673,79973,19693,60280,theirs lattice,0.6873,0.7673,79973,19693,-0.2640,the sheet's centring,positive-control-0139/scratch/ours-Bx-S0/window.tifxyz,scratch/ours-Bx-S0/nullplus/p/reverse-k1m1-seed43.tif,"clean held out region of pherc0139-w016 (0.1581 cm2), the organisers' online validation case during training; labels mapped from the 2.399 um grid by the affine of evidence/label-map.csv"
positive-control-0139/tools/score.py,2026-09-29T11:04:27Z,ours-Bx-S0,nullplus,1,1,reverse,seed43,4,0.6491,0.7196,99783,25518,74265,theirs lattice,0.6491,0.7196,99783,25518,-0.2640,the sheet's centring,positive-control-0139/scratch/ours-Bx-S0/window.tifxyz,scratch/ours-Bx-S0/nullplus/p/reverse-k1m1-seed43.tif,"clean held out region of pherc0139-w016 (0.1581 cm2), the organisers' online validation case during training; labels mapped from the 2.399 um grid by the affine of evidence/label-map.csv"
positive-control-0139/tools/score.py,2026-09-29T11:04:27Z,ours-Bx-S0,nullplus,2,0,reverse,seed42,2,0.7168,0.8106,79973,19693,60280,theirs lattice,0.7168,0.8106,79973,19693,-0.2640,the sheet's centring,positive-control-0139/scratch/ours-Bx-S0/window.tifxyz,scratch/ours-Bx-S0/nullplus/p/reverse-k2m0-seed42.tif,"clean held out region of pherc0139-w016 (0.1581 cm2), the organisers' online validation case during training; labels mapped from the 2.399 um grid by the affine of evidence/label-map.csv"
positive-control-0139/tools/score.py,2026-09-29T11:04:27Z,ours-Bx-S0,nullplus,2,0,reverse,seed42,4,0.6901,0.7866,99783,25518,74265,theirs lattice,0.6901,0.7866,99783,25518,-0.2640,the sheet's centring,positive-control-0139/scratch/ours-Bx-S0/window.tifxyz,scratch/ours-Bx-S0/nullplus/p/reverse-k2m0-seed42.tif,"clean held out region of pherc0139-w016 (0.1581 cm2), the organisers' online validation case during training; labels mapped from the 2.399 um grid by the affine of evidence/label-map.csv"
positive-control-0139/tools/score.py,2026-09-29T11:04:27Z,ours-Bx-S0,nullplus,2,0,reverse,seed43,2,0.7272,0.8385,79973,19693,60280,theirs lattice,0.7272,0.8385,79973,19693,-0.2640,the sheet's centring,positive-control-0139/scratch/ours-Bx-S0/window.tifxyz,scratch/ours-Bx-S0/nullplus/p/reverse-k2m0-seed43.tif,"clean held out region of pherc0139-w016 (0.1581 cm2), the organisers' online validation case during training; labels mapped from the 2.399 um grid by the affine of evidence/label-map.csv"
positive-control-0139/tools/score.py,2026-09-29T11:04:27Z,ours-Bx-S0,nullplus,2,0,reverse,seed43,4,0.6808,0.7928,99783,25518,74265,theirs lattice,0.6808,0.7928,99783,25518,-0.2640,the sheet's centring,positive-control-0139/scratch/ours-Bx-S0/window.tifxyz,scratch/ours-Bx-S0/nullplus/p/reverse-k2m0-seed43.tif,"clean held out region of pherc0139-w016 (0.1581 cm2), the organisers' online validation case during training; labels mapped from the 2.399 um grid by the affine of evidence/label-map.csv"
positive-control-0139/tools/score.py,2026-09-29T11:04:27Z,ours-Bx-S0,nullplus,2,1,reverse,seed42,2,0.7249,0.8179,79973,19693,60280,theirs lattice,0.7249,0.8179,79973,19693,-0.2640,the sheet's centring,positive-control-0139/scratch/ours-Bx-S0/window.tifxyz,scratch/ours-Bx-S0/nullplus/p/reverse-k2m1-seed42.tif,"clean held out region of pherc0139-w016 (0.1581 cm2), the organisers' online validation case during training; labels mapped from the 2.399 um grid by the affine of evidence/label-map.csv"
positive-control-0139/tools/score.py,2026-09-29T11:04:27Z,ours-Bx-S0,nullplus,2,1,reverse,seed42,4,0.6948,0.7854,99783,25518,74265,theirs lattice,0.6948,0.7854,99783,25518,-0.2640,the sheet's centring,positive-control-0139/scratch/ours-Bx-S0/window.tifxyz,scratch/ours-Bx-S0/nullplus/p/reverse-k2m1-seed42.tif,"clean held out region of pherc0139-w016 (0.1581 cm2), the organisers' online validation case during training; labels mapped from the 2.399 um grid by the affine of evidence/label-map.csv"
positive-control-0139/tools/score.py,2026-09-29T11:04:27Z,ours-Bx-S0,nullplus,2,1,reverse,seed43,2,0.6663,0.7487,79973,19693,60280,theirs lattice,0.6663,0.7487,79973,19693,-0.2640,the sheet's centring,positive-control-0139/scratch/ours-Bx-S0/window.tifxyz,scratch/ours-Bx-S0/nullplus/p/reverse-k2m1-seed43.tif,"clean held out region of pherc0139-w016 (0.1581 cm2), the organisers' online validation case during training; labels mapped from the 2.399 um grid by the affine of evidence/label-map.csv"
positive-control-0139/tools/score.py,2026-09-29T11:04:27Z,ours-Bx-S0,nullplus,2,1,reverse,seed43,4,0.6353,0.6992,99783,25518,74265,theirs lattice,0.6353,0.6992,99783,25518,-0.2640,the sheet's centring,positive-control-0139/scratch/ours-Bx-S0/window.tifxyz,scratch/ours-Bx-S0/nullplus/p/reverse-k2m1-seed43.tif,"clean held out region of pherc0139-w016 (0.1581 cm2), the organisers' online validation case during training; labels mapped from the 2.399 um grid by the affine of evidence/label-map.csv"
positive-control-0139/tools/score.py,2026-09-29T11:04:27Z,ours-Bx-S0,nullplus,3,0,reverse,seed42,2,0.5564,0.7175,79973,19693,60280,theirs lattice,0.5564,0.7175,79973,19693,-0.2640,the sheet's centring,positive-control-0139/scratch/ours-Bx-S0/window.tifxyz,scratch/ours-Bx-S0/nullplus/p/reverse-k3m0-seed42.tif,"clean held out region of pherc0139-w016 (0.1581 cm2), the organisers' online validation case during training; labels mapped from the 2.399 um grid by the affine of evidence/label-map.csv"
positive-control-0139/tools/score.py,2026-09-29T11:04:27Z,ours-Bx-S0,nullplus,3,0,reverse,seed42,4,0.5489,0.6811,99783,25518,74265,theirs lattice,0.5489,0.6811,99783,25518,-0.2640,the sheet's centring,positive-control-0139/scratch/ours-Bx-S0/window.tifxyz,scratch/ours-Bx-S0/nullplus/p/reverse-k3m0-seed42.tif,"clean held out region of pherc0139-w016 (0.1581 cm2), the organisers' online validation case during training; labels mapped from the 2.399 um grid by the affine of evidence/label-map.csv"
positive-control-0139/tools/score.py,2026-09-29T11:04:27Z,ours-Bx-S0,nullplus,3,0,reverse,seed43,2,0.6680,0.7925,79973,19693,60280,theirs lattice,0.6680,0.7925,79973,19693,-0.2640,the sheet's centring,positive-control-0139/scratch/ours-Bx-S0/window.tifxyz,scratch/ours-Bx-S0/nullplus/p/reverse-k3m0-seed43.tif,"clean held out region of pherc0139-w016 (0.1581 cm2), the organisers' online validation case during training; labels mapped from the 2.399 um grid by the affine of evidence/label-map.csv"
positive-control-0139/tools/score.py,2026-09-29T11:04:27Z,ours-Bx-S0,nullplus,3,0,reverse,seed43,4,0.6437,0.7615,99783,25518,74265,theirs lattice,0.6437,0.7615,99783,25518,-0.2640,the sheet's centring,positive-control-0139/scratch/ours-Bx-S0/window.tifxyz,scratch/ours-Bx-S0/nullplus/p/reverse-k3m0-seed43.tif,"clean held out region of pherc0139-w016 (0.1581 cm2), the organisers' online validation case during training; labels mapped from the 2.399 um grid by the affine of evidence/label-map.csv"
positive-control-0139/tools/score.py,2026-09-29T11:04:27Z,ours-Bx-S0,nullplus,3,1,reverse,seed42,2,0.6621,0.7985,79973,19693,60280,theirs lattice,0.6621,0.7985,79973,19693,-0.2640,the sheet's centring,positive-control-0139/scratch/ours-Bx-S0/window.tifxyz,scratch/ours-Bx-S0/nullplus/p/reverse-k3m1-seed42.tif,"clean held out region of pherc0139-w016 (0.1581 cm2), the organisers' online validation case during training; labels mapped from the 2.399 um grid by the affine of evidence/label-map.csv"
positive-control-0139/tools/score.py,2026-09-29T11:04:27Z,ours-Bx-S0,nullplus,3,1,reverse,seed42,4,0.6411,0.7745,99783,25518,74265,theirs lattice,0.6411,0.7745,99783,25518,-0.2640,the sheet's centring,positive-control-0139/scratch/ours-Bx-S0/window.tifxyz,scratch/ours-Bx-S0/nullplus/p/reverse-k3m1-seed42.tif,"clean held out region of pherc0139-w016 (0.1581 cm2), the organisers' online validation case during training; labels mapped from the 2.399 um grid by the affine of evidence/label-map.csv"
positive-control-0139/tools/score.py,2026-09-29T11:04:27Z,ours-Bx-S0,nullplus,3,1,reverse,seed43,2,0.6978,0.7734,79973,19693,60280,theirs lattice,0.6978,0.7734,79973,19693,-0.2640,the sheet's centring,positive-control-0139/scratch/ours-Bx-S0/window.tifxyz,scratch/ours-Bx-S0/nullplus/p/reverse-k3m1-seed43.tif,"clean held out region of pherc0139-w016 (0.1581 cm2), the organisers' online validation case during training; labels mapped from the 2.399 um grid by the affine of evidence/label-map.csv"
positive-control-0139/tools/score.py,2026-09-29T11:04:27Z,ours-Bx-S0,nullplus,3,1,reverse,seed43,4,0.6641,0.7419,99783,25518,74265,theirs lattice,0.6641,0.7419,99783,25518,-0.2640,the sheet's centring,positive-control-0139/scratch/ours-Bx-S0/window.tifxyz,scratch/ours-Bx-S0/nullplus/p/reverse-k3m1-seed43.tif,"clean held out region of pherc0139-w016 (0.1581 cm2), the organisers' online validation case during training; labels mapped from the 2.399 um grid by the affine of evidence/label-map.csv"
positive-control-0139/tools/score.py,2026-09-29T11:04:30Z,ours-Bx-S0,nullminus,0,0,forward,seed42,2,0.4723,0.4268,79973,19693,60280,theirs lattice,0.4723,0.4268,79973,19693,3.7110,the sheet's centring,positive-control-0139/scratch/ours-Bx-S0/window.tifxyz,scratch/ours-Bx-S0/nullminus/p/forward-k0m0-seed42.tif,"clean held out region of pherc0139-w016 (0.1581 cm2), the organisers' online validation case during training; labels mapped from the 2.399 um grid by the affine of evidence/label-map.csv"
positive-control-0139/tools/score.py,2026-09-29T11:04:30Z,ours-Bx-S0,nullminus,0,0,forward,seed42,4,0.4736,0.4218,99783,25518,74265,theirs lattice,0.4736,0.4218,99783,25518,3.7110,the sheet's centring,positive-control-0139/scratch/ours-Bx-S0/window.tifxyz,scratch/ours-Bx-S0/nullminus/p/forward-k0m0-seed42.tif,"clean held out region of pherc0139-w016 (0.1581 cm2), the organisers' online validation case during training; labels mapped from the 2.399 um grid by the affine of evidence/label-map.csv"
positive-control-0139/tools/score.py,2026-09-29T11:04:30Z,ours-Bx-S0,nullminus,0,0,forward,seed43,2,0.4649,0.4647,79973,19693,60280,theirs lattice,0.4649,0.4647,79973,19693,3.7110,the sheet's centring,positive-control-0139/scratch/ours-Bx-S0/window.tifxyz,scratch/ours-Bx-S0/nullminus/p/forward-k0m0-seed43.tif,"clean held out region of pherc0139-w016 (0.1581 cm2), the organisers' online validation case during training; labels mapped from the 2.399 um grid by the affine of evidence/label-map.csv"
positive-control-0139/tools/score.py,2026-09-29T11:04:30Z,ours-Bx-S0,nullminus,0,0,forward,seed43,4,0.4651,0.4576,99783,25518,74265,theirs lattice,0.4651,0.4576,99783,25518,3.7110,the sheet's centring,positive-control-0139/scratch/ours-Bx-S0/window.tifxyz,scratch/ours-Bx-S0/nullminus/p/forward-k0m0-seed43.tif,"clean held out region of pherc0139-w016 (0.1581 cm2), the organisers' online validation case during training; labels mapped from the 2.399 um grid by the affine of evidence/label-map.csv"
positive-control-0139/tools/score.py,2026-09-29T11:04:30Z,ours-Bx-S0,nullminus,0,1,forward,seed42,2,0.4693,0.3991,79973,19693,60280,theirs lattice,0.4693,0.3991,79973,19693,3.7110,the sheet's centring,positive-control-0139/scratch/ours-Bx-S0/window.tifxyz,scratch/ours-Bx-S0/nullminus/p/forward-k0m1-seed42.tif,"clean held out region of pherc0139-w016 (0.1581 cm2), the organisers' online validation case during training; labels mapped from the 2.399 um grid by the affine of evidence/label-map.csv"
positive-control-0139/tools/score.py,2026-09-29T11:04:30Z,ours-Bx-S0,nullminus,0,1,forward,seed42,4,0.4754,0.4193,99783,25518,74265,theirs lattice,0.4754,0.4193,99783,25518,3.7110,the sheet's centring,positive-control-0139/scratch/ours-Bx-S0/window.tifxyz,scratch/ours-Bx-S0/nullminus/p/forward-k0m1-seed42.tif,"clean held out region of pherc0139-w016 (0.1581 cm2), the organisers' online validation case during training; labels mapped from the 2.399 um grid by the affine of evidence/label-map.csv"
positive-control-0139/tools/score.py,2026-09-29T11:04:30Z,ours-Bx-S0,nullminus,0,1,forward,seed43,2,0.4804,0.4223,79973,19693,60280,theirs lattice,0.4804,0.4223,79973,19693,3.7110,the sheet's centring,positive-control-0139/scratch/ours-Bx-S0/window.tifxyz,scratch/ours-Bx-S0/nullminus/p/forward-k0m1-seed43.tif,"clean held out region of pherc0139-w016 (0.1581 cm2), the organisers' online validation case during training; labels mapped from the 2.399 um grid by the affine of evidence/label-map.csv"
positive-control-0139/tools/score.py,2026-09-29T11:04:30Z,ours-Bx-S0,nullminus,0,1,forward,seed43,4,0.4704,0.4086,99783,25518,74265,theirs lattice,0.4704,0.4086,99783,25518,3.7110,the sheet's centring,positive-control-0139/scratch/ours-Bx-S0/window.tifxyz,scratch/ours-Bx-S0/nullminus/p/forward-k0m1-seed43.tif,"clean held out region of pherc0139-w016 (0.1581 cm2), the organisers' online validation case during training; labels mapped from the 2.399 um grid by the affine of evidence/label-map.csv"
positive-control-0139/tools/score.py,2026-09-29T11:04:30Z,ours-Bx-S0,nullminus,1,0,forward,seed42,2,0.4680,0.3567,79973,19693,60280,theirs lattice,0.4680,0.3567,79973,19693,3.7110,the sheet's centring,positive-control-0139/scratch/ours-Bx-S0/window.tifxyz,scratch/ours-Bx-S0/nullminus/p/forward-k1m0-seed42.tif,"clean held out region of pherc0139-w016 (0.1581 cm2), the organisers' online validation case during training; labels mapped from the 2.399 um grid by the affine of evidence/label-map.csv"
positive-control-0139/tools/score.py,2026-09-29T11:04:30Z,ours-Bx-S0,nullminus,1,0,forward,seed42,4,0.4793,0.3655,99783,25518,74265,theirs lattice,0.4793,0.3655,99783,25518,3.7110,the sheet's centring,positive-control-0139/scratch/ours-Bx-S0/window.tifxyz,scratch/ours-Bx-S0/nullminus/p/forward-k1m0-seed42.tif,"clean held out region of pherc0139-w016 (0.1581 cm2), the organisers' online validation case during training; labels mapped from the 2.399 um grid by the affine of evidence/label-map.csv"
positive-control-0139/tools/score.py,2026-09-29T11:04:30Z,ours-Bx-S0,nullminus,1,0,forward,seed43,2,0.4643,0.3845,79973,19693,60280,theirs lattice,0.4643,0.3845,79973,19693,3.7110,the sheet's centring,positive-control-0139/scratch/ours-Bx-S0/window.tifxyz,scratch/ours-Bx-S0/nullminus/p/forward-k1m0-seed43.tif,"clean held out region of pherc0139-w016 (0.1581 cm2), the organisers' online validation case during training; labels mapped from the 2.399 um grid by the affine of evidence/label-map.csv"
positive-control-0139/tools/score.py,2026-09-29T11:04:30Z,ours-Bx-S0,nullminus,1,0,forward,seed43,4,0.4586,0.3780,99783,25518,74265,theirs lattice,0.4586,0.3780,99783,25518,3.7110,the sheet's centring,positive-control-0139/scratch/ours-Bx-S0/window.tifxyz,scratch/ours-Bx-S0/nullminus/p/forward-k1m0-seed43.tif,"clean held out region of pherc0139-w016 (0.1581 cm2), the organisers' online validation case during training; labels mapped from the 2.399 um grid by the affine of evidence/label-map.csv"
positive-control-0139/tools/score.py,2026-09-29T11:04:30Z,ours-Bx-S0,nullminus,1,1,forward,seed42,2,0.4930,0.4162,79973,19693,60280,theirs lattice,0.4930,0.4162,79973,19693,3.7110,the sheet's centring,positive-control-0139/scratch/ours-Bx-S0/window.tifxyz,scratch/ours-Bx-S0/nullminus/p/forward-k1m1-seed42.tif,"clean held out region of pherc0139-w016 (0.1581 cm2), the organisers' online validation case during training; labels mapped from the 2.399 um grid by the affine of evidence/label-map.csv"
positive-control-0139/tools/score.py,2026-09-29T11:04:30Z,ours-Bx-S0,nullminus,1,1,forward,seed42,4,0.4904,0.4327,99783,25518,74265,theirs lattice,0.4904,0.4327,99783,25518,3.7110,the sheet's centring,positive-control-0139/scratch/ours-Bx-S0/window.tifxyz,scratch/ours-Bx-S0/nullminus/p/forward-k1m1-seed42.tif,"clean held out region of pherc0139-w016 (0.1581 cm2), the organisers' online validation case during training; labels mapped from the 2.399 um grid by the affine of evidence/label-map.csv"
positive-control-0139/tools/score.py,2026-09-29T11:04:30Z,ours-Bx-S0,nullminus,1,1,forward,seed43,2,0.4497,0.3593,79973,19693,60280,theirs lattice,0.4497,0.3593,79973,19693,3.7110,the sheet's centring,positive-control-0139/scratch/ours-Bx-S0/window.tifxyz,scratch/ours-Bx-S0/nullminus/p/forward-k1m1-seed43.tif,"clean held out region of pherc0139-w016 (0.1581 cm2), the organisers' online validation case during training; labels mapped from the 2.399 um grid by the affine of evidence/label-map.csv"
positive-control-0139/tools/score.py,2026-09-29T11:04:30Z,ours-Bx-S0,nullminus,1,1,forward,seed43,4,0.4438,0.3470,99783,25518,74265,theirs lattice,0.4438,0.3470,99783,25518,3.7110,the sheet's centring,positive-control-0139/scratch/ours-Bx-S0/window.tifxyz,scratch/ours-Bx-S0/nullminus/p/forward-k1m1-seed43.tif,"clean held out region of pherc0139-w016 (0.1581 cm2), the organisers' online validation case during training; labels mapped from the 2.399 um grid by the affine of evidence/label-map.csv"
positive-control-0139/tools/score.py,2026-09-29T11:04:30Z,ours-Bx-S0,nullminus,2,0,forward,seed42,2,0.4950,0.4122,79973,19693,60280,theirs lattice,0.4950,0.4122,79973,19693,3.7110,the sheet's centring,positive-control-0139/scratch/ours-Bx-S0/window.tifxyz,scratch/ours-Bx-S0/nullminus/p/forward-k2m0-seed42.tif,"clean held out region of pherc0139-w016 (0.1581 cm2), the organisers' online validation case during training; labels mapped from the 2.399 um grid by the affine of evidence/label-map.csv"
positive-control-0139/tools/score.py,2026-09-29T11:04:30Z,ours-Bx-S0,nullminus,2,0,forward,seed42,4,0.5066,0.4596,99783,25518,74265,theirs lattice,0.5066,0.4596,99783,25518,3.7110,the sheet's centring,positive-control-0139/scratch/ours-Bx-S0/window.tifxyz,scratch/ours-Bx-S0/nullminus/p/forward-k2m0-seed42.tif,"clean held out region of pherc0139-w016 (0.1581 cm2), the organisers' online validation case during training; labels mapped from the 2.399 um grid by the affine of evidence/label-map.csv"
positive-control-0139/tools/score.py,2026-09-29T11:04:30Z,ours-Bx-S0,nullminus,2,0,forward,seed43,2,0.4661,0.5072,79973,19693,60280,theirs lattice,0.4661,0.5072,79973,19693,3.7110,the sheet's centring,positive-control-0139/scratch/ours-Bx-S0/window.tifxyz,scratch/ours-Bx-S0/nullminus/p/forward-k2m0-seed43.tif,"clean held out region of pherc0139-w016 (0.1581 cm2), the organisers' online validation case during training; labels mapped from the 2.399 um grid by the affine of evidence/label-map.csv"
positive-control-0139/tools/score.py,2026-09-29T11:04:30Z,ours-Bx-S0,nullminus,2,0,forward,seed43,4,0.4654,0.5087,99783,25518,74265,theirs lattice,0.4654,0.5087,99783,25518,3.7110,the sheet's centring,positive-control-0139/scratch/ours-Bx-S0/window.tifxyz,scratch/ours-Bx-S0/nullminus/p/forward-k2m0-seed43.tif,"clean held out region of pherc0139-w016 (0.1581 cm2), the organisers' online validation case during training; labels mapped from the 2.399 um grid by the affine of evidence/label-map.csv"
positive-control-0139/tools/score.py,2026-09-29T11:04:30Z,ours-Bx-S0,nullminus,2,1,forward,seed42,2,0.4986,0.4989,79973,19693,60280,theirs lattice,0.4986,0.4989,79973,19693,3.7110,the sheet's centring,positive-control-0139/scratch/ours-Bx-S0/window.tifxyz,scratch/ours-Bx-S0/nullminus/p/forward-k2m1-seed42.tif,"clean held out region of pherc0139-w016 (0.1581 cm2), the organisers' online validation case during training; labels mapped from the 2.399 um grid by the affine of evidence/label-map.csv"
positive-control-0139/tools/score.py,2026-09-29T11:04:30Z,ours-Bx-S0,nullminus,2,1,forward,seed42,4,0.5015,0.5254,99783,25518,74265,theirs lattice,0.5015,0.5254,99783,25518,3.7110,the sheet's centring,positive-control-0139/scratch/ours-Bx-S0/window.tifxyz,scratch/ours-Bx-S0/nullminus/p/forward-k2m1-seed42.tif,"clean held out region of pherc0139-w016 (0.1581 cm2), the organisers' online validation case during training; labels mapped from the 2.399 um grid by the affine of evidence/label-map.csv"
positive-control-0139/tools/score.py,2026-09-29T11:04:30Z,ours-Bx-S0,nullminus,2,1,forward,seed43,2,0.4740,0.3793,79973,19693,60280,theirs lattice,0.4740,0.3793,79973,19693,3.7110,the sheet's centring,positive-control-0139/scratch/ours-Bx-S0/window.tifxyz,scratch/ours-Bx-S0/nullminus/p/forward-k2m1-seed43.tif,"clean held out region of pherc0139-w016 (0.1581 cm2), the organisers' online validation case during training; labels mapped from the 2.399 um grid by the affine of evidence/label-map.csv"
positive-control-0139/tools/score.py,2026-09-29T11:04:30Z,ours-Bx-S0,nullminus,2,1,forward,seed43,4,0.4753,0.4078,99783,25518,74265,theirs lattice,0.4753,0.4078,99783,25518,3.7110,the sheet's centring,positive-control-0139/scratch/ours-Bx-S0/window.tifxyz,scratch/ours-Bx-S0/nullminus/p/forward-k2m1-seed43.tif,"clean held out region of pherc0139-w016 (0.1581 cm2), the organisers' online validation case during training; labels mapped from the 2.399 um grid by the affine of evidence/label-map.csv"
positive-control-0139/tools/score.py,2026-09-29T11:04:30Z,ours-Bx-S0,nullminus,3,0,forward,seed42,2,0.4655,0.3587,79973,19693,60280,theirs lattice,0.4655,0.3587,79973,19693,3.7110,the sheet's centring,positive-control-0139/scratch/ours-Bx-S0/window.tifxyz,scratch/ours-Bx-S0/nullminus/p/forward-k3m0-seed42.tif,"clean held out region of pherc0139-w016 (0.1581 cm2), the organisers' online validation case during training; labels mapped from the 2.399 um grid by the affine of evidence/label-map.csv"
positive-control-0139/tools/score.py,2026-09-29T11:04:30Z,ours-Bx-S0,nullminus,3,0,forward,seed42,4,0.4635,0.3740,99783,25518,74265,theirs lattice,0.4635,0.3740,99783,25518,3.7110,the sheet's centring,positive-control-0139/scratch/ours-Bx-S0/window.tifxyz,scratch/ours-Bx-S0/nullminus/p/forward-k3m0-seed42.tif,"clean held out region of pherc0139-w016 (0.1581 cm2), the organisers' online validation case during training; labels mapped from the 2.399 um grid by the affine of evidence/label-map.csv"
positive-control-0139/tools/score.py,2026-09-29T11:04:30Z,ours-Bx-S0,nullminus,3,0,forward,seed43,2,0.4678,0.4875,79973,19693,60280,theirs lattice,0.4678,0.4875,79973,19693,3.7110,the sheet's centring,positive-control-0139/scratch/ours-Bx-S0/window.tifxyz,scratch/ours-Bx-S0/nullminus/p/forward-k3m0-seed43.tif,"clean held out region of pherc0139-w016 (0.1581 cm2), the organisers' online validation case during training; labels mapped from the 2.399 um grid by the affine of evidence/label-map.csv"
positive-control-0139/tools/score.py,2026-09-29T11:04:30Z,ours-Bx-S0,nullminus,3,0,forward,seed43,4,0.4714,0.4734,99783,25518,74265,theirs lattice,0.4714,0.4734,99783,25518,3.7110,the sheet's centring,positive-control-0139/scratch/ours-Bx-S0/window.tifxyz,scratch/ours-Bx-S0/nullminus/p/forward-k3m0-seed43.tif,"clean held out region of pherc0139-w016 (0.1581 cm2), the organisers' online validation case during training; labels mapped from the 2.399 um grid by the affine of evidence/label-map.csv"
positive-control-0139/tools/score.py,2026-09-29T11:04:30Z,ours-Bx-S0,nullminus,3,1,forward,seed42,2,0.4827,0.3145,79973,19693,60280,theirs lattice,0.4827,0.3145,79973,19693,3.7110,the sheet's centring,positive-control-0139/scratch/ours-Bx-S0/window.tifxyz,scratch/ours-Bx-S0/nullminus/p/forward-k3m1-seed42.tif,"clean held out region of pherc0139-w016 (0.1581 cm2), the organisers' online validation case during training; labels mapped from the 2.399 um grid by the affine of evidence/label-map.csv"
positive-control-0139/tools/score.py,2026-09-29T11:04:30Z,ours-Bx-S0,nullminus,3,1,forward,seed42,4,0.4843,0.3274,99783,25518,74265,theirs lattice,0.4843,0.3274,99783,25518,3.7110,the sheet's centring,positive-control-0139/scratch/ours-Bx-S0/window.tifxyz,scratch/ours-Bx-S0/nullminus/p/forward-k3m1-seed42.tif,"clean held out region of pherc0139-w016 (0.1581 cm2), the organisers' online validation case during training; labels mapped from the 2.399 um grid by the affine of evidence/label-map.csv"
positive-control-0139/tools/score.py,2026-09-29T11:04:30Z,ours-Bx-S0,nullminus,3,1,forward,seed43,2,0.4767,0.5212,79973,19693,60280,theirs lattice,0.4767,0.5212,79973,19693,3.7110,the sheet's centring,positive-control-0139/scratch/ours-Bx-S0/window.tifxyz,scratch/ours-Bx-S0/nullminus/p/forward-k3m1-seed43.tif,"clean held out region of pherc0139-w016 (0.1581 cm2), the organisers' online validation case during training; labels mapped from the 2.399 um grid by the affine of evidence/label-map.csv"
positive-control-0139/tools/score.py,2026-09-29T11:04:30Z,ours-Bx-S0,nullminus,3,1,forward,seed43,4,0.4757,0.5024,99783,25518,74265,theirs lattice,0.4757,0.5024,99783,25518,3.7110,the sheet's centring,positive-control-0139/scratch/ours-Bx-S0/window.tifxyz,scratch/ours-Bx-S0/nullminus/p/forward-k3m1-seed43.tif,"clean held out region of pherc0139-w016 (0.1581 cm2), the organisers' online validation case during training; labels mapped from the 2.399 um grid by the affine of evidence/label-map.csv"
positive-control-0139/tools/score.py,2026-09-29T11:04:30Z,ours-Bx-S0,nullminus,0,0,reverse,seed42,2,0.5261,0.5498,79973,19693,60280,theirs lattice,0.5261,0.5498,79973,19693,-0.2640,the sheet's centring,positive-control-0139/scratch/ours-Bx-S0/window.tifxyz,scratch/ours-Bx-S0/nullminus/p/reverse-k0m0-seed42.tif,"clean held out region of pherc0139-w016 (0.1581 cm2), the organisers' online validation case during training; labels mapped from the 2.399 um grid by the affine of evidence/label-map.csv"
positive-control-0139/tools/score.py,2026-09-29T11:04:30Z,ours-Bx-S0,nullminus,0,0,reverse,seed42,4,0.5276,0.5766,99783,25518,74265,theirs lattice,0.5276,0.5766,99783,25518,-0.2640,the sheet's centring,positive-control-0139/scratch/ours-Bx-S0/window.tifxyz,scratch/ours-Bx-S0/nullminus/p/reverse-k0m0-seed42.tif,"clean held out region of pherc0139-w016 (0.1581 cm2), the organisers' online validation case during training; labels mapped from the 2.399 um grid by the affine of evidence/label-map.csv"
positive-control-0139/tools/score.py,2026-09-29T11:04:30Z,ours-Bx-S0,nullminus,0,0,reverse,seed43,2,0.5017,0.5775,79973,19693,60280,theirs lattice,0.5017,0.5775,79973,19693,-0.2640,the sheet's centring,positive-control-0139/scratch/ours-Bx-S0/window.tifxyz,scratch/ours-Bx-S0/nullminus/p/reverse-k0m0-seed43.tif,"clean held out region of pherc0139-w016 (0.1581 cm2), the organisers' online validation case during training; labels mapped from the 2.399 um grid by the affine of evidence/label-map.csv"
positive-control-0139/tools/score.py,2026-09-29T11:04:30Z,ours-Bx-S0,nullminus,0,0,reverse,seed43,4,0.4973,0.5738,99783,25518,74265,theirs lattice,0.4973,0.5738,99783,25518,-0.2640,the sheet's centring,positive-control-0139/scratch/ours-Bx-S0/window.tifxyz,scratch/ours-Bx-S0/nullminus/p/reverse-k0m0-seed43.tif,"clean held out region of pherc0139-w016 (0.1581 cm2), the organisers' online validation case during training; labels mapped from the 2.399 um grid by the affine of evidence/label-map.csv"
positive-control-0139/tools/score.py,2026-09-29T11:04:30Z,ours-Bx-S0,nullminus,0,1,reverse,seed42,2,0.4917,0.6414,79973,19693,60280,theirs lattice,0.4917,0.6414,79973,19693,-0.2640,the sheet's centring,positive-control-0139/scratch/ours-Bx-S0/window.tifxyz,scratch/ours-Bx-S0/nullminus/p/reverse-k0m1-seed42.tif,"clean held out region of pherc0139-w016 (0.1581 cm2), the organisers' online validation case during training; labels mapped from the 2.399 um grid by the affine of evidence/label-map.csv"
positive-control-0139/tools/score.py,2026-09-29T11:04:30Z,ours-Bx-S0,nullminus,0,1,reverse,seed42,4,0.4898,0.6474,99783,25518,74265,theirs lattice,0.4898,0.6474,99783,25518,-0.2640,the sheet's centring,positive-control-0139/scratch/ours-Bx-S0/window.tifxyz,scratch/ours-Bx-S0/nullminus/p/reverse-k0m1-seed42.tif,"clean held out region of pherc0139-w016 (0.1581 cm2), the organisers' online validation case during training; labels mapped from the 2.399 um grid by the affine of evidence/label-map.csv"
positive-control-0139/tools/score.py,2026-09-29T11:04:30Z,ours-Bx-S0,nullminus,0,1,reverse,seed43,2,0.5080,0.5801,79973,19693,60280,theirs lattice,0.5080,0.5801,79973,19693,-0.2640,the sheet's centring,positive-control-0139/scratch/ours-Bx-S0/window.tifxyz,scratch/ours-Bx-S0/nullminus/p/reverse-k0m1-seed43.tif,"clean held out region of pherc0139-w016 (0.1581 cm2), the organisers' online validation case during training; labels mapped from the 2.399 um grid by the affine of evidence/label-map.csv"
positive-control-0139/tools/score.py,2026-09-29T11:04:30Z,ours-Bx-S0,nullminus,0,1,reverse,seed43,4,0.5034,0.5591,99783,25518,74265,theirs lattice,0.5034,0.5591,99783,25518,-0.2640,the sheet's centring,positive-control-0139/scratch/ours-Bx-S0/window.tifxyz,scratch/ours-Bx-S0/nullminus/p/reverse-k0m1-seed43.tif,"clean held out region of pherc0139-w016 (0.1581 cm2), the organisers' online validation case during training; labels mapped from the 2.399 um grid by the affine of evidence/label-map.csv"
positive-control-0139/tools/score.py,2026-09-29T11:04:30Z,ours-Bx-S0,nullminus,1,0,reverse,seed42,2,0.5343,0.6538,79973,19693,60280,theirs lattice,0.5343,0.6538,79973,19693,-0.2640,the sheet's centring,positive-control-0139/scratch/ours-Bx-S0/window.tifxyz,scratch/ours-Bx-S0/nullminus/p/reverse-k1m0-seed42.tif,"clean held out region of pherc0139-w016 (0.1581 cm2), the organisers' online validation case during training; labels mapped from the 2.399 um grid by the affine of evidence/label-map.csv"
positive-control-0139/tools/score.py,2026-09-29T11:04:30Z,ours-Bx-S0,nullminus,1,0,reverse,seed42,4,0.5216,0.6415,99783,25518,74265,theirs lattice,0.5216,0.6415,99783,25518,-0.2640,the sheet's centring,positive-control-0139/scratch/ours-Bx-S0/window.tifxyz,scratch/ours-Bx-S0/nullminus/p/reverse-k1m0-seed42.tif,"clean held out region of pherc0139-w016 (0.1581 cm2), the organisers' online validation case during training; labels mapped from the 2.399 um grid by the affine of evidence/label-map.csv"
positive-control-0139/tools/score.py,2026-09-29T11:04:30Z,ours-Bx-S0,nullminus,1,0,reverse,seed43,2,0.4907,0.5329,79973,19693,60280,theirs lattice,0.4907,0.5329,79973,19693,-0.2640,the sheet's centring,positive-control-0139/scratch/ours-Bx-S0/window.tifxyz,scratch/ours-Bx-S0/nullminus/p/reverse-k1m0-seed43.tif,"clean held out region of pherc0139-w016 (0.1581 cm2), the organisers' online validation case during training; labels mapped from the 2.399 um grid by the affine of evidence/label-map.csv"
positive-control-0139/tools/score.py,2026-09-29T11:04:30Z,ours-Bx-S0,nullminus,1,0,reverse,seed43,4,0.4984,0.5490,99783,25518,74265,theirs lattice,0.4984,0.5490,99783,25518,-0.2640,the sheet's centring,positive-control-0139/scratch/ours-Bx-S0/window.tifxyz,scratch/ours-Bx-S0/nullminus/p/reverse-k1m0-seed43.tif,"clean held out region of pherc0139-w016 (0.1581 cm2), the organisers' online validation case during training; labels mapped from the 2.399 um grid by the affine of evidence/label-map.csv"
positive-control-0139/tools/score.py,2026-09-29T11:04:30Z,ours-Bx-S0,nullminus,1,1,reverse,seed42,2,0.5084,0.6512,79973,19693,60280,theirs lattice,0.5084,0.6512,79973,19693,-0.2640,the sheet's centring,positive-control-0139/scratch/ours-Bx-S0/window.tifxyz,scratch/ours-Bx-S0/nullminus/p/reverse-k1m1-seed42.tif,"clean held out region of pherc0139-w016 (0.1581 cm2), the organisers' online validation case during training; labels mapped from the 2.399 um grid by the affine of evidence/label-map.csv"
positive-control-0139/tools/score.py,2026-09-29T11:04:30Z,ours-Bx-S0,nullminus,1,1,reverse,seed42,4,0.5181,0.6508,99783,25518,74265,theirs lattice,0.5181,0.6508,99783,25518,-0.2640,the sheet's centring,positive-control-0139/scratch/ours-Bx-S0/window.tifxyz,scratch/ours-Bx-S0/nullminus/p/reverse-k1m1-seed42.tif,"clean held out region of pherc0139-w016 (0.1581 cm2), the organisers' online validation case during training; labels mapped from the 2.399 um grid by the affine of evidence/label-map.csv"
positive-control-0139/tools/score.py,2026-09-29T11:04:30Z,ours-Bx-S0,nullminus,1,1,reverse,seed43,2,0.4790,0.4452,79973,19693,60280,theirs lattice,0.4790,0.4452,79973,19693,-0.2640,the sheet's centring,positive-control-0139/scratch/ours-Bx-S0/window.tifxyz,scratch/ours-Bx-S0/nullminus/p/reverse-k1m1-seed43.tif,"clean held out region of pherc0139-w016 (0.1581 cm2), the organisers' online validation case during training; labels mapped from the 2.399 um grid by the affine of evidence/label-map.csv"
positive-control-0139/tools/score.py,2026-09-29T11:04:30Z,ours-Bx-S0,nullminus,1,1,reverse,seed43,4,0.4777,0.4681,99783,25518,74265,theirs lattice,0.4777,0.4681,99783,25518,-0.2640,the sheet's centring,positive-control-0139/scratch/ours-Bx-S0/window.tifxyz,scratch/ours-Bx-S0/nullminus/p/reverse-k1m1-seed43.tif,"clean held out region of pherc0139-w016 (0.1581 cm2), the organisers' online validation case during training; labels mapped from the 2.399 um grid by the affine of evidence/label-map.csv"
positive-control-0139/tools/score.py,2026-09-29T11:04:30Z,ours-Bx-S0,nullminus,2,0,reverse,seed42,2,0.5251,0.6563,79973,19693,60280,theirs lattice,0.5251,0.6563,79973,19693,-0.2640,the sheet's centring,positive-control-0139/scratch/ours-Bx-S0/window.tifxyz,scratch/ours-Bx-S0/nullminus/p/reverse-k2m0-seed42.tif,"clean held out region of pherc0139-w016 (0.1581 cm2), the organisers' online validation case during training; labels mapped from the 2.399 um grid by the affine of evidence/label-map.csv"
positive-control-0139/tools/score.py,2026-09-29T11:04:30Z,ours-Bx-S0,nullminus,2,0,reverse,seed42,4,0.5141,0.6214,99783,25518,74265,theirs lattice,0.5141,0.6214,99783,25518,-0.2640,the sheet's centring,positive-control-0139/scratch/ours-Bx-S0/window.tifxyz,scratch/ours-Bx-S0/nullminus/p/reverse-k2m0-seed42.tif,"clean held out region of pherc0139-w016 (0.1581 cm2), the organisers' online validation case during training; labels mapped from the 2.399 um grid by the affine of evidence/label-map.csv"
positive-control-0139/tools/score.py,2026-09-29T11:04:30Z,ours-Bx-S0,nullminus,2,0,reverse,seed43,2,0.5129,0.5341,79973,19693,60280,theirs lattice,0.5129,0.5341,79973,19693,-0.2640,the sheet's centring,positive-control-0139/scratch/ours-Bx-S0/window.tifxyz,scratch/ours-Bx-S0/nullminus/p/reverse-k2m0-seed43.tif,"clean held out region of pherc0139-w016 (0.1581 cm2), the organisers' online validation case during training; labels mapped from the 2.399 um grid by the affine of evidence/label-map.csv"
positive-control-0139/tools/score.py,2026-09-29T11:04:30Z,ours-Bx-S0,nullminus,2,0,reverse,seed43,4,0.5130,0.5252,99783,25518,74265,theirs lattice,0.5130,0.5252,99783,25518,-0.2640,the sheet's centring,positive-control-0139/scratch/ours-Bx-S0/window.tifxyz,scratch/ours-Bx-S0/nullminus/p/reverse-k2m0-seed43.tif,"clean held out region of pherc0139-w016 (0.1581 cm2), the organisers' online validation case during training; labels mapped from the 2.399 um grid by the affine of evidence/label-map.csv"
positive-control-0139/tools/score.py,2026-09-29T11:04:30Z,ours-Bx-S0,nullminus,2,1,reverse,seed42,2,0.5169,0.5933,79973,19693,60280,theirs lattice,0.5169,0.5933,79973,19693,-0.2640,the sheet's centring,positive-control-0139/scratch/ours-Bx-S0/window.tifxyz,scratch/ours-Bx-S0/nullminus/p/reverse-k2m1-seed42.tif,"clean held out region of pherc0139-w016 (0.1581 cm2), the organisers' online validation case during training; labels mapped from the 2.399 um grid by the affine of evidence/label-map.csv"
positive-control-0139/tools/score.py,2026-09-29T11:04:30Z,ours-Bx-S0,nullminus,2,1,reverse,seed42,4,0.5247,0.5960,99783,25518,74265,theirs lattice,0.5247,0.5960,99783,25518,-0.2640,the sheet's centring,positive-control-0139/scratch/ours-Bx-S0/window.tifxyz,scratch/ours-Bx-S0/nullminus/p/reverse-k2m1-seed42.tif,"clean held out region of pherc0139-w016 (0.1581 cm2), the organisers' online validation case during training; labels mapped from the 2.399 um grid by the affine of evidence/label-map.csv"
positive-control-0139/tools/score.py,2026-09-29T11:04:30Z,ours-Bx-S0,nullminus,2,1,reverse,seed43,2,0.4699,0.4942,79973,19693,60280,theirs lattice,0.4699,0.4942,79973,19693,-0.2640,the sheet's centring,positive-control-0139/scratch/ours-Bx-S0/window.tifxyz,scratch/ours-Bx-S0/nullminus/p/reverse-k2m1-seed43.tif,"clean held out region of pherc0139-w016 (0.1581 cm2), the organisers' online validation case during training; labels mapped from the 2.399 um grid by the affine of evidence/label-map.csv"
positive-control-0139/tools/score.py,2026-09-29T11:04:30Z,ours-Bx-S0,nullminus,2,1,reverse,seed43,4,0.4865,0.5107,99783,25518,74265,theirs lattice,0.4865,0.5107,99783,25518,-0.2640,the sheet's centring,positive-control-0139/scratch/ours-Bx-S0/window.tifxyz,scratch/ours-Bx-S0/nullminus/p/reverse-k2m1-seed43.tif,"clean held out region of pherc0139-w016 (0.1581 cm2), the organisers' online validation case during training; labels mapped from the 2.399 um grid by the affine of evidence/label-map.csv"
positive-control-0139/tools/score.py,2026-09-29T11:04:30Z,ours-Bx-S0,nullminus,3,0,reverse,seed42,2,0.4639,0.6008,79973,19693,60280,theirs lattice,0.4639,0.6008,79973,19693,-0.2640,the sheet's centring,positive-control-0139/scratch/ours-Bx-S0/window.tifxyz,scratch/ours-Bx-S0/nullminus/p/reverse-k3m0-seed42.tif,"clean held out region of pherc0139-w016 (0.1581 cm2), the organisers' online validation case during training; labels mapped from the 2.399 um grid by the affine of evidence/label-map.csv"
positive-control-0139/tools/score.py,2026-09-29T11:04:30Z,ours-Bx-S0,nullminus,3,0,reverse,seed42,4,0.4769,0.5973,99783,25518,74265,theirs lattice,0.4769,0.5973,99783,25518,-0.2640,the sheet's centring,positive-control-0139/scratch/ours-Bx-S0/window.tifxyz,scratch/ours-Bx-S0/nullminus/p/reverse-k3m0-seed42.tif,"clean held out region of pherc0139-w016 (0.1581 cm2), the organisers' online validation case during training; labels mapped from the 2.399 um grid by the affine of evidence/label-map.csv"
positive-control-0139/tools/score.py,2026-09-29T11:04:30Z,ours-Bx-S0,nullminus,3,0,reverse,seed43,2,0.4956,0.6671,79973,19693,60280,theirs lattice,0.4956,0.6671,79973,19693,-0.2640,the sheet's centring,positive-control-0139/scratch/ours-Bx-S0/window.tifxyz,scratch/ours-Bx-S0/nullminus/p/reverse-k3m0-seed43.tif,"clean held out region of pherc0139-w016 (0.1581 cm2), the organisers' online validation case during training; labels mapped from the 2.399 um grid by the affine of evidence/label-map.csv"
positive-control-0139/tools/score.py,2026-09-29T11:04:30Z,ours-Bx-S0,nullminus,3,0,reverse,seed43,4,0.4938,0.6521,99783,25518,74265,theirs lattice,0.4938,0.6521,99783,25518,-0.2640,the sheet's centring,positive-control-0139/scratch/ours-Bx-S0/window.tifxyz,scratch/ours-Bx-S0/nullminus/p/reverse-k3m0-seed43.tif,"clean held out region of pherc0139-w016 (0.1581 cm2), the organisers' online validation case during training; labels mapped from the 2.399 um grid by the affine of evidence/label-map.csv"
positive-control-0139/tools/score.py,2026-09-29T11:04:30Z,ours-Bx-S0,nullminus,3,1,reverse,seed42,2,0.5078,0.5922,79973,19693,60280,theirs lattice,0.5078,0.5922,79973,19693,-0.2640,the sheet's centring,positive-control-0139/scratch/ours-Bx-S0/window.tifxyz,scratch/ours-Bx-S0/nullminus/p/reverse-k3m1-seed42.tif,"clean held out region of pherc0139-w016 (0.1581 cm2), the organisers' online validation case during training; labels mapped from the 2.399 um grid by the affine of evidence/label-map.csv"
positive-control-0139/tools/score.py,2026-09-29T11:04:30Z,ours-Bx-S0,nullminus,3,1,reverse,seed42,4,0.5166,0.5989,99783,25518,74265,theirs lattice,0.5166,0.5989,99783,25518,-0.2640,the sheet's centring,positive-control-0139/scratch/ours-Bx-S0/window.tifxyz,scratch/ours-Bx-S0/nullminus/p/reverse-k3m1-seed42.tif,"clean held out region of pherc0139-w016 (0.1581 cm2), the organisers' online validation case during training; labels mapped from the 2.399 um grid by the affine of evidence/label-map.csv"
positive-control-0139/tools/score.py,2026-09-29T11:04:30Z,ours-Bx-S0,nullminus,3,1,reverse,seed43,2,0.5282,0.6156,79973,19693,60280,theirs lattice,0.5282,0.6156,79973,19693,-0.2640,the sheet's centring,positive-control-0139/scratch/ours-Bx-S0/window.tifxyz,scratch/ours-Bx-S0/nullminus/p/reverse-k3m1-seed43.tif,"clean held out region of pherc0139-w016 (0.1581 cm2), the organisers' online validation case during training; labels mapped from the 2.399 um grid by the affine of evidence/label-map.csv"
positive-control-0139/tools/score.py,2026-09-29T11:04:30Z,ours-Bx-S0,nullminus,3,1,reverse,seed43,4,0.5376,0.6111,99783,25518,74265,theirs lattice,0.5376,0.6111,99783,25518,-0.2640,the sheet's centring,positive-control-0139/scratch/ours-Bx-S0/window.tifxyz,scratch/ours-Bx-S0/nullminus/p/reverse-k3m1-seed43.tif,"clean held out region of pherc0139-w016 (0.1581 cm2), the organisers' online validation case during training; labels mapped from the 2.399 um grid by the affine of evidence/label-map.csv"
positive-control-0139/tools/score.py,2026-09-29T12:45:03Z,ours-A-S0,d,0,0,forward,seed42,2,0.5026,0.5086,86840,21956,64884,theirs lattice,0.5026,0.5086,86840,21956,5.1795,midpoint of the gap minima,positive-control-0139/scratch/ours-A-S0/window.tifxyz,scratch/ours-A-S0/d/p/forward-k0m0-seed42.tif,"clean held out region of pherc0139-w016 (0.1581 cm2), the organisers' online validation case during training; labels mapped from the 2.399 um grid by the affine of evidence/label-map.csv"
positive-control-0139/tools/score.py,2026-09-29T12:45:03Z,ours-A-S0,d,0,0,forward,seed42,4,0.5043,0.5057,97493,24773,72720,theirs lattice,0.5043,0.5057,97493,24773,5.1795,midpoint of the gap minima,positive-control-0139/scratch/ours-A-S0/window.tifxyz,scratch/ours-A-S0/d/p/forward-k0m0-seed42.tif,"clean held out region of pherc0139-w016 (0.1581 cm2), the organisers' online validation case during training; labels mapped from the 2.399 um grid by the affine of evidence/label-map.csv"
positive-control-0139/tools/score.py,2026-09-29T12:45:03Z,ours-A-S0,d,0,0,forward,seed43,2,0.5242,0.5160,86840,21956,64884,theirs lattice,0.5242,0.5160,86840,21956,5.1795,midpoint of the gap minima,positive-control-0139/scratch/ours-A-S0/window.tifxyz,scratch/ours-A-S0/d/p/forward-k0m0-seed43.tif,"clean held out region of pherc0139-w016 (0.1581 cm2), the organisers' online validation case during training; labels mapped from the 2.399 um grid by the affine of evidence/label-map.csv"
positive-control-0139/tools/score.py,2026-09-29T12:45:03Z,ours-A-S0,d,0,0,forward,seed43,4,0.5002,0.4620,97493,24773,72720,theirs lattice,0.5002,0.4620,97493,24773,5.1795,midpoint of the gap minima,positive-control-0139/scratch/ours-A-S0/window.tifxyz,scratch/ours-A-S0/d/p/forward-k0m0-seed43.tif,"clean held out region of pherc0139-w016 (0.1581 cm2), the organisers' online validation case during training; labels mapped from the 2.399 um grid by the affine of evidence/label-map.csv"
positive-control-0139/tools/score.py,2026-09-29T12:45:03Z,ours-A-S0,d,0,1,forward,seed42,2,0.5724,0.5727,86840,21956,64884,theirs lattice,0.5724,0.5727,86840,21956,5.1795,midpoint of the gap minima,positive-control-0139/scratch/ours-A-S0/window.tifxyz,scratch/ours-A-S0/d/p/forward-k0m1-seed42.tif,"clean held out region of pherc0139-w016 (0.1581 cm2), the organisers' online validation case during training; labels mapped from the 2.399 um grid by the affine of evidence/label-map.csv"
positive-control-0139/tools/score.py,2026-09-29T12:45:03Z,ours-A-S0,d,0,1,forward,seed42,4,0.5642,0.5639,97493,24773,72720,theirs lattice,0.5642,0.5639,97493,24773,5.1795,midpoint of the gap minima,positive-control-0139/scratch/ours-A-S0/window.tifxyz,scratch/ours-A-S0/d/p/forward-k0m1-seed42.tif,"clean held out region of pherc0139-w016 (0.1581 cm2), the organisers' online validation case during training; labels mapped from the 2.399 um grid by the affine of evidence/label-map.csv"
positive-control-0139/tools/score.py,2026-09-29T12:45:03Z,ours-A-S0,d,0,1,forward,seed43,2,0.4997,0.4931,86840,21956,64884,theirs lattice,0.4997,0.4931,86840,21956,5.1795,midpoint of the gap minima,positive-control-0139/scratch/ours-A-S0/window.tifxyz,scratch/ours-A-S0/d/p/forward-k0m1-seed43.tif,"clean held out region of pherc0139-w016 (0.1581 cm2), the organisers' online validation case during training; labels mapped from the 2.399 um grid by the affine of evidence/label-map.csv"
positive-control-0139/tools/score.py,2026-09-29T12:45:03Z,ours-A-S0,d,0,1,forward,seed43,4,0.4914,0.4839,97493,24773,72720,theirs lattice,0.4914,0.4839,97493,24773,5.1795,midpoint of the gap minima,positive-control-0139/scratch/ours-A-S0/window.tifxyz,scratch/ours-A-S0/d/p/forward-k0m1-seed43.tif,"clean held out region of pherc0139-w016 (0.1581 cm2), the organisers' online validation case during training; labels mapped from the 2.399 um grid by the affine of evidence/label-map.csv"
positive-control-0139/tools/score.py,2026-09-29T12:45:03Z,ours-A-S0,d,1,0,forward,seed42,2,0.5585,0.5895,86840,21956,64884,theirs lattice,0.5585,0.5895,86840,21956,5.1795,midpoint of the gap minima,positive-control-0139/scratch/ours-A-S0/window.tifxyz,scratch/ours-A-S0/d/p/forward-k1m0-seed42.tif,"clean held out region of pherc0139-w016 (0.1581 cm2), the organisers' online validation case during training; labels mapped from the 2.399 um grid by the affine of evidence/label-map.csv"
positive-control-0139/tools/score.py,2026-09-29T12:45:03Z,ours-A-S0,d,1,0,forward,seed42,4,0.5508,0.5728,97493,24773,72720,theirs lattice,0.5508,0.5728,97493,24773,5.1795,midpoint of the gap minima,positive-control-0139/scratch/ours-A-S0/window.tifxyz,scratch/ours-A-S0/d/p/forward-k1m0-seed42.tif,"clean held out region of pherc0139-w016 (0.1581 cm2), the organisers' online validation case during training; labels mapped from the 2.399 um grid by the affine of evidence/label-map.csv"
positive-control-0139/tools/score.py,2026-09-29T12:45:03Z,ours-A-S0,d,1,0,forward,seed43,2,0.5331,0.5558,86840,21956,64884,theirs lattice,0.5331,0.5558,86840,21956,5.1795,midpoint of the gap minima,positive-control-0139/scratch/ours-A-S0/window.tifxyz,scratch/ours-A-S0/d/p/forward-k1m0-seed43.tif,"clean held out region of pherc0139-w016 (0.1581 cm2), the organisers' online validation case during training; labels mapped from the 2.399 um grid by the affine of evidence/label-map.csv"
positive-control-0139/tools/score.py,2026-09-29T12:45:03Z,ours-A-S0,d,1,0,forward,seed43,4,0.5224,0.5281,97493,24773,72720,theirs lattice,0.5224,0.5281,97493,24773,5.1795,midpoint of the gap minima,positive-control-0139/scratch/ours-A-S0/window.tifxyz,scratch/ours-A-S0/d/p/forward-k1m0-seed43.tif,"clean held out region of pherc0139-w016 (0.1581 cm2), the organisers' online validation case during training; labels mapped from the 2.399 um grid by the affine of evidence/label-map.csv"
positive-control-0139/tools/score.py,2026-09-29T12:45:03Z,ours-A-S0,d,1,1,forward,seed42,2,0.4708,0.5837,86840,21956,64884,theirs lattice,0.4708,0.5837,86840,21956,5.1795,midpoint of the gap minima,positive-control-0139/scratch/ours-A-S0/window.tifxyz,scratch/ours-A-S0/d/p/forward-k1m1-seed42.tif,"clean held out region of pherc0139-w016 (0.1581 cm2), the organisers' online validation case during training; labels mapped from the 2.399 um grid by the affine of evidence/label-map.csv"
positive-control-0139/tools/score.py,2026-09-29T12:45:03Z,ours-A-S0,d,1,1,forward,seed42,4,0.4716,0.6088,97493,24773,72720,theirs lattice,0.4716,0.6088,97493,24773,5.1795,midpoint of the gap minima,positive-control-0139/scratch/ours-A-S0/window.tifxyz,scratch/ours-A-S0/d/p/forward-k1m1-seed42.tif,"clean held out region of pherc0139-w016 (0.1581 cm2), the organisers' online validation case during training; labels mapped from the 2.399 um grid by the affine of evidence/label-map.csv"
positive-control-0139/tools/score.py,2026-09-29T12:45:03Z,ours-A-S0,d,1,1,forward,seed43,2,0.5048,0.4652,86840,21956,64884,theirs lattice,0.5048,0.4652,86840,21956,5.1795,midpoint of the gap minima,positive-control-0139/scratch/ours-A-S0/window.tifxyz,scratch/ours-A-S0/d/p/forward-k1m1-seed43.tif,"clean held out region of pherc0139-w016 (0.1581 cm2), the organisers' online validation case during training; labels mapped from the 2.399 um grid by the affine of evidence/label-map.csv"
positive-control-0139/tools/score.py,2026-09-29T12:45:03Z,ours-A-S0,d,1,1,forward,seed43,4,0.5037,0.4540,97493,24773,72720,theirs lattice,0.5037,0.4540,97493,24773,5.1795,midpoint of the gap minima,positive-control-0139/scratch/ours-A-S0/window.tifxyz,scratch/ours-A-S0/d/p/forward-k1m1-seed43.tif,"clean held out region of pherc0139-w016 (0.1581 cm2), the organisers' online validation case during training; labels mapped from the 2.399 um grid by the affine of evidence/label-map.csv"
positive-control-0139/tools/score.py,2026-09-29T12:45:03Z,ours-A-S0,d,2,0,forward,seed42,2,0.5409,0.5734,86840,21956,64884,theirs lattice,0.5409,0.5734,86840,21956,5.1795,midpoint of the gap minima,positive-control-0139/scratch/ours-A-S0/window.tifxyz,scratch/ours-A-S0/d/p/forward-k2m0-seed42.tif,"clean held out region of pherc0139-w016 (0.1581 cm2), the organisers' online validation case during training; labels mapped from the 2.399 um grid by the affine of evidence/label-map.csv"
positive-control-0139/tools/score.py,2026-09-29T12:45:03Z,ours-A-S0,d,2,0,forward,seed42,4,0.5372,0.5897,97493,24773,72720,theirs lattice,0.5372,0.5897,97493,24773,5.1795,midpoint of the gap minima,positive-control-0139/scratch/ours-A-S0/window.tifxyz,scratch/ours-A-S0/d/p/forward-k2m0-seed42.tif,"clean held out region of pherc0139-w016 (0.1581 cm2), the organisers' online validation case during training; labels mapped from the 2.399 um grid by the affine of evidence/label-map.csv"
positive-control-0139/tools/score.py,2026-09-29T12:45:03Z,ours-A-S0,d,2,0,forward,seed43,2,0.5285,0.4609,86840,21956,64884,theirs lattice,0.5285,0.4609,86840,21956,5.1795,midpoint of the gap minima,positive-control-0139/scratch/ours-A-S0/window.tifxyz,scratch/ours-A-S0/d/p/forward-k2m0-seed43.tif,"clean held out region of pherc0139-w016 (0.1581 cm2), the organisers' online validation case during training; labels mapped from the 2.399 um grid by the affine of evidence/label-map.csv"
positive-control-0139/tools/score.py,2026-09-29T12:45:03Z,ours-A-S0,d,2,0,forward,seed43,4,0.5153,0.4314,97493,24773,72720,theirs lattice,0.5153,0.4314,97493,24773,5.1795,midpoint of the gap minima,positive-control-0139/scratch/ours-A-S0/window.tifxyz,scratch/ours-A-S0/d/p/forward-k2m0-seed43.tif,"clean held out region of pherc0139-w016 (0.1581 cm2), the organisers' online validation case during training; labels mapped from the 2.399 um grid by the affine of evidence/label-map.csv"
positive-control-0139/tools/score.py,2026-09-29T12:45:03Z,ours-A-S0,d,2,1,forward,seed42,2,0.4893,0.4733,86840,21956,64884,theirs lattice,0.4893,0.4733,86840,21956,5.1795,midpoint of the gap minima,positive-control-0139/scratch/ours-A-S0/window.tifxyz,scratch/ours-A-S0/d/p/forward-k2m1-seed42.tif,"clean held out region of pherc0139-w016 (0.1581 cm2), the organisers' online validation case during training; labels mapped from the 2.399 um grid by the affine of evidence/label-map.csv"
positive-control-0139/tools/score.py,2026-09-29T12:45:03Z,ours-A-S0,d,2,1,forward,seed42,4,0.4897,0.4586,97493,24773,72720,theirs lattice,0.4897,0.4586,97493,24773,5.1795,midpoint of the gap minima,positive-control-0139/scratch/ours-A-S0/window.tifxyz,scratch/ours-A-S0/d/p/forward-k2m1-seed42.tif,"clean held out region of pherc0139-w016 (0.1581 cm2), the organisers' online validation case during training; labels mapped from the 2.399 um grid by the affine of evidence/label-map.csv"
positive-control-0139/tools/score.py,2026-09-29T12:45:03Z,ours-A-S0,d,2,1,forward,seed43,2,0.5101,0.6442,86840,21956,64884,theirs lattice,0.5101,0.6442,86840,21956,5.1795,midpoint of the gap minima,positive-control-0139/scratch/ours-A-S0/window.tifxyz,scratch/ours-A-S0/d/p/forward-k2m1-seed43.tif,"clean held out region of pherc0139-w016 (0.1581 cm2), the organisers' online validation case during training; labels mapped from the 2.399 um grid by the affine of evidence/label-map.csv"
positive-control-0139/tools/score.py,2026-09-29T12:45:03Z,ours-A-S0,d,2,1,forward,seed43,4,0.5082,0.6404,97493,24773,72720,theirs lattice,0.5082,0.6404,97493,24773,5.1795,midpoint of the gap minima,positive-control-0139/scratch/ours-A-S0/window.tifxyz,scratch/ours-A-S0/d/p/forward-k2m1-seed43.tif,"clean held out region of pherc0139-w016 (0.1581 cm2), the organisers' online validation case during training; labels mapped from the 2.399 um grid by the affine of evidence/label-map.csv"
positive-control-0139/tools/score.py,2026-09-29T12:45:03Z,ours-A-S0,d,3,0,forward,seed42,2,0.4943,0.5002,86840,21956,64884,theirs lattice,0.4943,0.5002,86840,21956,5.1795,midpoint of the gap minima,positive-control-0139/scratch/ours-A-S0/window.tifxyz,scratch/ours-A-S0/d/p/forward-k3m0-seed42.tif,"clean held out region of pherc0139-w016 (0.1581 cm2), the organisers' online validation case during training; labels mapped from the 2.399 um grid by the affine of evidence/label-map.csv"
positive-control-0139/tools/score.py,2026-09-29T12:45:03Z,ours-A-S0,d,3,0,forward,seed42,4,0.4907,0.5000,97493,24773,72720,theirs lattice,0.4907,0.5000,97493,24773,5.1795,midpoint of the gap minima,positive-control-0139/scratch/ours-A-S0/window.tifxyz,scratch/ours-A-S0/d/p/forward-k3m0-seed42.tif,"clean held out region of pherc0139-w016 (0.1581 cm2), the organisers' online validation case during training; labels mapped from the 2.399 um grid by the affine of evidence/label-map.csv"
positive-control-0139/tools/score.py,2026-09-29T12:45:03Z,ours-A-S0,d,3,0,forward,seed43,2,0.5013,0.4037,86840,21956,64884,theirs lattice,0.5013,0.4037,86840,21956,5.1795,midpoint of the gap minima,positive-control-0139/scratch/ours-A-S0/window.tifxyz,scratch/ours-A-S0/d/p/forward-k3m0-seed43.tif,"clean held out region of pherc0139-w016 (0.1581 cm2), the organisers' online validation case during training; labels mapped from the 2.399 um grid by the affine of evidence/label-map.csv"
positive-control-0139/tools/score.py,2026-09-29T12:45:03Z,ours-A-S0,d,3,0,forward,seed43,4,0.4990,0.3789,97493,24773,72720,theirs lattice,0.4990,0.3789,97493,24773,5.1795,midpoint of the gap minima,positive-control-0139/scratch/ours-A-S0/window.tifxyz,scratch/ours-A-S0/d/p/forward-k3m0-seed43.tif,"clean held out region of pherc0139-w016 (0.1581 cm2), the organisers' online validation case during training; labels mapped from the 2.399 um grid by the affine of evidence/label-map.csv"
positive-control-0139/tools/score.py,2026-09-29T12:45:03Z,ours-A-S0,d,3,1,forward,seed42,2,0.4944,0.4227,86840,21956,64884,theirs lattice,0.4944,0.4227,86840,21956,5.1795,midpoint of the gap minima,positive-control-0139/scratch/ours-A-S0/window.tifxyz,scratch/ours-A-S0/d/p/forward-k3m1-seed42.tif,"clean held out region of pherc0139-w016 (0.1581 cm2), the organisers' online validation case during training; labels mapped from the 2.399 um grid by the affine of evidence/label-map.csv"
positive-control-0139/tools/score.py,2026-09-29T12:45:03Z,ours-A-S0,d,3,1,forward,seed42,4,0.4936,0.4259,97493,24773,72720,theirs lattice,0.4936,0.4259,97493,24773,5.1795,midpoint of the gap minima,positive-control-0139/scratch/ours-A-S0/window.tifxyz,scratch/ours-A-S0/d/p/forward-k3m1-seed42.tif,"clean held out region of pherc0139-w016 (0.1581 cm2), the organisers' online validation case during training; labels mapped from the 2.399 um grid by the affine of evidence/label-map.csv"
positive-control-0139/tools/score.py,2026-09-29T12:45:03Z,ours-A-S0,d,3,1,forward,seed43,2,0.5904,0.6442,86840,21956,64884,theirs lattice,0.5904,0.6442,86840,21956,5.1795,midpoint of the gap minima,positive-control-0139/scratch/ours-A-S0/window.tifxyz,scratch/ours-A-S0/d/p/forward-k3m1-seed43.tif,"clean held out region of pherc0139-w016 (0.1581 cm2), the organisers' online validation case during training; labels mapped from the 2.399 um grid by the affine of evidence/label-map.csv"
positive-control-0139/tools/score.py,2026-09-29T12:45:03Z,ours-A-S0,d,3,1,forward,seed43,4,0.5919,0.6312,97493,24773,72720,theirs lattice,0.5919,0.6312,97493,24773,5.1795,midpoint of the gap minima,positive-control-0139/scratch/ours-A-S0/window.tifxyz,scratch/ours-A-S0/d/p/forward-k3m1-seed43.tif,"clean held out region of pherc0139-w016 (0.1581 cm2), the organisers' online validation case during training; labels mapped from the 2.399 um grid by the affine of evidence/label-map.csv"
positive-control-0139/tools/score.py,2026-09-29T12:45:03Z,ours-A-S0,d,0,0,reverse,seed42,2,0.5392,0.6050,86840,21956,64884,theirs lattice,0.5392,0.6050,86840,21956,1.2045,midpoint of the gap minima,positive-control-0139/scratch/ours-A-S0/window.tifxyz,scratch/ours-A-S0/d/p/reverse-k0m0-seed42.tif,"clean held out region of pherc0139-w016 (0.1581 cm2), the organisers' online validation case during training; labels mapped from the 2.399 um grid by the affine of evidence/label-map.csv"
positive-control-0139/tools/score.py,2026-09-29T12:45:03Z,ours-A-S0,d,0,0,reverse,seed42,4,0.5519,0.6184,97493,24773,72720,theirs lattice,0.5519,0.6184,97493,24773,1.2045,midpoint of the gap minima,positive-control-0139/scratch/ours-A-S0/window.tifxyz,scratch/ours-A-S0/d/p/reverse-k0m0-seed42.tif,"clean held out region of pherc0139-w016 (0.1581 cm2), the organisers' online validation case during training; labels mapped from the 2.399 um grid by the affine of evidence/label-map.csv"
positive-control-0139/tools/score.py,2026-09-29T12:45:03Z,ours-A-S0,d,0,0,reverse,seed43,2,0.5369,0.5997,86840,21956,64884,theirs lattice,0.5369,0.5997,86840,21956,1.2045,midpoint of the gap minima,positive-control-0139/scratch/ours-A-S0/window.tifxyz,scratch/ours-A-S0/d/p/reverse-k0m0-seed43.tif,"clean held out region of pherc0139-w016 (0.1581 cm2), the organisers' online validation case during training; labels mapped from the 2.399 um grid by the affine of evidence/label-map.csv"
positive-control-0139/tools/score.py,2026-09-29T12:45:03Z,ours-A-S0,d,0,0,reverse,seed43,4,0.5326,0.5889,97493,24773,72720,theirs lattice,0.5326,0.5889,97493,24773,1.2045,midpoint of the gap minima,positive-control-0139/scratch/ours-A-S0/window.tifxyz,scratch/ours-A-S0/d/p/reverse-k0m0-seed43.tif,"clean held out region of pherc0139-w016 (0.1581 cm2), the organisers' online validation case during training; labels mapped from the 2.399 um grid by the affine of evidence/label-map.csv"
positive-control-0139/tools/score.py,2026-09-29T12:45:03Z,ours-A-S0,d,0,1,reverse,seed42,2,0.5614,0.6641,86840,21956,64884,theirs lattice,0.5614,0.6641,86840,21956,1.2045,midpoint of the gap minima,positive-control-0139/scratch/ours-A-S0/window.tifxyz,scratch/ours-A-S0/d/p/reverse-k0m1-seed42.tif,"clean held out region of pherc0139-w016 (0.1581 cm2), the organisers' online validation case during training; labels mapped from the 2.399 um grid by the affine of evidence/label-map.csv"
positive-control-0139/tools/score.py,2026-09-29T12:45:03Z,ours-A-S0,d,0,1,reverse,seed42,4,0.5442,0.6310,97493,24773,72720,theirs lattice,0.5442,0.6310,97493,24773,1.2045,midpoint of the gap minima,positive-control-0139/scratch/ours-A-S0/window.tifxyz,scratch/ours-A-S0/d/p/reverse-k0m1-seed42.tif,"clean held out region of pherc0139-w016 (0.1581 cm2), the organisers' online validation case during training; labels mapped from the 2.399 um grid by the affine of evidence/label-map.csv"
positive-control-0139/tools/score.py,2026-09-29T12:45:03Z,ours-A-S0,d,0,1,reverse,seed43,2,0.5319,0.6093,86840,21956,64884,theirs lattice,0.5319,0.6093,86840,21956,1.2045,midpoint of the gap minima,positive-control-0139/scratch/ours-A-S0/window.tifxyz,scratch/ours-A-S0/d/p/reverse-k0m1-seed43.tif,"clean held out region of pherc0139-w016 (0.1581 cm2), the organisers' online validation case during training; labels mapped from the 2.399 um grid by the affine of evidence/label-map.csv"
positive-control-0139/tools/score.py,2026-09-29T12:45:03Z,ours-A-S0,d,0,1,reverse,seed43,4,0.5272,0.5836,97493,24773,72720,theirs lattice,0.5272,0.5836,97493,24773,1.2045,midpoint of the gap minima,positive-control-0139/scratch/ours-A-S0/window.tifxyz,scratch/ours-A-S0/d/p/reverse-k0m1-seed43.tif,"clean held out region of pherc0139-w016 (0.1581 cm2), the organisers' online validation case during training; labels mapped from the 2.399 um grid by the affine of evidence/label-map.csv"
positive-control-0139/tools/score.py,2026-09-29T12:45:03Z,ours-A-S0,d,1,0,reverse,seed42,2,0.6002,0.6817,86840,21956,64884,theirs lattice,0.6002,0.6817,86840,21956,1.2045,midpoint of the gap minima,positive-control-0139/scratch/ours-A-S0/window.tifxyz,scratch/ours-A-S0/d/p/reverse-k1m0-seed42.tif,"clean held out region of pherc0139-w016 (0.1581 cm2), the organisers' online validation case during training; labels mapped from the 2.399 um grid by the affine of evidence/label-map.csv"
positive-control-0139/tools/score.py,2026-09-29T12:45:03Z,ours-A-S0,d,1,0,reverse,seed42,4,0.6049,0.6729,97493,24773,72720,theirs lattice,0.6049,0.6729,97493,24773,1.2045,midpoint of the gap minima,positive-control-0139/scratch/ours-A-S0/window.tifxyz,scratch/ours-A-S0/d/p/reverse-k1m0-seed42.tif,"clean held out region of pherc0139-w016 (0.1581 cm2), the organisers' online validation case during training; labels mapped from the 2.399 um grid by the affine of evidence/label-map.csv"
positive-control-0139/tools/score.py,2026-09-29T12:45:03Z,ours-A-S0,d,1,0,reverse,seed43,2,0.6541,0.7238,86840,21956,64884,theirs lattice,0.6541,0.7238,86840,21956,1.2045,midpoint of the gap minima,positive-control-0139/scratch/ours-A-S0/window.tifxyz,scratch/ours-A-S0/d/p/reverse-k1m0-seed43.tif,"clean held out region of pherc0139-w016 (0.1581 cm2), the organisers' online validation case during training; labels mapped from the 2.399 um grid by the affine of evidence/label-map.csv"
positive-control-0139/tools/score.py,2026-09-29T12:45:03Z,ours-A-S0,d,1,0,reverse,seed43,4,0.6543,0.7237,97493,24773,72720,theirs lattice,0.6543,0.7237,97493,24773,1.2045,midpoint of the gap minima,positive-control-0139/scratch/ours-A-S0/window.tifxyz,scratch/ours-A-S0/d/p/reverse-k1m0-seed43.tif,"clean held out region of pherc0139-w016 (0.1581 cm2), the organisers' online validation case during training; labels mapped from the 2.399 um grid by the affine of evidence/label-map.csv"
positive-control-0139/tools/score.py,2026-09-29T12:45:03Z,ours-A-S0,d,1,1,reverse,seed42,2,0.6112,0.7242,86840,21956,64884,theirs lattice,0.6112,0.7242,86840,21956,1.2045,midpoint of the gap minima,positive-control-0139/scratch/ours-A-S0/window.tifxyz,scratch/ours-A-S0/d/p/reverse-k1m1-seed42.tif,"clean held out region of pherc0139-w016 (0.1581 cm2), the organisers' online validation case during training; labels mapped from the 2.399 um grid by the affine of evidence/label-map.csv"
positive-control-0139/tools/score.py,2026-09-29T12:45:03Z,ours-A-S0,d,1,1,reverse,seed42,4,0.6025,0.7092,97493,24773,72720,theirs lattice,0.6025,0.7092,97493,24773,1.2045,midpoint of the gap minima,positive-control-0139/scratch/ours-A-S0/window.tifxyz,scratch/ours-A-S0/d/p/reverse-k1m1-seed42.tif,"clean held out region of pherc0139-w016 (0.1581 cm2), the organisers' online validation case during training; labels mapped from the 2.399 um grid by the affine of evidence/label-map.csv"
positive-control-0139/tools/score.py,2026-09-29T12:45:03Z,ours-A-S0,d,1,1,reverse,seed43,2,0.6176,0.7532,86840,21956,64884,theirs lattice,0.6176,0.7532,86840,21956,1.2045,midpoint of the gap minima,positive-control-0139/scratch/ours-A-S0/window.tifxyz,scratch/ours-A-S0/d/p/reverse-k1m1-seed43.tif,"clean held out region of pherc0139-w016 (0.1581 cm2), the organisers' online validation case during training; labels mapped from the 2.399 um grid by the affine of evidence/label-map.csv"
positive-control-0139/tools/score.py,2026-09-29T12:45:03Z,ours-A-S0,d,1,1,reverse,seed43,4,0.6217,0.7580,97493,24773,72720,theirs lattice,0.6217,0.7580,97493,24773,1.2045,midpoint of the gap minima,positive-control-0139/scratch/ours-A-S0/window.tifxyz,scratch/ours-A-S0/d/p/reverse-k1m1-seed43.tif,"clean held out region of pherc0139-w016 (0.1581 cm2), the organisers' online validation case during training; labels mapped from the 2.399 um grid by the affine of evidence/label-map.csv"
positive-control-0139/tools/score.py,2026-09-29T12:45:03Z,ours-A-S0,d,2,0,reverse,seed42,2,0.6402,0.7202,86840,21956,64884,theirs lattice,0.6402,0.7202,86840,21956,1.2045,midpoint of the gap minima,positive-control-0139/scratch/ours-A-S0/window.tifxyz,scratch/ours-A-S0/d/p/reverse-k2m0-seed42.tif,"clean held out region of pherc0139-w016 (0.1581 cm2), the organisers' online validation case during training; labels mapped from the 2.399 um grid by the affine of evidence/label-map.csv"
positive-control-0139/tools/score.py,2026-09-29T12:45:03Z,ours-A-S0,d,2,0,reverse,seed42,4,0.6227,0.6923,97493,24773,72720,theirs lattice,0.6227,0.6923,97493,24773,1.2045,midpoint of the gap minima,positive-control-0139/scratch/ours-A-S0/window.tifxyz,scratch/ours-A-S0/d/p/reverse-k2m0-seed42.tif,"clean held out region of pherc0139-w016 (0.1581 cm2), the organisers' online validation case during training; labels mapped from the 2.399 um grid by the affine of evidence/label-map.csv"
positive-control-0139/tools/score.py,2026-09-29T12:45:03Z,ours-A-S0,d,2,0,reverse,seed43,2,0.5783,0.6634,86840,21956,64884,theirs lattice,0.5783,0.6634,86840,21956,1.2045,midpoint of the gap minima,positive-control-0139/scratch/ours-A-S0/window.tifxyz,scratch/ours-A-S0/d/p/reverse-k2m0-seed43.tif,"clean held out region of pherc0139-w016 (0.1581 cm2), the organisers' online validation case during training; labels mapped from the 2.399 um grid by the affine of evidence/label-map.csv"
positive-control-0139/tools/score.py,2026-09-29T12:45:03Z,ours-A-S0,d,2,0,reverse,seed43,4,0.5821,0.6584,97493,24773,72720,theirs lattice,0.5821,0.6584,97493,24773,1.2045,midpoint of the gap minima,positive-control-0139/scratch/ours-A-S0/window.tifxyz,scratch/ours-A-S0/d/p/reverse-k2m0-seed43.tif,"clean held out region of pherc0139-w016 (0.1581 cm2), the organisers' online validation case during training; labels mapped from the 2.399 um grid by the affine of evidence/label-map.csv"
positive-control-0139/tools/score.py,2026-09-29T12:45:03Z,ours-A-S0,d,2,1,reverse,seed42,2,0.6952,0.8093,86840,21956,64884,theirs lattice,0.6952,0.8093,86840,21956,1.2045,midpoint of the gap minima,positive-control-0139/scratch/ours-A-S0/window.tifxyz,scratch/ours-A-S0/d/p/reverse-k2m1-seed42.tif,"clean held out region of pherc0139-w016 (0.1581 cm2), the organisers' online validation case during training; labels mapped from the 2.399 um grid by the affine of evidence/label-map.csv"
positive-control-0139/tools/score.py,2026-09-29T12:45:03Z,ours-A-S0,d,2,1,reverse,seed42,4,0.7005,0.8125,97493,24773,72720,theirs lattice,0.7005,0.8125,97493,24773,1.2045,midpoint of the gap minima,positive-control-0139/scratch/ours-A-S0/window.tifxyz,scratch/ours-A-S0/d/p/reverse-k2m1-seed42.tif,"clean held out region of pherc0139-w016 (0.1581 cm2), the organisers' online validation case during training; labels mapped from the 2.399 um grid by the affine of evidence/label-map.csv"
positive-control-0139/tools/score.py,2026-09-29T12:45:03Z,ours-A-S0,d,2,1,reverse,seed43,2,0.5575,0.5558,86840,21956,64884,theirs lattice,0.5575,0.5558,86840,21956,1.2045,midpoint of the gap minima,positive-control-0139/scratch/ours-A-S0/window.tifxyz,scratch/ours-A-S0/d/p/reverse-k2m1-seed43.tif,"clean held out region of pherc0139-w016 (0.1581 cm2), the organisers' online validation case during training; labels mapped from the 2.399 um grid by the affine of evidence/label-map.csv"
positive-control-0139/tools/score.py,2026-09-29T12:45:03Z,ours-A-S0,d,2,1,reverse,seed43,4,0.5758,0.5693,97493,24773,72720,theirs lattice,0.5758,0.5693,97493,24773,1.2045,midpoint of the gap minima,positive-control-0139/scratch/ours-A-S0/window.tifxyz,scratch/ours-A-S0/d/p/reverse-k2m1-seed43.tif,"clean held out region of pherc0139-w016 (0.1581 cm2), the organisers' online validation case during training; labels mapped from the 2.399 um grid by the affine of evidence/label-map.csv"
positive-control-0139/tools/score.py,2026-09-29T12:45:03Z,ours-A-S0,d,3,0,reverse,seed42,2,0.5382,0.5063,86840,21956,64884,theirs lattice,0.5382,0.5063,86840,21956,1.2045,midpoint of the gap minima,positive-control-0139/scratch/ours-A-S0/window.tifxyz,scratch/ours-A-S0/d/p/reverse-k3m0-seed42.tif,"clean held out region of pherc0139-w016 (0.1581 cm2), the organisers' online validation case during training; labels mapped from the 2.399 um grid by the affine of evidence/label-map.csv"
positive-control-0139/tools/score.py,2026-09-29T12:45:03Z,ours-A-S0,d,3,0,reverse,seed42,4,0.5511,0.5333,97493,24773,72720,theirs lattice,0.5511,0.5333,97493,24773,1.2045,midpoint of the gap minima,positive-control-0139/scratch/ours-A-S0/window.tifxyz,scratch/ours-A-S0/d/p/reverse-k3m0-seed42.tif,"clean held out region of pherc0139-w016 (0.1581 cm2), the organisers' online validation case during training; labels mapped from the 2.399 um grid by the affine of evidence/label-map.csv"
positive-control-0139/tools/score.py,2026-09-29T12:45:03Z,ours-A-S0,d,3,0,reverse,seed43,2,0.6282,0.7487,86840,21956,64884,theirs lattice,0.6282,0.7487,86840,21956,1.2045,midpoint of the gap minima,positive-control-0139/scratch/ours-A-S0/window.tifxyz,scratch/ours-A-S0/d/p/reverse-k3m0-seed43.tif,"clean held out region of pherc0139-w016 (0.1581 cm2), the organisers' online validation case during training; labels mapped from the 2.399 um grid by the affine of evidence/label-map.csv"
positive-control-0139/tools/score.py,2026-09-29T12:45:03Z,ours-A-S0,d,3,0,reverse,seed43,4,0.6385,0.7558,97493,24773,72720,theirs lattice,0.6385,0.7558,97493,24773,1.2045,midpoint of the gap minima,positive-control-0139/scratch/ours-A-S0/window.tifxyz,scratch/ours-A-S0/d/p/reverse-k3m0-seed43.tif,"clean held out region of pherc0139-w016 (0.1581 cm2), the organisers' online validation case during training; labels mapped from the 2.399 um grid by the affine of evidence/label-map.csv"
positive-control-0139/tools/score.py,2026-09-29T12:45:03Z,ours-A-S0,d,3,1,reverse,seed42,2,0.5946,0.7754,86840,21956,64884,theirs lattice,0.5946,0.7754,86840,21956,1.2045,midpoint of the gap minima,positive-control-0139/scratch/ours-A-S0/window.tifxyz,scratch/ours-A-S0/d/p/reverse-k3m1-seed42.tif,"clean held out region of pherc0139-w016 (0.1581 cm2), the organisers' online validation case during training; labels mapped from the 2.399 um grid by the affine of evidence/label-map.csv"
positive-control-0139/tools/score.py,2026-09-29T12:45:03Z,ours-A-S0,d,3,1,reverse,seed42,4,0.5940,0.7553,97493,24773,72720,theirs lattice,0.5940,0.7553,97493,24773,1.2045,midpoint of the gap minima,positive-control-0139/scratch/ours-A-S0/window.tifxyz,scratch/ours-A-S0/d/p/reverse-k3m1-seed42.tif,"clean held out region of pherc0139-w016 (0.1581 cm2), the organisers' online validation case during training; labels mapped from the 2.399 um grid by the affine of evidence/label-map.csv"
positive-control-0139/tools/score.py,2026-09-29T12:45:03Z,ours-A-S0,d,3,1,reverse,seed43,2,0.5552,0.7109,86840,21956,64884,theirs lattice,0.5552,0.7109,86840,21956,1.2045,midpoint of the gap minima,positive-control-0139/scratch/ours-A-S0/window.tifxyz,scratch/ours-A-S0/d/p/reverse-k3m1-seed43.tif,"clean held out region of pherc0139-w016 (0.1581 cm2), the organisers' online validation case during training; labels mapped from the 2.399 um grid by the affine of evidence/label-map.csv"
positive-control-0139/tools/score.py,2026-09-29T12:45:03Z,ours-A-S0,d,3,1,reverse,seed43,4,0.5751,0.7283,97493,24773,72720,theirs lattice,0.5751,0.7283,97493,24773,1.2045,midpoint of the gap minima,positive-control-0139/scratch/ours-A-S0/window.tifxyz,scratch/ours-A-S0/d/p/reverse-k3m1-seed43.tif,"clean held out region of pherc0139-w016 (0.1581 cm2), the organisers' online validation case during training; labels mapped from the 2.399 um grid by the affine of evidence/label-map.csv"
positive-control-0139/tools/score.py,2026-09-29T12:52:06Z,ours-A-S0,b2,0,0,forward,seed42,2,0.4840,0.3336,85113,21703,63410,theirs lattice,0.4840,0.3336,85113,21703,5.1970,midpoint of the gap minima,positive-control-0139/scratch/ours-A-S0/b2/surf.tifxyz,scratch/ours-A-S0/b2/p/forward-k0m0-seed42.tif,"clean held out region of pherc0139-w016 (0.1581 cm2), the organisers' online validation case during training; labels mapped from the 2.399 um grid by the affine of evidence/label-map.csv"
positive-control-0139/tools/score.py,2026-09-29T12:52:06Z,ours-A-S0,b2,0,0,forward,seed42,4,0.4849,0.3285,94287,24174,70113,theirs lattice,0.4849,0.3285,94287,24174,5.1970,midpoint of the gap minima,positive-control-0139/scratch/ours-A-S0/b2/surf.tifxyz,scratch/ours-A-S0/b2/p/forward-k0m0-seed42.tif,"clean held out region of pherc0139-w016 (0.1581 cm2), the organisers' online validation case during training; labels mapped from the 2.399 um grid by the affine of evidence/label-map.csv"
positive-control-0139/tools/score.py,2026-09-29T12:52:06Z,ours-A-S0,b2,0,0,forward,seed43,2,0.5691,0.5403,85113,21703,63410,theirs lattice,0.5691,0.5403,85113,21703,5.1970,midpoint of the gap minima,positive-control-0139/scratch/ours-A-S0/b2/surf.tifxyz,scratch/ours-A-S0/b2/p/forward-k0m0-seed43.tif,"clean held out region of pherc0139-w016 (0.1581 cm2), the organisers' online validation case during training; labels mapped from the 2.399 um grid by the affine of evidence/label-map.csv"
positive-control-0139/tools/score.py,2026-09-29T12:52:06Z,ours-A-S0,b2,0,0,forward,seed43,4,0.5462,0.5034,94287,24174,70113,theirs lattice,0.5462,0.5034,94287,24174,5.1970,midpoint of the gap minima,positive-control-0139/scratch/ours-A-S0/b2/surf.tifxyz,scratch/ours-A-S0/b2/p/forward-k0m0-seed43.tif,"clean held out region of pherc0139-w016 (0.1581 cm2), the organisers' online validation case during training; labels mapped from the 2.399 um grid by the affine of evidence/label-map.csv"
positive-control-0139/tools/score.py,2026-09-29T12:52:06Z,ours-A-S0,b2,0,1,forward,seed42,2,0.4892,0.5031,85113,21703,63410,theirs lattice,0.4892,0.5031,85113,21703,5.1970,midpoint of the gap minima,positive-control-0139/scratch/ours-A-S0/b2/surf.tifxyz,scratch/ours-A-S0/b2/p/forward-k0m1-seed42.tif,"clean held out region of pherc0139-w016 (0.1581 cm2), the organisers' online validation case during training; labels mapped from the 2.399 um grid by the affine of evidence/label-map.csv"
positive-control-0139/tools/score.py,2026-09-29T12:52:06Z,ours-A-S0,b2,0,1,forward,seed42,4,0.4840,0.4987,94287,24174,70113,theirs lattice,0.4840,0.4987,94287,24174,5.1970,midpoint of the gap minima,positive-control-0139/scratch/ours-A-S0/b2/surf.tifxyz,scratch/ours-A-S0/b2/p/forward-k0m1-seed42.tif,"clean held out region of pherc0139-w016 (0.1581 cm2), the organisers' online validation case during training; labels mapped from the 2.399 um grid by the affine of evidence/label-map.csv"
positive-control-0139/tools/score.py,2026-09-29T12:52:06Z,ours-A-S0,b2,0,1,forward,seed43,2,0.4146,0.5221,85113,21703,63410,theirs lattice,0.4146,0.5221,85113,21703,5.1970,midpoint of the gap minima,positive-control-0139/scratch/ours-A-S0/b2/surf.tifxyz,scratch/ours-A-S0/b2/p/forward-k0m1-seed43.tif,"clean held out region of pherc0139-w016 (0.1581 cm2), the organisers' online validation case during training; labels mapped from the 2.399 um grid by the affine of evidence/label-map.csv"
positive-control-0139/tools/score.py,2026-09-29T12:52:06Z,ours-A-S0,b2,0,1,forward,seed43,4,0.4052,0.5042,94287,24174,70113,theirs lattice,0.4052,0.5042,94287,24174,5.1970,midpoint of the gap minima,positive-control-0139/scratch/ours-A-S0/b2/surf.tifxyz,scratch/ours-A-S0/b2/p/forward-k0m1-seed43.tif,"clean held out region of pherc0139-w016 (0.1581 cm2), the organisers' online validation case during training; labels mapped from the 2.399 um grid by the affine of evidence/label-map.csv"
positive-control-0139/tools/score.py,2026-09-29T12:52:06Z,ours-A-S0,b2,1,0,forward,seed42,2,0.4958,0.5968,85113,21703,63410,theirs lattice,0.4958,0.5968,85113,21703,5.1970,midpoint of the gap minima,positive-control-0139/scratch/ours-A-S0/b2/surf.tifxyz,scratch/ours-A-S0/b2/p/forward-k1m0-seed42.tif,"clean held out region of pherc0139-w016 (0.1581 cm2), the organisers' online validation case during training; labels mapped from the 2.399 um grid by the affine of evidence/label-map.csv"
positive-control-0139/tools/score.py,2026-09-29T12:52:06Z,ours-A-S0,b2,1,0,forward,seed42,4,0.4955,0.5871,94287,24174,70113,theirs lattice,0.4955,0.5871,94287,24174,5.1970,midpoint of the gap minima,positive-control-0139/scratch/ours-A-S0/b2/surf.tifxyz,scratch/ours-A-S0/b2/p/forward-k1m0-seed42.tif,"clean held out region of pherc0139-w016 (0.1581 cm2), the organisers' online validation case during training; labels mapped from the 2.399 um grid by the affine of evidence/label-map.csv"
positive-control-0139/tools/score.py,2026-09-29T12:52:06Z,ours-A-S0,b2,1,0,forward,seed43,2,0.5325,0.4356,85113,21703,63410,theirs lattice,0.5325,0.4356,85113,21703,5.1970,midpoint of the gap minima,positive-control-0139/scratch/ours-A-S0/b2/surf.tifxyz,scratch/ours-A-S0/b2/p/forward-k1m0-seed43.tif,"clean held out region of pherc0139-w016 (0.1581 cm2), the organisers' online validation case during training; labels mapped from the 2.399 um grid by the affine of evidence/label-map.csv"
positive-control-0139/tools/score.py,2026-09-29T12:52:06Z,ours-A-S0,b2,1,0,forward,seed43,4,0.5244,0.4233,94287,24174,70113,theirs lattice,0.5244,0.4233,94287,24174,5.1970,midpoint of the gap minima,positive-control-0139/scratch/ours-A-S0/b2/surf.tifxyz,scratch/ours-A-S0/b2/p/forward-k1m0-seed43.tif,"clean held out region of pherc0139-w016 (0.1581 cm2), the organisers' online validation case during training; labels mapped from the 2.399 um grid by the affine of evidence/label-map.csv"
positive-control-0139/tools/score.py,2026-09-29T12:52:06Z,ours-A-S0,b2,1,1,forward,seed42,2,0.5034,0.6359,85113,21703,63410,theirs lattice,0.5034,0.6359,85113,21703,5.1970,midpoint of the gap minima,positive-control-0139/scratch/ours-A-S0/b2/surf.tifxyz,scratch/ours-A-S0/b2/p/forward-k1m1-seed42.tif,"clean held out region of pherc0139-w016 (0.1581 cm2), the organisers' online validation case during training; labels mapped from the 2.399 um grid by the affine of evidence/label-map.csv"
positive-control-0139/tools/score.py,2026-09-29T12:52:06Z,ours-A-S0,b2,1,1,forward,seed42,4,0.5017,0.6313,94287,24174,70113,theirs lattice,0.5017,0.6313,94287,24174,5.1970,midpoint of the gap minima,positive-control-0139/scratch/ours-A-S0/b2/surf.tifxyz,scratch/ours-A-S0/b2/p/forward-k1m1-seed42.tif,"clean held out region of pherc0139-w016 (0.1581 cm2), the organisers' online validation case during training; labels mapped from the 2.399 um grid by the affine of evidence/label-map.csv"
positive-control-0139/tools/score.py,2026-09-29T12:52:06Z,ours-A-S0,b2,1,1,forward,seed43,2,0.5007,0.4579,85113,21703,63410,theirs lattice,0.5007,0.4579,85113,21703,5.1970,midpoint of the gap minima,positive-control-0139/scratch/ours-A-S0/b2/surf.tifxyz,scratch/ours-A-S0/b2/p/forward-k1m1-seed43.tif,"clean held out region of pherc0139-w016 (0.1581 cm2), the organisers' online validation case during training; labels mapped from the 2.399 um grid by the affine of evidence/label-map.csv"
positive-control-0139/tools/score.py,2026-09-29T12:52:06Z,ours-A-S0,b2,1,1,forward,seed43,4,0.5023,0.4525,94287,24174,70113,theirs lattice,0.5023,0.4525,94287,24174,5.1970,midpoint of the gap minima,positive-control-0139/scratch/ours-A-S0/b2/surf.tifxyz,scratch/ours-A-S0/b2/p/forward-k1m1-seed43.tif,"clean held out region of pherc0139-w016 (0.1581 cm2), the organisers' online validation case during training; labels mapped from the 2.399 um grid by the affine of evidence/label-map.csv"
positive-control-0139/tools/score.py,2026-09-29T12:52:06Z,ours-A-S0,b2,2,0,forward,seed42,2,0.5376,0.5015,85113,21703,63410,theirs lattice,0.5376,0.5015,85113,21703,5.1970,midpoint of the gap minima,positive-control-0139/scratch/ours-A-S0/b2/surf.tifxyz,scratch/ours-A-S0/b2/p/forward-k2m0-seed42.tif,"clean held out region of pherc0139-w016 (0.1581 cm2), the organisers' online validation case during training; labels mapped from the 2.399 um grid by the affine of evidence/label-map.csv"
positive-control-0139/tools/score.py,2026-09-29T12:52:06Z,ours-A-S0,b2,2,0,forward,seed42,4,0.5360,0.4998,94287,24174,70113,theirs lattice,0.5360,0.4998,94287,24174,5.1970,midpoint of the gap minima,positive-control-0139/scratch/ours-A-S0/b2/surf.tifxyz,scratch/ours-A-S0/b2/p/forward-k2m0-seed42.tif,"clean held out region of pherc0139-w016 (0.1581 cm2), the organisers' online validation case during training; labels mapped from the 2.399 um grid by the affine of evidence/label-map.csv"
positive-control-0139/tools/score.py,2026-09-29T12:52:06Z,ours-A-S0,b2,2,0,forward,seed43,2,0.4999,0.4276,85113,21703,63410,theirs lattice,0.4999,0.4276,85113,21703,5.1970,midpoint of the gap minima,positive-control-0139/scratch/ours-A-S0/b2/surf.tifxyz,scratch/ours-A-S0/b2/p/forward-k2m0-seed43.tif,"clean held out region of pherc0139-w016 (0.1581 cm2), the organisers' online validation case during training; labels mapped from the 2.399 um grid by the affine of evidence/label-map.csv"
positive-control-0139/tools/score.py,2026-09-29T12:52:06Z,ours-A-S0,b2,2,0,forward,seed43,4,0.4936,0.4071,94287,24174,70113,theirs lattice,0.4936,0.4071,94287,24174,5.1970,midpoint of the gap minima,positive-control-0139/scratch/ours-A-S0/b2/surf.tifxyz,scratch/ours-A-S0/b2/p/forward-k2m0-seed43.tif,"clean held out region of pherc0139-w016 (0.1581 cm2), the organisers' online validation case during training; labels mapped from the 2.399 um grid by the affine of evidence/label-map.csv"
positive-control-0139/tools/score.py,2026-09-29T12:52:06Z,ours-A-S0,b2,2,1,forward,seed42,2,0.4726,0.5164,85113,21703,63410,theirs lattice,0.4726,0.5164,85113,21703,5.1970,midpoint of the gap minima,positive-control-0139/scratch/ours-A-S0/b2/surf.tifxyz,scratch/ours-A-S0/b2/p/forward-k2m1-seed42.tif,"clean held out region of pherc0139-w016 (0.1581 cm2), the organisers' online validation case during training; labels mapped from the 2.399 um grid by the affine of evidence/label-map.csv"
positive-control-0139/tools/score.py,2026-09-29T12:52:06Z,ours-A-S0,b2,2,1,forward,seed42,4,0.4718,0.5037,94287,24174,70113,theirs lattice,0.4718,0.5037,94287,24174,5.1970,midpoint of the gap minima,positive-control-0139/scratch/ours-A-S0/b2/surf.tifxyz,scratch/ours-A-S0/b2/p/forward-k2m1-seed42.tif,"clean held out region of pherc0139-w016 (0.1581 cm2), the organisers' online validation case during training; labels mapped from the 2.399 um grid by the affine of evidence/label-map.csv"
positive-control-0139/tools/score.py,2026-09-29T12:52:06Z,ours-A-S0,b2,2,1,forward,seed43,2,0.5669,0.6285,85113,21703,63410,theirs lattice,0.5669,0.6285,85113,21703,5.1970,midpoint of the gap minima,positive-control-0139/scratch/ours-A-S0/b2/surf.tifxyz,scratch/ours-A-S0/b2/p/forward-k2m1-seed43.tif,"clean held out region of pherc0139-w016 (0.1581 cm2), the organisers' online validation case during training; labels mapped from the 2.399 um grid by the affine of evidence/label-map.csv"
positive-control-0139/tools/score.py,2026-09-29T12:52:06Z,ours-A-S0,b2,2,1,forward,seed43,4,0.5624,0.6126,94287,24174,70113,theirs lattice,0.5624,0.6126,94287,24174,5.1970,midpoint of the gap minima,positive-control-0139/scratch/ours-A-S0/b2/surf.tifxyz,scratch/ours-A-S0/b2/p/forward-k2m1-seed43.tif,"clean held out region of pherc0139-w016 (0.1581 cm2), the organisers' online validation case during training; labels mapped from the 2.399 um grid by the affine of evidence/label-map.csv"
positive-control-0139/tools/score.py,2026-09-29T12:52:06Z,ours-A-S0,b2,3,0,forward,seed42,2,0.4875,0.4469,85113,21703,63410,theirs lattice,0.4875,0.4469,85113,21703,5.1970,midpoint of the gap minima,positive-control-0139/scratch/ours-A-S0/b2/surf.tifxyz,scratch/ours-A-S0/b2/p/forward-k3m0-seed42.tif,"clean held out region of pherc0139-w016 (0.1581 cm2), the organisers' online validation case during training; labels mapped from the 2.399 um grid by the affine of evidence/label-map.csv"
positive-control-0139/tools/score.py,2026-09-29T12:52:06Z,ours-A-S0,b2,3,0,forward,seed42,4,0.4889,0.4486,94287,24174,70113,theirs lattice,0.4889,0.4486,94287,24174,5.1970,midpoint of the gap minima,positive-control-0139/scratch/ours-A-S0/b2/surf.tifxyz,scratch/ours-A-S0/b2/p/forward-k3m0-seed42.tif,"clean held out region of pherc0139-w016 (0.1581 cm2), the organisers' online validation case during training; labels mapped from the 2.399 um grid by the affine of evidence/label-map.csv"
positive-control-0139/tools/score.py,2026-09-29T12:52:06Z,ours-A-S0,b2,3,0,forward,seed43,2,0.4754,0.4074,85113,21703,63410,theirs lattice,0.4754,0.4074,85113,21703,5.1970,midpoint of the gap minima,positive-control-0139/scratch/ours-A-S0/b2/surf.tifxyz,scratch/ours-A-S0/b2/p/forward-k3m0-seed43.tif,"clean held out region of pherc0139-w016 (0.1581 cm2), the organisers' online validation case during training; labels mapped from the 2.399 um grid by the affine of evidence/label-map.csv"
positive-control-0139/tools/score.py,2026-09-29T12:52:06Z,ours-A-S0,b2,3,0,forward,seed43,4,0.4710,0.3925,94287,24174,70113,theirs lattice,0.4710,0.3925,94287,24174,5.1970,midpoint of the gap minima,positive-control-0139/scratch/ours-A-S0/b2/surf.tifxyz,scratch/ours-A-S0/b2/p/forward-k3m0-seed43.tif,"clean held out region of pherc0139-w016 (0.1581 cm2), the organisers' online validation case during training; labels mapped from the 2.399 um grid by the affine of evidence/label-map.csv"
positive-control-0139/tools/score.py,2026-09-29T12:52:06Z,ours-A-S0,b2,3,1,forward,seed42,2,0.4949,0.4391,85113,21703,63410,theirs lattice,0.4949,0.4391,85113,21703,5.1970,midpoint of the gap minima,positive-control-0139/scratch/ours-A-S0/b2/surf.tifxyz,scratch/ours-A-S0/b2/p/forward-k3m1-seed42.tif,"clean held out region of pherc0139-w016 (0.1581 cm2), the organisers' online validation case during training; labels mapped from the 2.399 um grid by the affine of evidence/label-map.csv"
positive-control-0139/tools/score.py,2026-09-29T12:52:06Z,ours-A-S0,b2,3,1,forward,seed42,4,0.4934,0.4400,94287,24174,70113,theirs lattice,0.4934,0.4400,94287,24174,5.1970,midpoint of the gap minima,positive-control-0139/scratch/ours-A-S0/b2/surf.tifxyz,scratch/ours-A-S0/b2/p/forward-k3m1-seed42.tif,"clean held out region of pherc0139-w016 (0.1581 cm2), the organisers' online validation case during training; labels mapped from the 2.399 um grid by the affine of evidence/label-map.csv"
positive-control-0139/tools/score.py,2026-09-29T12:52:06Z,ours-A-S0,b2,3,1,forward,seed43,2,0.5417,0.6412,85113,21703,63410,theirs lattice,0.5417,0.6412,85113,21703,5.1970,midpoint of the gap minima,positive-control-0139/scratch/ours-A-S0/b2/surf.tifxyz,scratch/ours-A-S0/b2/p/forward-k3m1-seed43.tif,"clean held out region of pherc0139-w016 (0.1581 cm2), the organisers' online validation case during training; labels mapped from the 2.399 um grid by the affine of evidence/label-map.csv"
positive-control-0139/tools/score.py,2026-09-29T12:52:06Z,ours-A-S0,b2,3,1,forward,seed43,4,0.5404,0.6410,94287,24174,70113,theirs lattice,0.5404,0.6410,94287,24174,5.1970,midpoint of the gap minima,positive-control-0139/scratch/ours-A-S0/b2/surf.tifxyz,scratch/ours-A-S0/b2/p/forward-k3m1-seed43.tif,"clean held out region of pherc0139-w016 (0.1581 cm2), the organisers' online validation case during training; labels mapped from the 2.399 um grid by the affine of evidence/label-map.csv"
positive-control-0139/tools/score.py,2026-09-29T12:52:06Z,ours-A-S0,b2,0,0,reverse,seed42,2,0.5709,0.6234,85113,21703,63410,theirs lattice,0.5709,0.6234,85113,21703,1.2220,midpoint of the gap minima,positive-control-0139/scratch/ours-A-S0/b2/surf.tifxyz,scratch/ours-A-S0/b2/p/reverse-k0m0-seed42.tif,"clean held out region of pherc0139-w016 (0.1581 cm2), the organisers' online validation case during training; labels mapped from the 2.399 um grid by the affine of evidence/label-map.csv"
positive-control-0139/tools/score.py,2026-09-29T12:52:06Z,ours-A-S0,b2,0,0,reverse,seed42,4,0.5844,0.6424,94287,24174,70113,theirs lattice,0.5844,0.6424,94287,24174,1.2220,midpoint of the gap minima,positive-control-0139/scratch/ours-A-S0/b2/surf.tifxyz,scratch/ours-A-S0/b2/p/reverse-k0m0-seed42.tif,"clean held out region of pherc0139-w016 (0.1581 cm2), the organisers' online validation case during training; labels mapped from the 2.399 um grid by the affine of evidence/label-map.csv"
positive-control-0139/tools/score.py,2026-09-29T12:52:06Z,ours-A-S0,b2,0,0,reverse,seed43,2,0.5809,0.6807,85113,21703,63410,theirs lattice,0.5809,0.6807,85113,21703,1.2220,midpoint of the gap minima,positive-control-0139/scratch/ours-A-S0/b2/surf.tifxyz,scratch/ours-A-S0/b2/p/reverse-k0m0-seed43.tif,"clean held out region of pherc0139-w016 (0.1581 cm2), the organisers' online validation case during training; labels mapped from the 2.399 um grid by the affine of evidence/label-map.csv"
positive-control-0139/tools/score.py,2026-09-29T12:52:06Z,ours-A-S0,b2,0,0,reverse,seed43,4,0.5886,0.6934,94287,24174,70113,theirs lattice,0.5886,0.6934,94287,24174,1.2220,midpoint of the gap minima,positive-control-0139/scratch/ours-A-S0/b2/surf.tifxyz,scratch/ours-A-S0/b2/p/reverse-k0m0-seed43.tif,"clean held out region of pherc0139-w016 (0.1581 cm2), the organisers' online validation case during training; labels mapped from the 2.399 um grid by the affine of evidence/label-map.csv"
positive-control-0139/tools/score.py,2026-09-29T12:52:06Z,ours-A-S0,b2,0,1,reverse,seed42,2,0.5678,0.7034,85113,21703,63410,theirs lattice,0.5678,0.7034,85113,21703,1.2220,midpoint of the gap minima,positive-control-0139/scratch/ours-A-S0/b2/surf.tifxyz,scratch/ours-A-S0/b2/p/reverse-k0m1-seed42.tif,"clean held out region of pherc0139-w016 (0.1581 cm2), the organisers' online validation case during training; labels mapped from the 2.399 um grid by the affine of evidence/label-map.csv"
positive-control-0139/tools/score.py,2026-09-29T12:52:06Z,ours-A-S0,b2,0,1,reverse,seed42,4,0.5652,0.6947,94287,24174,70113,theirs lattice,0.5652,0.6947,94287,24174,1.2220,midpoint of the gap minima,positive-control-0139/scratch/ours-A-S0/b2/surf.tifxyz,scratch/ours-A-S0/b2/p/reverse-k0m1-seed42.tif,"clean held out region of pherc0139-w016 (0.1581 cm2), the organisers' online validation case during training; labels mapped from the 2.399 um grid by the affine of evidence/label-map.csv"
positive-control-0139/tools/score.py,2026-09-29T12:52:06Z,ours-A-S0,b2,0,1,reverse,seed43,2,0.5918,0.6269,85113,21703,63410,theirs lattice,0.5918,0.6269,85113,21703,1.2220,midpoint of the gap minima,positive-control-0139/scratch/ours-A-S0/b2/surf.tifxyz,scratch/ours-A-S0/b2/p/reverse-k0m1-seed43.tif,"clean held out region of pherc0139-w016 (0.1581 cm2), the organisers' online validation case during training; labels mapped from the 2.399 um grid by the affine of evidence/label-map.csv"
positive-control-0139/tools/score.py,2026-09-29T12:52:06Z,ours-A-S0,b2,0,1,reverse,seed43,4,0.5940,0.6275,94287,24174,70113,theirs lattice,0.5940,0.6275,94287,24174,1.2220,midpoint of the gap minima,positive-control-0139/scratch/ours-A-S0/b2/surf.tifxyz,scratch/ours-A-S0/b2/p/reverse-k0m1-seed43.tif,"clean held out region of pherc0139-w016 (0.1581 cm2), the organisers' online validation case during training; labels mapped from the 2.399 um grid by the affine of evidence/label-map.csv"
positive-control-0139/tools/score.py,2026-09-29T12:52:06Z,ours-A-S0,b2,1,0,reverse,seed42,2,0.5737,0.6607,85113,21703,63410,theirs lattice,0.5737,0.6607,85113,21703,1.2220,midpoint of the gap minima,positive-control-0139/scratch/ours-A-S0/b2/surf.tifxyz,scratch/ours-A-S0/b2/p/reverse-k1m0-seed42.tif,"clean held out region of pherc0139-w016 (0.1581 cm2), the organisers' online validation case during training; labels mapped from the 2.399 um grid by the affine of evidence/label-map.csv"
positive-control-0139/tools/score.py,2026-09-29T12:52:06Z,ours-A-S0,b2,1,0,reverse,seed42,4,0.5760,0.6429,94287,24174,70113,theirs lattice,0.5760,0.6429,94287,24174,1.2220,midpoint of the gap minima,positive-control-0139/scratch/ours-A-S0/b2/surf.tifxyz,scratch/ours-A-S0/b2/p/reverse-k1m0-seed42.tif,"clean held out region of pherc0139-w016 (0.1581 cm2), the organisers' online validation case during training; labels mapped from the 2.399 um grid by the affine of evidence/label-map.csv"
positive-control-0139/tools/score.py,2026-09-29T12:52:06Z,ours-A-S0,b2,1,0,reverse,seed43,2,0.6356,0.7584,85113,21703,63410,theirs lattice,0.6356,0.7584,85113,21703,1.2220,midpoint of the gap minima,positive-control-0139/scratch/ours-A-S0/b2/surf.tifxyz,scratch/ours-A-S0/b2/p/reverse-k1m0-seed43.tif,"clean held out region of pherc0139-w016 (0.1581 cm2), the organisers' online validation case during training; labels mapped from the 2.399 um grid by the affine of evidence/label-map.csv"
positive-control-0139/tools/score.py,2026-09-29T12:52:06Z,ours-A-S0,b2,1,0,reverse,seed43,4,0.6413,0.7707,94287,24174,70113,theirs lattice,0.6413,0.7707,94287,24174,1.2220,midpoint of the gap minima,positive-control-0139/scratch/ours-A-S0/b2/surf.tifxyz,scratch/ours-A-S0/b2/p/reverse-k1m0-seed43.tif,"clean held out region of pherc0139-w016 (0.1581 cm2), the organisers' online validation case during training; labels mapped from the 2.399 um grid by the affine of evidence/label-map.csv"
positive-control-0139/tools/score.py,2026-09-29T12:52:06Z,ours-A-S0,b2,1,1,reverse,seed42,2,0.5625,0.5598,85113,21703,63410,theirs lattice,0.5625,0.5598,85113,21703,1.2220,midpoint of the gap minima,positive-control-0139/scratch/ours-A-S0/b2/surf.tifxyz,scratch/ours-A-S0/b2/p/reverse-k1m1-seed42.tif,"clean held out region of pherc0139-w016 (0.1581 cm2), the organisers' online validation case during training; labels mapped from the 2.399 um grid by the affine of evidence/label-map.csv"
positive-control-0139/tools/score.py,2026-09-29T12:52:06Z,ours-A-S0,b2,1,1,reverse,seed42,4,0.5580,0.5599,94287,24174,70113,theirs lattice,0.5580,0.5599,94287,24174,1.2220,midpoint of the gap minima,positive-control-0139/scratch/ours-A-S0/b2/surf.tifxyz,scratch/ours-A-S0/b2/p/reverse-k1m1-seed42.tif,"clean held out region of pherc0139-w016 (0.1581 cm2), the organisers' online validation case during training; labels mapped from the 2.399 um grid by the affine of evidence/label-map.csv"
positive-control-0139/tools/score.py,2026-09-29T12:52:06Z,ours-A-S0,b2,1,1,reverse,seed43,2,0.6378,0.7487,85113,21703,63410,theirs lattice,0.6378,0.7487,85113,21703,1.2220,midpoint of the gap minima,positive-control-0139/scratch/ours-A-S0/b2/surf.tifxyz,scratch/ours-A-S0/b2/p/reverse-k1m1-seed43.tif,"clean held out region of pherc0139-w016 (0.1581 cm2), the organisers' online validation case during training; labels mapped from the 2.399 um grid by the affine of evidence/label-map.csv"
positive-control-0139/tools/score.py,2026-09-29T12:52:06Z,ours-A-S0,b2,1,1,reverse,seed43,4,0.6448,0.7560,94287,24174,70113,theirs lattice,0.6448,0.7560,94287,24174,1.2220,midpoint of the gap minima,positive-control-0139/scratch/ours-A-S0/b2/surf.tifxyz,scratch/ours-A-S0/b2/p/reverse-k1m1-seed43.tif,"clean held out region of pherc0139-w016 (0.1581 cm2), the organisers' online validation case during training; labels mapped from the 2.399 um grid by the affine of evidence/label-map.csv"
positive-control-0139/tools/score.py,2026-09-29T12:52:06Z,ours-A-S0,b2,2,0,reverse,seed42,2,0.6754,0.7676,85113,21703,63410,theirs lattice,0.6754,0.7676,85113,21703,1.2220,midpoint of the gap minima,positive-control-0139/scratch/ours-A-S0/b2/surf.tifxyz,scratch/ours-A-S0/b2/p/reverse-k2m0-seed42.tif,"clean held out region of pherc0139-w016 (0.1581 cm2), the organisers' online validation case during training; labels mapped from the 2.399 um grid by the affine of evidence/label-map.csv"
positive-control-0139/tools/score.py,2026-09-29T12:52:06Z,ours-A-S0,b2,2,0,reverse,seed42,4,0.6827,0.7648,94287,24174,70113,theirs lattice,0.6827,0.7648,94287,24174,1.2220,midpoint of the gap minima,positive-control-0139/scratch/ours-A-S0/b2/surf.tifxyz,scratch/ours-A-S0/b2/p/reverse-k2m0-seed42.tif,"clean held out region of pherc0139-w016 (0.1581 cm2), the organisers' online validation case during training; labels mapped from the 2.399 um grid by the affine of evidence/label-map.csv"
positive-control-0139/tools/score.py,2026-09-29T12:52:06Z,ours-A-S0,b2,2,0,reverse,seed43,2,0.5549,0.6518,85113,21703,63410,theirs lattice,0.5549,0.6518,85113,21703,1.2220,midpoint of the gap minima,positive-control-0139/scratch/ours-A-S0/b2/surf.tifxyz,scratch/ours-A-S0/b2/p/reverse-k2m0-seed43.tif,"clean held out region of pherc0139-w016 (0.1581 cm2), the organisers' online validation case during training; labels mapped from the 2.399 um grid by the affine of evidence/label-map.csv"
positive-control-0139/tools/score.py,2026-09-29T12:52:06Z,ours-A-S0,b2,2,0,reverse,seed43,4,0.5599,0.6608,94287,24174,70113,theirs lattice,0.5599,0.6608,94287,24174,1.2220,midpoint of the gap minima,positive-control-0139/scratch/ours-A-S0/b2/surf.tifxyz,scratch/ours-A-S0/b2/p/reverse-k2m0-seed43.tif,"clean held out region of pherc0139-w016 (0.1581 cm2), the organisers' online validation case during training; labels mapped from the 2.399 um grid by the affine of evidence/label-map.csv"
positive-control-0139/tools/score.py,2026-09-29T12:52:06Z,ours-A-S0,b2,2,1,reverse,seed42,2,0.7057,0.8141,85113,21703,63410,theirs lattice,0.7057,0.8141,85113,21703,1.2220,midpoint of the gap minima,positive-control-0139/scratch/ours-A-S0/b2/surf.tifxyz,scratch/ours-A-S0/b2/p/reverse-k2m1-seed42.tif,"clean held out region of pherc0139-w016 (0.1581 cm2), the organisers' online validation case during training; labels mapped from the 2.399 um grid by the affine of evidence/label-map.csv"
positive-control-0139/tools/score.py,2026-09-29T12:52:06Z,ours-A-S0,b2,2,1,reverse,seed42,4,0.7066,0.8190,94287,24174,70113,theirs lattice,0.7066,0.8190,94287,24174,1.2220,midpoint of the gap minima,positive-control-0139/scratch/ours-A-S0/b2/surf.tifxyz,scratch/ours-A-S0/b2/p/reverse-k2m1-seed42.tif,"clean held out region of pherc0139-w016 (0.1581 cm2), the organisers' online validation case during training; labels mapped from the 2.399 um grid by the affine of evidence/label-map.csv"
positive-control-0139/tools/score.py,2026-09-29T12:52:06Z,ours-A-S0,b2,2,1,reverse,seed43,2,0.5842,0.6284,85113,21703,63410,theirs lattice,0.5842,0.6284,85113,21703,1.2220,midpoint of the gap minima,positive-control-0139/scratch/ours-A-S0/b2/surf.tifxyz,scratch/ours-A-S0/b2/p/reverse-k2m1-seed43.tif,"clean held out region of pherc0139-w016 (0.1581 cm2), the organisers' online validation case during training; labels mapped from the 2.399 um grid by the affine of evidence/label-map.csv"
positive-control-0139/tools/score.py,2026-09-29T12:52:06Z,ours-A-S0,b2,2,1,reverse,seed43,4,0.5915,0.6311,94287,24174,70113,theirs lattice,0.5915,0.6311,94287,24174,1.2220,midpoint of the gap minima,positive-control-0139/scratch/ours-A-S0/b2/surf.tifxyz,scratch/ours-A-S0/b2/p/reverse-k2m1-seed43.tif,"clean held out region of pherc0139-w016 (0.1581 cm2), the organisers' online validation case during training; labels mapped from the 2.399 um grid by the affine of evidence/label-map.csv"
positive-control-0139/tools/score.py,2026-09-29T12:52:06Z,ours-A-S0,b2,3,0,reverse,seed42,2,0.5917,0.6371,85113,21703,63410,theirs lattice,0.5917,0.6371,85113,21703,1.2220,midpoint of the gap minima,positive-control-0139/scratch/ours-A-S0/b2/surf.tifxyz,scratch/ours-A-S0/b2/p/reverse-k3m0-seed42.tif,"clean held out region of pherc0139-w016 (0.1581 cm2), the organisers' online validation case during training; labels mapped from the 2.399 um grid by the affine of evidence/label-map.csv"
positive-control-0139/tools/score.py,2026-09-29T12:52:06Z,ours-A-S0,b2,3,0,reverse,seed42,4,0.6028,0.6494,94287,24174,70113,theirs lattice,0.6028,0.6494,94287,24174,1.2220,midpoint of the gap minima,positive-control-0139/scratch/ours-A-S0/b2/surf.tifxyz,scratch/ours-A-S0/b2/p/reverse-k3m0-seed42.tif,"clean held out region of pherc0139-w016 (0.1581 cm2), the organisers' online validation case during training; labels mapped from the 2.399 um grid by the affine of evidence/label-map.csv"
positive-control-0139/tools/score.py,2026-09-29T12:52:06Z,ours-A-S0,b2,3,0,reverse,seed43,2,0.7137,0.7539,85113,21703,63410,theirs lattice,0.7137,0.7539,85113,21703,1.2220,midpoint of the gap minima,positive-control-0139/scratch/ours-A-S0/b2/surf.tifxyz,scratch/ours-A-S0/b2/p/reverse-k3m0-seed43.tif,"clean held out region of pherc0139-w016 (0.1581 cm2), the organisers' online validation case during training; labels mapped from the 2.399 um grid by the affine of evidence/label-map.csv"
positive-control-0139/tools/score.py,2026-09-29T12:52:06Z,ours-A-S0,b2,3,0,reverse,seed43,4,0.7146,0.7673,94287,24174,70113,theirs lattice,0.7146,0.7673,94287,24174,1.2220,midpoint of the gap minima,positive-control-0139/scratch/ours-A-S0/b2/surf.tifxyz,scratch/ours-A-S0/b2/p/reverse-k3m0-seed43.tif,"clean held out region of pherc0139-w016 (0.1581 cm2), the organisers' online validation case during training; labels mapped from the 2.399 um grid by the affine of evidence/label-map.csv"
positive-control-0139/tools/score.py,2026-09-29T12:52:06Z,ours-A-S0,b2,3,1,reverse,seed42,2,0.6796,0.8176,85113,21703,63410,theirs lattice,0.6796,0.8176,85113,21703,1.2220,midpoint of the gap minima,positive-control-0139/scratch/ours-A-S0/b2/surf.tifxyz,scratch/ours-A-S0/b2/p/reverse-k3m1-seed42.tif,"clean held out region of pherc0139-w016 (0.1581 cm2), the organisers' online validation case during training; labels mapped from the 2.399 um grid by the affine of evidence/label-map.csv"
positive-control-0139/tools/score.py,2026-09-29T12:52:06Z,ours-A-S0,b2,3,1,reverse,seed42,4,0.6758,0.8066,94287,24174,70113,theirs lattice,0.6758,0.8066,94287,24174,1.2220,midpoint of the gap minima,positive-control-0139/scratch/ours-A-S0/b2/surf.tifxyz,scratch/ours-A-S0/b2/p/reverse-k3m1-seed42.tif,"clean held out region of pherc0139-w016 (0.1581 cm2), the organisers' online validation case during training; labels mapped from the 2.399 um grid by the affine of evidence/label-map.csv"
positive-control-0139/tools/score.py,2026-09-29T12:52:06Z,ours-A-S0,b2,3,1,reverse,seed43,2,0.6103,0.7415,85113,21703,63410,theirs lattice,0.6103,0.7415,85113,21703,1.2220,midpoint of the gap minima,positive-control-0139/scratch/ours-A-S0/b2/surf.tifxyz,scratch/ours-A-S0/b2/p/reverse-k3m1-seed43.tif,"clean held out region of pherc0139-w016 (0.1581 cm2), the organisers' online validation case during training; labels mapped from the 2.399 um grid by the affine of evidence/label-map.csv"
positive-control-0139/tools/score.py,2026-09-29T12:52:06Z,ours-A-S0,b2,3,1,reverse,seed43,4,0.6281,0.7570,94287,24174,70113,theirs lattice,0.6281,0.7570,94287,24174,1.2220,midpoint of the gap minima,positive-control-0139/scratch/ours-A-S0/b2/surf.tifxyz,scratch/ours-A-S0/b2/p/reverse-k3m1-seed43.tif,"clean held out region of pherc0139-w016 (0.1581 cm2), the organisers' online validation case during training; labels mapped from the 2.399 um grid by the affine of evidence/label-map.csv"
positive-control-0139/tools/score.py,2026-09-29T13:07:24Z,ours-A-S0,b5,0,0,forward,seed42,2,0.4432,0.4096,61022,11600,49422,theirs lattice,0.4432,0.4096,61022,11600,4.9740,midpoint of the gap minima,positive-control-0139/scratch/ours-A-S0/b5/surf.tifxyz,scratch/ours-A-S0/b5/p/forward-k0m0-seed42.tif,"clean held out region of pherc0139-w016 (0.1581 cm2), the organisers' online validation case during training; labels mapped from the 2.399 um grid by the affine of evidence/label-map.csv"
positive-control-0139/tools/score.py,2026-09-29T13:07:24Z,ours-A-S0,b5,0,0,forward,seed42,4,0.4599,0.4396,89065,23000,66065,theirs lattice,0.4599,0.4396,89065,23000,4.9740,midpoint of the gap minima,positive-control-0139/scratch/ours-A-S0/b5/surf.tifxyz,scratch/ours-A-S0/b5/p/forward-k0m0-seed42.tif,"clean held out region of pherc0139-w016 (0.1581 cm2), the organisers' online validation case during training; labels mapped from the 2.399 um grid by the affine of evidence/label-map.csv"
positive-control-0139/tools/score.py,2026-09-29T13:07:24Z,ours-A-S0,b5,0,0,forward,seed43,2,0.4663,0.4102,61022,11600,49422,theirs lattice,0.4663,0.4102,61022,11600,4.9740,midpoint of the gap minima,positive-control-0139/scratch/ours-A-S0/b5/surf.tifxyz,scratch/ours-A-S0/b5/p/forward-k0m0-seed43.tif,"clean held out region of pherc0139-w016 (0.1581 cm2), the organisers' online validation case during training; labels mapped from the 2.399 um grid by the affine of evidence/label-map.csv"
positive-control-0139/tools/score.py,2026-09-29T13:07:24Z,ours-A-S0,b5,0,0,forward,seed43,4,0.4735,0.4228,89065,23000,66065,theirs lattice,0.4735,0.4228,89065,23000,4.9740,midpoint of the gap minima,positive-control-0139/scratch/ours-A-S0/b5/surf.tifxyz,scratch/ours-A-S0/b5/p/forward-k0m0-seed43.tif,"clean held out region of pherc0139-w016 (0.1581 cm2), the organisers' online validation case during training; labels mapped from the 2.399 um grid by the affine of evidence/label-map.csv"
positive-control-0139/tools/score.py,2026-09-29T13:07:24Z,ours-A-S0,b5,0,1,forward,seed42,2,0.5579,0.6451,61022,11600,49422,theirs lattice,0.5579,0.6451,61022,11600,4.9740,midpoint of the gap minima,positive-control-0139/scratch/ours-A-S0/b5/surf.tifxyz,scratch/ours-A-S0/b5/p/forward-k0m1-seed42.tif,"clean held out region of pherc0139-w016 (0.1581 cm2), the organisers' online validation case during training; labels mapped from the 2.399 um grid by the affine of evidence/label-map.csv"
positive-control-0139/tools/score.py,2026-09-29T13:07:24Z,ours-A-S0,b5,0,1,forward,seed42,4,0.5572,0.6227,89065,23000,66065,theirs lattice,0.5572,0.6227,89065,23000,4.9740,midpoint of the gap minima,positive-control-0139/scratch/ours-A-S0/b5/surf.tifxyz,scratch/ours-A-S0/b5/p/forward-k0m1-seed42.tif,"clean held out region of pherc0139-w016 (0.1581 cm2), the organisers' online validation case during training; labels mapped from the 2.399 um grid by the affine of evidence/label-map.csv"
positive-control-0139/tools/score.py,2026-09-29T13:07:24Z,ours-A-S0,b5,0,1,forward,seed43,2,0.3908,0.3837,61022,11600,49422,theirs lattice,0.3908,0.3837,61022,11600,4.9740,midpoint of the gap minima,positive-control-0139/scratch/ours-A-S0/b5/surf.tifxyz,scratch/ours-A-S0/b5/p/forward-k0m1-seed43.tif,"clean held out region of pherc0139-w016 (0.1581 cm2), the organisers' online validation case during training; labels mapped from the 2.399 um grid by the affine of evidence/label-map.csv"
positive-control-0139/tools/score.py,2026-09-29T13:07:24Z,ours-A-S0,b5,0,1,forward,seed43,4,0.4309,0.4622,89065,23000,66065,theirs lattice,0.4309,0.4622,89065,23000,4.9740,midpoint of the gap minima,positive-control-0139/scratch/ours-A-S0/b5/surf.tifxyz,scratch/ours-A-S0/b5/p/forward-k0m1-seed43.tif,"clean held out region of pherc0139-w016 (0.1581 cm2), the organisers' online validation case during training; labels mapped from the 2.399 um grid by the affine of evidence/label-map.csv"
positive-control-0139/tools/score.py,2026-09-29T13:07:24Z,ours-A-S0,b5,1,0,forward,seed42,2,0.5129,0.5847,61022,11600,49422,theirs lattice,0.5129,0.5847,61022,11600,4.9740,midpoint of the gap minima,positive-control-0139/scratch/ours-A-S0/b5/surf.tifxyz,scratch/ours-A-S0/b5/p/forward-k1m0-seed42.tif,"clean held out region of pherc0139-w016 (0.1581 cm2), the organisers' online validation case during training; labels mapped from the 2.399 um grid by the affine of evidence/label-map.csv"
positive-control-0139/tools/score.py,2026-09-29T13:07:24Z,ours-A-S0,b5,1,0,forward,seed42,4,0.5553,0.6384,89065,23000,66065,theirs lattice,0.5553,0.6384,89065,23000,4.9740,midpoint of the gap minima,positive-control-0139/scratch/ours-A-S0/b5/surf.tifxyz,scratch/ours-A-S0/b5/p/forward-k1m0-seed42.tif,"clean held out region of pherc0139-w016 (0.1581 cm2), the organisers' online validation case during training; labels mapped from the 2.399 um grid by the affine of evidence/label-map.csv"
positive-control-0139/tools/score.py,2026-09-29T13:07:24Z,ours-A-S0,b5,1,0,forward,seed43,2,0.5424,0.5382,61022,11600,49422,theirs lattice,0.5424,0.5382,61022,11600,4.9740,midpoint of the gap minima,positive-control-0139/scratch/ours-A-S0/b5/surf.tifxyz,scratch/ours-A-S0/b5/p/forward-k1m0-seed43.tif,"clean held out region of pherc0139-w016 (0.1581 cm2), the organisers' online validation case during training; labels mapped from the 2.399 um grid by the affine of evidence/label-map.csv"
positive-control-0139/tools/score.py,2026-09-29T13:07:24Z,ours-A-S0,b5,1,0,forward,seed43,4,0.5478,0.5467,89065,23000,66065,theirs lattice,0.5478,0.5467,89065,23000,4.9740,midpoint of the gap minima,positive-control-0139/scratch/ours-A-S0/b5/surf.tifxyz,scratch/ours-A-S0/b5/p/forward-k1m0-seed43.tif,"clean held out region of pherc0139-w016 (0.1581 cm2), the organisers' online validation case during training; labels mapped from the 2.399 um grid by the affine of evidence/label-map.csv"
positive-control-0139/tools/score.py,2026-09-29T13:07:24Z,ours-A-S0,b5,1,1,forward,seed42,2,0.5072,0.4750,61022,11600,49422,theirs lattice,0.5072,0.4750,61022,11600,4.9740,midpoint of the gap minima,positive-control-0139/scratch/ours-A-S0/b5/surf.tifxyz,scratch/ours-A-S0/b5/p/forward-k1m1-seed42.tif,"clean held out region of pherc0139-w016 (0.1581 cm2), the organisers' online validation case during training; labels mapped from the 2.399 um grid by the affine of evidence/label-map.csv"
positive-control-0139/tools/score.py,2026-09-29T13:07:24Z,ours-A-S0,b5,1,1,forward,seed42,4,0.5726,0.5651,89065,23000,66065,theirs lattice,0.5726,0.5651,89065,23000,4.9740,midpoint of the gap minima,positive-control-0139/scratch/ours-A-S0/b5/surf.tifxyz,scratch/ours-A-S0/b5/p/forward-k1m1-seed42.tif,"clean held out region of pherc0139-w016 (0.1581 cm2), the organisers' online validation case during training; labels mapped from the 2.399 um grid by the affine of evidence/label-map.csv"
positive-control-0139/tools/score.py,2026-09-29T13:07:24Z,ours-A-S0,b5,1,1,forward,seed43,2,0.4924,0.4441,61022,11600,49422,theirs lattice,0.4924,0.4441,61022,11600,4.9740,midpoint of the gap minima,positive-control-0139/scratch/ours-A-S0/b5/surf.tifxyz,scratch/ours-A-S0/b5/p/forward-k1m1-seed43.tif,"clean held out region of pherc0139-w016 (0.1581 cm2), the organisers' online validation case during training; labels mapped from the 2.399 um grid by the affine of evidence/label-map.csv"
positive-control-0139/tools/score.py,2026-09-29T13:07:24Z,ours-A-S0,b5,1,1,forward,seed43,4,0.4711,0.4733,89065,23000,66065,theirs lattice,0.4711,0.4733,89065,23000,4.9740,midpoint of the gap minima,positive-control-0139/scratch/ours-A-S0/b5/surf.tifxyz,scratch/ours-A-S0/b5/p/forward-k1m1-seed43.tif,"clean held out region of pherc0139-w016 (0.1581 cm2), the organisers' online validation case during training; labels mapped from the 2.399 um grid by the affine of evidence/label-map.csv"
positive-control-0139/tools/score.py,2026-09-29T13:07:24Z,ours-A-S0,b5,2,0,forward,seed42,2,0.5149,0.5358,61022,11600,49422,theirs lattice,0.5149,0.5358,61022,11600,4.9740,midpoint of the gap minima,positive-control-0139/scratch/ours-A-S0/b5/surf.tifxyz,scratch/ours-A-S0/b5/p/forward-k2m0-seed42.tif,"clean held out region of pherc0139-w016 (0.1581 cm2), the organisers' online validation case during training; labels mapped from the 2.399 um grid by the affine of evidence/label-map.csv"
positive-control-0139/tools/score.py,2026-09-29T13:07:24Z,ours-A-S0,b5,2,0,forward,seed42,4,0.5040,0.4883,89065,23000,66065,theirs lattice,0.5040,0.4883,89065,23000,4.9740,midpoint of the gap minima,positive-control-0139/scratch/ours-A-S0/b5/surf.tifxyz,scratch/ours-A-S0/b5/p/forward-k2m0-seed42.tif,"clean held out region of pherc0139-w016 (0.1581 cm2), the organisers' online validation case during training; labels mapped from the 2.399 um grid by the affine of evidence/label-map.csv"
positive-control-0139/tools/score.py,2026-09-29T13:07:24Z,ours-A-S0,b5,2,0,forward,seed43,2,0.5387,0.4988,61022,11600,49422,theirs lattice,0.5387,0.4988,61022,11600,4.9740,midpoint of the gap minima,positive-control-0139/scratch/ours-A-S0/b5/surf.tifxyz,scratch/ours-A-S0/b5/p/forward-k2m0-seed43.tif,"clean held out region of pherc0139-w016 (0.1581 cm2), the organisers' online validation case during training; labels mapped from the 2.399 um grid by the affine of evidence/label-map.csv"
positive-control-0139/tools/score.py,2026-09-29T13:07:24Z,ours-A-S0,b5,2,0,forward,seed43,4,0.5535,0.5265,89065,23000,66065,theirs lattice,0.5535,0.5265,89065,23000,4.9740,midpoint of the gap minima,positive-control-0139/scratch/ours-A-S0/b5/surf.tifxyz,scratch/ours-A-S0/b5/p/forward-k2m0-seed43.tif,"clean held out region of pherc0139-w016 (0.1581 cm2), the organisers' online validation case during training; labels mapped from the 2.399 um grid by the affine of evidence/label-map.csv"
positive-control-0139/tools/score.py,2026-09-29T13:07:24Z,ours-A-S0,b5,2,1,forward,seed42,2,0.4418,0.3832,61022,11600,49422,theirs lattice,0.4418,0.3832,61022,11600,4.9740,midpoint of the gap minima,positive-control-0139/scratch/ours-A-S0/b5/surf.tifxyz,scratch/ours-A-S0/b5/p/forward-k2m1-seed42.tif,"clean held out region of pherc0139-w016 (0.1581 cm2), the organisers' online validation case during training; labels mapped from the 2.399 um grid by the affine of evidence/label-map.csv"
positive-control-0139/tools/score.py,2026-09-29T13:07:24Z,ours-A-S0,b5,2,1,forward,seed42,4,0.4685,0.3764,89065,23000,66065,theirs lattice,0.4685,0.3764,89065,23000,4.9740,midpoint of the gap minima,positive-control-0139/scratch/ours-A-S0/b5/surf.tifxyz,scratch/ours-A-S0/b5/p/forward-k2m1-seed42.tif,"clean held out region of pherc0139-w016 (0.1581 cm2), the organisers' online validation case during training; labels mapped from the 2.399 um grid by the affine of evidence/label-map.csv"
positive-control-0139/tools/score.py,2026-09-29T13:07:24Z,ours-A-S0,b5,2,1,forward,seed43,2,0.5345,0.5254,61022,11600,49422,theirs lattice,0.5345,0.5254,61022,11600,4.9740,midpoint of the gap minima,positive-control-0139/scratch/ours-A-S0/b5/surf.tifxyz,scratch/ours-A-S0/b5/p/forward-k2m1-seed43.tif,"clean held out region of pherc0139-w016 (0.1581 cm2), the organisers' online validation case during training; labels mapped from the 2.399 um grid by the affine of evidence/label-map.csv"
positive-control-0139/tools/score.py,2026-09-29T13:07:24Z,ours-A-S0,b5,2,1,forward,seed43,4,0.5536,0.5812,89065,23000,66065,theirs lattice,0.5536,0.5812,89065,23000,4.9740,midpoint of the gap minima,positive-control-0139/scratch/ours-A-S0/b5/surf.tifxyz,scratch/ours-A-S0/b5/p/forward-k2m1-seed43.tif,"clean held out region of pherc0139-w016 (0.1581 cm2), the organisers' online validation case during training; labels mapped from the 2.399 um grid by the affine of evidence/label-map.csv"
positive-control-0139/tools/score.py,2026-09-29T13:07:24Z,ours-A-S0,b5,3,0,forward,seed42,2,0.4307,0.4840,61022,11600,49422,theirs lattice,0.4307,0.4840,61022,11600,4.9740,midpoint of the gap minima,positive-control-0139/scratch/ours-A-S0/b5/surf.tifxyz,scratch/ours-A-S0/b5/p/forward-k3m0-seed42.tif,"clean held out region of pherc0139-w016 (0.1581 cm2), the organisers' online validation case during training; labels mapped from the 2.399 um grid by the affine of evidence/label-map.csv"
positive-control-0139/tools/score.py,2026-09-29T13:07:24Z,ours-A-S0,b5,3,0,forward,seed42,4,0.4623,0.4877,89065,23000,66065,theirs lattice,0.4623,0.4877,89065,23000,4.9740,midpoint of the gap minima,positive-control-0139/scratch/ours-A-S0/b5/surf.tifxyz,scratch/ours-A-S0/b5/p/forward-k3m0-seed42.tif,"clean held out region of pherc0139-w016 (0.1581 cm2), the organisers' online validation case during training; labels mapped from the 2.399 um grid by the affine of evidence/label-map.csv"
positive-control-0139/tools/score.py,2026-09-29T13:07:25Z,ours-A-S0,b5,3,0,forward,seed43,2,0.4346,0.4200,61022,11600,49422,theirs lattice,0.4346,0.4200,61022,11600,4.9740,midpoint of the gap minima,positive-control-0139/scratch/ours-A-S0/b5/surf.tifxyz,scratch/ours-A-S0/b5/p/forward-k3m0-seed43.tif,"clean held out region of pherc0139-w016 (0.1581 cm2), the organisers' online validation case during training; labels mapped from the 2.399 um grid by the affine of evidence/label-map.csv"
positive-control-0139/tools/score.py,2026-09-29T13:07:25Z,ours-A-S0,b5,3,0,forward,seed43,4,0.4632,0.3987,89065,23000,66065,theirs lattice,0.4632,0.3987,89065,23000,4.9740,midpoint of the gap minima,positive-control-0139/scratch/ours-A-S0/b5/surf.tifxyz,scratch/ours-A-S0/b5/p/forward-k3m0-seed43.tif,"clean held out region of pherc0139-w016 (0.1581 cm2), the organisers' online validation case during training; labels mapped from the 2.399 um grid by the affine of evidence/label-map.csv"
positive-control-0139/tools/score.py,2026-09-29T13:07:25Z,ours-A-S0,b5,3,1,forward,seed42,2,0.4969,0.2885,61022,11600,49422,theirs lattice,0.4969,0.2885,61022,11600,4.9740,midpoint of the gap minima,positive-control-0139/scratch/ours-A-S0/b5/surf.tifxyz,scratch/ours-A-S0/b5/p/forward-k3m1-seed42.tif,"clean held out region of pherc0139-w016 (0.1581 cm2), the organisers' online validation case during training; labels mapped from the 2.399 um grid by the affine of evidence/label-map.csv"
positive-control-0139/tools/score.py,2026-09-29T13:07:25Z,ours-A-S0,b5,3,1,forward,seed42,4,0.4966,0.3767,89065,23000,66065,theirs lattice,0.4966,0.3767,89065,23000,4.9740,midpoint of the gap minima,positive-control-0139/scratch/ours-A-S0/b5/surf.tifxyz,scratch/ours-A-S0/b5/p/forward-k3m1-seed42.tif,"clean held out region of pherc0139-w016 (0.1581 cm2), the organisers' online validation case during training; labels mapped from the 2.399 um grid by the affine of evidence/label-map.csv"
positive-control-0139/tools/score.py,2026-09-29T13:07:25Z,ours-A-S0,b5,3,1,forward,seed43,2,0.4689,0.5084,61022,11600,49422,theirs lattice,0.4689,0.5084,61022,11600,4.9740,midpoint of the gap minima,positive-control-0139/scratch/ours-A-S0/b5/surf.tifxyz,scratch/ours-A-S0/b5/p/forward-k3m1-seed43.tif,"clean held out region of pherc0139-w016 (0.1581 cm2), the organisers' online validation case during training; labels mapped from the 2.399 um grid by the affine of evidence/label-map.csv"
positive-control-0139/tools/score.py,2026-09-29T13:07:25Z,ours-A-S0,b5,3,1,forward,seed43,4,0.5071,0.5686,89065,23000,66065,theirs lattice,0.5071,0.5686,89065,23000,4.9740,midpoint of the gap minima,positive-control-0139/scratch/ours-A-S0/b5/surf.tifxyz,scratch/ours-A-S0/b5/p/forward-k3m1-seed43.tif,"clean held out region of pherc0139-w016 (0.1581 cm2), the organisers' online validation case during training; labels mapped from the 2.399 um grid by the affine of evidence/label-map.csv"
positive-control-0139/tools/score.py,2026-09-29T13:07:25Z,ours-A-S0,b5,0,0,reverse,seed42,2,0.5012,0.5381,61022,11600,49422,theirs lattice,0.5012,0.5381,61022,11600,0.9990,midpoint of the gap minima,positive-control-0139/scratch/ours-A-S0/b5/surf.tifxyz,scratch/ours-A-S0/b5/p/reverse-k0m0-seed42.tif,"clean held out region of pherc0139-w016 (0.1581 cm2), the organisers' online validation case during training; labels mapped from the 2.399 um grid by the affine of evidence/label-map.csv"
positive-control-0139/tools/score.py,2026-09-29T13:07:25Z,ours-A-S0,b5,0,0,reverse,seed42,4,0.4943,0.5170,89065,23000,66065,theirs lattice,0.4943,0.5170,89065,23000,0.9990,midpoint of the gap minima,positive-control-0139/scratch/ours-A-S0/b5/surf.tifxyz,scratch/ours-A-S0/b5/p/reverse-k0m0-seed42.tif,"clean held out region of pherc0139-w016 (0.1581 cm2), the organisers' online validation case during training; labels mapped from the 2.399 um grid by the affine of evidence/label-map.csv"
positive-control-0139/tools/score.py,2026-09-29T13:07:25Z,ours-A-S0,b5,0,0,reverse,seed43,2,0.4932,0.5643,61022,11600,49422,theirs lattice,0.4932,0.5643,61022,11600,0.9990,midpoint of the gap minima,positive-control-0139/scratch/ours-A-S0/b5/surf.tifxyz,scratch/ours-A-S0/b5/p/reverse-k0m0-seed43.tif,"clean held out region of pherc0139-w016 (0.1581 cm2), the organisers' online validation case during training; labels mapped from the 2.399 um grid by the affine of evidence/label-map.csv"
positive-control-0139/tools/score.py,2026-09-29T13:07:25Z,ours-A-S0,b5,0,0,reverse,seed43,4,0.5403,0.5996,89065,23000,66065,theirs lattice,0.5403,0.5996,89065,23000,0.9990,midpoint of the gap minima,positive-control-0139/scratch/ours-A-S0/b5/surf.tifxyz,scratch/ours-A-S0/b5/p/reverse-k0m0-seed43.tif,"clean held out region of pherc0139-w016 (0.1581 cm2), the organisers' online validation case during training; labels mapped from the 2.399 um grid by the affine of evidence/label-map.csv"
positive-control-0139/tools/score.py,2026-09-29T13:07:25Z,ours-A-S0,b5,0,1,reverse,seed42,2,0.4570,0.3984,61022,11600,49422,theirs lattice,0.4570,0.3984,61022,11600,0.9990,midpoint of the gap minima,positive-control-0139/scratch/ours-A-S0/b5/surf.tifxyz,scratch/ours-A-S0/b5/p/reverse-k0m1-seed42.tif,"clean held out region of pherc0139-w016 (0.1581 cm2), the organisers' online validation case during training; labels mapped from the 2.399 um grid by the affine of evidence/label-map.csv"
positive-control-0139/tools/score.py,2026-09-29T13:07:25Z,ours-A-S0,b5,0,1,reverse,seed42,4,0.5048,0.5339,89065,23000,66065,theirs lattice,0.5048,0.5339,89065,23000,0.9990,midpoint of the gap minima,positive-control-0139/scratch/ours-A-S0/b5/surf.tifxyz,scratch/ours-A-S0/b5/p/reverse-k0m1-seed42.tif,"clean held out region of pherc0139-w016 (0.1581 cm2), the organisers' online validation case during training; labels mapped from the 2.399 um grid by the affine of evidence/label-map.csv"
positive-control-0139/tools/score.py,2026-09-29T13:07:25Z,ours-A-S0,b5,0,1,reverse,seed43,2,0.4075,0.3272,61022,11600,49422,theirs lattice,0.4075,0.3272,61022,11600,0.9990,midpoint of the gap minima,positive-control-0139/scratch/ours-A-S0/b5/surf.tifxyz,scratch/ours-A-S0/b5/p/reverse-k0m1-seed43.tif,"clean held out region of pherc0139-w016 (0.1581 cm2), the organisers' online validation case during training; labels mapped from the 2.399 um grid by the affine of evidence/label-map.csv"
positive-control-0139/tools/score.py,2026-09-29T13:07:25Z,ours-A-S0,b5,0,1,reverse,seed43,4,0.4492,0.4554,89065,23000,66065,theirs lattice,0.4492,0.4554,89065,23000,0.9990,midpoint of the gap minima,positive-control-0139/scratch/ours-A-S0/b5/surf.tifxyz,scratch/ours-A-S0/b5/p/reverse-k0m1-seed43.tif,"clean held out region of pherc0139-w016 (0.1581 cm2), the organisers' online validation case during training; labels mapped from the 2.399 um grid by the affine of evidence/label-map.csv"
positive-control-0139/tools/score.py,2026-09-29T13:07:25Z,ours-A-S0,b5,1,0,reverse,seed42,2,0.5747,0.7491,61022,11600,49422,theirs lattice,0.5747,0.7491,61022,11600,0.9990,midpoint of the gap minima,positive-control-0139/scratch/ours-A-S0/b5/surf.tifxyz,scratch/ours-A-S0/b5/p/reverse-k1m0-seed42.tif,"clean held out region of pherc0139-w016 (0.1581 cm2), the organisers' online validation case during training; labels mapped from the 2.399 um grid by the affine of evidence/label-map.csv"
positive-control-0139/tools/score.py,2026-09-29T13:07:25Z,ours-A-S0,b5,1,0,reverse,seed42,4,0.5804,0.7227,89065,23000,66065,theirs lattice,0.5804,0.7227,89065,23000,0.9990,midpoint of the gap minima,positive-control-0139/scratch/ours-A-S0/b5/surf.tifxyz,scratch/ours-A-S0/b5/p/reverse-k1m0-seed42.tif,"clean held out region of pherc0139-w016 (0.1581 cm2), the organisers' online validation case during training; labels mapped from the 2.399 um grid by the affine of evidence/label-map.csv"
positive-control-0139/tools/score.py,2026-09-29T13:07:25Z,ours-A-S0,b5,1,0,reverse,seed43,2,0.5515,0.7123,61022,11600,49422,theirs lattice,0.5515,0.7123,61022,11600,0.9990,midpoint of the gap minima,positive-control-0139/scratch/ours-A-S0/b5/surf.tifxyz,scratch/ours-A-S0/b5/p/reverse-k1m0-seed43.tif,"clean held out region of pherc0139-w016 (0.1581 cm2), the organisers' online validation case during training; labels mapped from the 2.399 um grid by the affine of evidence/label-map.csv"
positive-control-0139/tools/score.py,2026-09-29T13:07:25Z,ours-A-S0,b5,1,0,reverse,seed43,4,0.5682,0.6721,89065,23000,66065,theirs lattice,0.5682,0.6721,89065,23000,0.9990,midpoint of the gap minima,positive-control-0139/scratch/ours-A-S0/b5/surf.tifxyz,scratch/ours-A-S0/b5/p/reverse-k1m0-seed43.tif,"clean held out region of pherc0139-w016 (0.1581 cm2), the organisers' online validation case during training; labels mapped from the 2.399 um grid by the affine of evidence/label-map.csv"
positive-control-0139/tools/score.py,2026-09-29T13:07:25Z,ours-A-S0,b5,1,1,reverse,seed42,2,0.5716,0.5913,61022,11600,49422,theirs lattice,0.5716,0.5913,61022,11600,0.9990,midpoint of the gap minima,positive-control-0139/scratch/ours-A-S0/b5/surf.tifxyz,scratch/ours-A-S0/b5/p/reverse-k1m1-seed42.tif,"clean held out region of pherc0139-w016 (0.1581 cm2), the organisers' online validation case during training; labels mapped from the 2.399 um grid by the affine of evidence/label-map.csv"
positive-control-0139/tools/score.py,2026-09-29T13:07:25Z,ours-A-S0,b5,1,1,reverse,seed42,4,0.5411,0.6320,89065,23000,66065,theirs lattice,0.5411,0.6320,89065,23000,0.9990,midpoint of the gap minima,positive-control-0139/scratch/ours-A-S0/b5/surf.tifxyz,scratch/ours-A-S0/b5/p/reverse-k1m1-seed42.tif,"clean held out region of pherc0139-w016 (0.1581 cm2), the organisers' online validation case during training; labels mapped from the 2.399 um grid by the affine of evidence/label-map.csv"
positive-control-0139/tools/score.py,2026-09-29T13:07:25Z,ours-A-S0,b5,1,1,reverse,seed43,2,0.5628,0.5872,61022,11600,49422,theirs lattice,0.5628,0.5872,61022,11600,0.9990,midpoint of the gap minima,positive-control-0139/scratch/ours-A-S0/b5/surf.tifxyz,scratch/ours-A-S0/b5/p/reverse-k1m1-seed43.tif,"clean held out region of pherc0139-w016 (0.1581 cm2), the organisers' online validation case during training; labels mapped from the 2.399 um grid by the affine of evidence/label-map.csv"
positive-control-0139/tools/score.py,2026-09-29T13:07:25Z,ours-A-S0,b5,1,1,reverse,seed43,4,0.6176,0.6989,89065,23000,66065,theirs lattice,0.6176,0.6989,89065,23000,0.9990,midpoint of the gap minima,positive-control-0139/scratch/ours-A-S0/b5/surf.tifxyz,scratch/ours-A-S0/b5/p/reverse-k1m1-seed43.tif,"clean held out region of pherc0139-w016 (0.1581 cm2), the organisers' online validation case during training; labels mapped from the 2.399 um grid by the affine of evidence/label-map.csv"
positive-control-0139/tools/score.py,2026-09-29T13:07:25Z,ours-A-S0,b5,2,0,reverse,seed42,2,0.6451,0.7178,61022,11600,49422,theirs lattice,0.6451,0.7178,61022,11600,0.9990,midpoint of the gap minima,positive-control-0139/scratch/ours-A-S0/b5/surf.tifxyz,scratch/ours-A-S0/b5/p/reverse-k2m0-seed42.tif,"clean held out region of pherc0139-w016 (0.1581 cm2), the organisers' online validation case during training; labels mapped from the 2.399 um grid by the affine of evidence/label-map.csv"
positive-control-0139/tools/score.py,2026-09-29T13:07:25Z,ours-A-S0,b5,2,0,reverse,seed42,4,0.6589,0.7354,89065,23000,66065,theirs lattice,0.6589,0.7354,89065,23000,0.9990,midpoint of the gap minima,positive-control-0139/scratch/ours-A-S0/b5/surf.tifxyz,scratch/ours-A-S0/b5/p/reverse-k2m0-seed42.tif,"clean held out region of pherc0139-w016 (0.1581 cm2), the organisers' online validation case during training; labels mapped from the 2.399 um grid by the affine of evidence/label-map.csv"
positive-control-0139/tools/score.py,2026-09-29T13:07:25Z,ours-A-S0,b5,2,0,reverse,seed43,2,0.5191,0.5895,61022,11600,49422,theirs lattice,0.5191,0.5895,61022,11600,0.9990,midpoint of the gap minima,positive-control-0139/scratch/ours-A-S0/b5/surf.tifxyz,scratch/ours-A-S0/b5/p/reverse-k2m0-seed43.tif,"clean held out region of pherc0139-w016 (0.1581 cm2), the organisers' online validation case during training; labels mapped from the 2.399 um grid by the affine of evidence/label-map.csv"
positive-control-0139/tools/score.py,2026-09-29T13:07:25Z,ours-A-S0,b5,2,0,reverse,seed43,4,0.5716,0.6412,89065,23000,66065,theirs lattice,0.5716,0.6412,89065,23000,0.9990,midpoint of the gap minima,positive-control-0139/scratch/ours-A-S0/b5/surf.tifxyz,scratch/ours-A-S0/b5/p/reverse-k2m0-seed43.tif,"clean held out region of pherc0139-w016 (0.1581 cm2), the organisers' online validation case during training; labels mapped from the 2.399 um grid by the affine of evidence/label-map.csv"
positive-control-0139/tools/score.py,2026-09-29T13:07:25Z,ours-A-S0,b5,2,1,reverse,seed42,2,0.6518,0.7663,61022,11600,49422,theirs lattice,0.6518,0.7663,61022,11600,0.9990,midpoint of the gap minima,positive-control-0139/scratch/ours-A-S0/b5/surf.tifxyz,scratch/ours-A-S0/b5/p/reverse-k2m1-seed42.tif,"clean held out region of pherc0139-w016 (0.1581 cm2), the organisers' online validation case during training; labels mapped from the 2.399 um grid by the affine of evidence/label-map.csv"
positive-control-0139/tools/score.py,2026-09-29T13:07:25Z,ours-A-S0,b5,2,1,reverse,seed42,4,0.6160,0.7093,89065,23000,66065,theirs lattice,0.6160,0.7093,89065,23000,0.9990,midpoint of the gap minima,positive-control-0139/scratch/ours-A-S0/b5/surf.tifxyz,scratch/ours-A-S0/b5/p/reverse-k2m1-seed42.tif,"clean held out region of pherc0139-w016 (0.1581 cm2), the organisers' online validation case during training; labels mapped from the 2.399 um grid by the affine of evidence/label-map.csv"
positive-control-0139/tools/score.py,2026-09-29T13:07:25Z,ours-A-S0,b5,2,1,reverse,seed43,2,0.5120,0.6658,61022,11600,49422,theirs lattice,0.5120,0.6658,61022,11600,0.9990,midpoint of the gap minima,positive-control-0139/scratch/ours-A-S0/b5/surf.tifxyz,scratch/ours-A-S0/b5/p/reverse-k2m1-seed43.tif,"clean held out region of pherc0139-w016 (0.1581 cm2), the organisers' online validation case during training; labels mapped from the 2.399 um grid by the affine of evidence/label-map.csv"
positive-control-0139/tools/score.py,2026-09-29T13:07:25Z,ours-A-S0,b5,2,1,reverse,seed43,4,0.5397,0.6268,89065,23000,66065,theirs lattice,0.5397,0.6268,89065,23000,0.9990,midpoint of the gap minima,positive-control-0139/scratch/ours-A-S0/b5/surf.tifxyz,scratch/ours-A-S0/b5/p/reverse-k2m1-seed43.tif,"clean held out region of pherc0139-w016 (0.1581 cm2), the organisers' online validation case during training; labels mapped from the 2.399 um grid by the affine of evidence/label-map.csv"
positive-control-0139/tools/score.py,2026-09-29T13:07:25Z,ours-A-S0,b5,3,0,reverse,seed42,2,0.5584,0.6303,61022,11600,49422,theirs lattice,0.5584,0.6303,61022,11600,0.9990,midpoint of the gap minima,positive-control-0139/scratch/ours-A-S0/b5/surf.tifxyz,scratch/ours-A-S0/b5/p/reverse-k3m0-seed42.tif,"clean held out region of pherc0139-w016 (0.1581 cm2), the organisers' online validation case during training; labels mapped from the 2.399 um grid by the affine of evidence/label-map.csv"
positive-control-0139/tools/score.py,2026-09-29T13:07:25Z,ours-A-S0,b5,3,0,reverse,seed42,4,0.5441,0.6086,89065,23000,66065,theirs lattice,0.5441,0.6086,89065,23000,0.9990,midpoint of the gap minima,positive-control-0139/scratch/ours-A-S0/b5/surf.tifxyz,scratch/ours-A-S0/b5/p/reverse-k3m0-seed42.tif,"clean held out region of pherc0139-w016 (0.1581 cm2), the organisers' online validation case during training; labels mapped from the 2.399 um grid by the affine of evidence/label-map.csv"
positive-control-0139/tools/score.py,2026-09-29T13:07:25Z,ours-A-S0,b5,3,0,reverse,seed43,2,0.5663,0.6463,61022,11600,49422,theirs lattice,0.5663,0.6463,61022,11600,0.9990,midpoint of the gap minima,positive-control-0139/scratch/ours-A-S0/b5/surf.tifxyz,scratch/ours-A-S0/b5/p/reverse-k3m0-seed43.tif,"clean held out region of pherc0139-w016 (0.1581 cm2), the organisers' online validation case during training; labels mapped from the 2.399 um grid by the affine of evidence/label-map.csv"
positive-control-0139/tools/score.py,2026-09-29T13:07:25Z,ours-A-S0,b5,3,0,reverse,seed43,4,0.5942,0.6703,89065,23000,66065,theirs lattice,0.5942,0.6703,89065,23000,0.9990,midpoint of the gap minima,positive-control-0139/scratch/ours-A-S0/b5/surf.tifxyz,scratch/ours-A-S0/b5/p/reverse-k3m0-seed43.tif,"clean held out region of pherc0139-w016 (0.1581 cm2), the organisers' online validation case during training; labels mapped from the 2.399 um grid by the affine of evidence/label-map.csv"
positive-control-0139/tools/score.py,2026-09-29T13:07:25Z,ours-A-S0,b5,3,1,reverse,seed42,2,0.6204,0.6841,61022,11600,49422,theirs lattice,0.6204,0.6841,61022,11600,0.9990,midpoint of the gap minima,positive-control-0139/scratch/ours-A-S0/b5/surf.tifxyz,scratch/ours-A-S0/b5/p/reverse-k3m1-seed42.tif,"clean held out region of pherc0139-w016 (0.1581 cm2), the organisers' online validation case during training; labels mapped from the 2.399 um grid by the affine of evidence/label-map.csv"
positive-control-0139/tools/score.py,2026-09-29T13:07:25Z,ours-A-S0,b5,3,1,reverse,seed42,4,0.6456,0.7324,89065,23000,66065,theirs lattice,0.6456,0.7324,89065,23000,0.9990,midpoint of the gap minima,positive-control-0139/scratch/ours-A-S0/b5/surf.tifxyz,scratch/ours-A-S0/b5/p/reverse-k3m1-seed42.tif,"clean held out region of pherc0139-w016 (0.1581 cm2), the organisers' online validation case during training; labels mapped from the 2.399 um grid by the affine of evidence/label-map.csv"
positive-control-0139/tools/score.py,2026-09-29T13:07:25Z,ours-A-S0,b5,3,1,reverse,seed43,2,0.5778,0.6587,61022,11600,49422,theirs lattice,0.5778,0.6587,61022,11600,0.9990,midpoint of the gap minima,positive-control-0139/scratch/ours-A-S0/b5/surf.tifxyz,scratch/ours-A-S0/b5/p/reverse-k3m1-seed43.tif,"clean held out region of pherc0139-w016 (0.1581 cm2), the organisers' online validation case during training; labels mapped from the 2.399 um grid by the affine of evidence/label-map.csv"
positive-control-0139/tools/score.py,2026-09-29T13:07:25Z,ours-A-S0,b5,3,1,reverse,seed43,4,0.5718,0.6678,89065,23000,66065,theirs lattice,0.5718,0.6678,89065,23000,0.9990,midpoint of the gap minima,positive-control-0139/scratch/ours-A-S0/b5/surf.tifxyz,scratch/ours-A-S0/b5/p/reverse-k3m1-seed43.tif,"clean held out region of pherc0139-w016 (0.1581 cm2), the organisers' online validation case during training; labels mapped from the 2.399 um grid by the affine of evidence/label-map.csv"
positive-control-0139/tools/score.py,2026-09-29T13:15:46Z,ours-A-S0,rotctl,0,0,forward,seed42,2,0.4971,0.4775,85262,21630,63632,theirs lattice,0.4971,0.4775,85262,21630,5.1780,midpoint of the gap minima,positive-control-0139/scratch/ours-A-S0/rotctl/surf.tifxyz,scratch/ours-A-S0/rotctl/p/forward-k0m0-seed42.tif,"clean held out region of pherc0139-w016 (0.1581 cm2), the organisers' online validation case during training; labels mapped from the 2.399 um grid by the affine of evidence/label-map.csv"
positive-control-0139/tools/score.py,2026-09-29T13:15:46Z,ours-A-S0,rotctl,0,0,forward,seed42,4,0.4893,0.4617,95779,24317,71462,theirs lattice,0.4893,0.4617,95779,24317,5.1780,midpoint of the gap minima,positive-control-0139/scratch/ours-A-S0/rotctl/surf.tifxyz,scratch/ours-A-S0/rotctl/p/forward-k0m0-seed42.tif,"clean held out region of pherc0139-w016 (0.1581 cm2), the organisers' online validation case during training; labels mapped from the 2.399 um grid by the affine of evidence/label-map.csv"
positive-control-0139/tools/score.py,2026-09-29T13:15:46Z,ours-A-S0,rotctl,0,0,forward,seed43,2,0.5233,0.4807,85262,21630,63632,theirs lattice,0.5233,0.4807,85262,21630,5.1780,midpoint of the gap minima,positive-control-0139/scratch/ours-A-S0/rotctl/surf.tifxyz,scratch/ours-A-S0/rotctl/p/forward-k0m0-seed43.tif,"clean held out region of pherc0139-w016 (0.1581 cm2), the organisers' online validation case during training; labels mapped from the 2.399 um grid by the affine of evidence/label-map.csv"
positive-control-0139/tools/score.py,2026-09-29T13:15:46Z,ours-A-S0,rotctl,0,0,forward,seed43,4,0.5178,0.4525,95779,24317,71462,theirs lattice,0.5178,0.4525,95779,24317,5.1780,midpoint of the gap minima,positive-control-0139/scratch/ours-A-S0/rotctl/surf.tifxyz,scratch/ours-A-S0/rotctl/p/forward-k0m0-seed43.tif,"clean held out region of pherc0139-w016 (0.1581 cm2), the organisers' online validation case during training; labels mapped from the 2.399 um grid by the affine of evidence/label-map.csv"
positive-control-0139/tools/score.py,2026-09-29T13:15:46Z,ours-A-S0,rotctl,0,1,forward,seed42,2,0.5255,0.4592,85262,21630,63632,theirs lattice,0.5255,0.4592,85262,21630,5.1780,midpoint of the gap minima,positive-control-0139/scratch/ours-A-S0/rotctl/surf.tifxyz,scratch/ours-A-S0/rotctl/p/forward-k0m1-seed42.tif,"clean held out region of pherc0139-w016 (0.1581 cm2), the organisers' online validation case during training; labels mapped from the 2.399 um grid by the affine of evidence/label-map.csv"
positive-control-0139/tools/score.py,2026-09-29T13:15:46Z,ours-A-S0,rotctl,0,1,forward,seed42,4,0.5265,0.4693,95779,24317,71462,theirs lattice,0.5265,0.4693,95779,24317,5.1780,midpoint of the gap minima,positive-control-0139/scratch/ours-A-S0/rotctl/surf.tifxyz,scratch/ours-A-S0/rotctl/p/forward-k0m1-seed42.tif,"clean held out region of pherc0139-w016 (0.1581 cm2), the organisers' online validation case during training; labels mapped from the 2.399 um grid by the affine of evidence/label-map.csv"
positive-control-0139/tools/score.py,2026-09-29T13:15:46Z,ours-A-S0,rotctl,0,1,forward,seed43,2,0.4961,0.4999,85262,21630,63632,theirs lattice,0.4961,0.4999,85262,21630,5.1780,midpoint of the gap minima,positive-control-0139/scratch/ours-A-S0/rotctl/surf.tifxyz,scratch/ours-A-S0/rotctl/p/forward-k0m1-seed43.tif,"clean held out region of pherc0139-w016 (0.1581 cm2), the organisers' online validation case during training; labels mapped from the 2.399 um grid by the affine of evidence/label-map.csv"
positive-control-0139/tools/score.py,2026-09-29T13:15:46Z,ours-A-S0,rotctl,0,1,forward,seed43,4,0.4981,0.4798,95779,24317,71462,theirs lattice,0.4981,0.4798,95779,24317,5.1780,midpoint of the gap minima,positive-control-0139/scratch/ours-A-S0/rotctl/surf.tifxyz,scratch/ours-A-S0/rotctl/p/forward-k0m1-seed43.tif,"clean held out region of pherc0139-w016 (0.1581 cm2), the organisers' online validation case during training; labels mapped from the 2.399 um grid by the affine of evidence/label-map.csv"
positive-control-0139/tools/score.py,2026-09-29T13:15:46Z,ours-A-S0,rotctl,1,0,forward,seed42,2,0.4595,0.4180,85262,21630,63632,theirs lattice,0.4595,0.4180,85262,21630,5.1780,midpoint of the gap minima,positive-control-0139/scratch/ours-A-S0/rotctl/surf.tifxyz,scratch/ours-A-S0/rotctl/p/forward-k1m0-seed42.tif,"clean held out region of pherc0139-w016 (0.1581 cm2), the organisers' online validation case during training; labels mapped from the 2.399 um grid by the affine of evidence/label-map.csv"
positive-control-0139/tools/score.py,2026-09-29T13:15:46Z,ours-A-S0,rotctl,1,0,forward,seed42,4,0.4532,0.4048,95779,24317,71462,theirs lattice,0.4532,0.4048,95779,24317,5.1780,midpoint of the gap minima,positive-control-0139/scratch/ours-A-S0/rotctl/surf.tifxyz,scratch/ours-A-S0/rotctl/p/forward-k1m0-seed42.tif,"clean held out region of pherc0139-w016 (0.1581 cm2), the organisers' online validation case during training; labels mapped from the 2.399 um grid by the affine of evidence/label-map.csv"
positive-control-0139/tools/score.py,2026-09-29T13:15:46Z,ours-A-S0,rotctl,1,0,forward,seed43,2,0.4734,0.4158,85262,21630,63632,theirs lattice,0.4734,0.4158,85262,21630,5.1780,midpoint of the gap minima,positive-control-0139/scratch/ours-A-S0/rotctl/surf.tifxyz,scratch/ours-A-S0/rotctl/p/forward-k1m0-seed43.tif,"clean held out region of pherc0139-w016 (0.1581 cm2), the organisers' online validation case during training; labels mapped from the 2.399 um grid by the affine of evidence/label-map.csv"
positive-control-0139/tools/score.py,2026-09-29T13:15:46Z,ours-A-S0,rotctl,1,0,forward,seed43,4,0.4720,0.4016,95779,24317,71462,theirs lattice,0.4720,0.4016,95779,24317,5.1780,midpoint of the gap minima,positive-control-0139/scratch/ours-A-S0/rotctl/surf.tifxyz,scratch/ours-A-S0/rotctl/p/forward-k1m0-seed43.tif,"clean held out region of pherc0139-w016 (0.1581 cm2), the organisers' online validation case during training; labels mapped from the 2.399 um grid by the affine of evidence/label-map.csv"
positive-control-0139/tools/score.py,2026-09-29T13:15:46Z,ours-A-S0,rotctl,1,1,forward,seed42,2,0.5428,0.6357,85262,21630,63632,theirs lattice,0.5428,0.6357,85262,21630,5.1780,midpoint of the gap minima,positive-control-0139/scratch/ours-A-S0/rotctl/surf.tifxyz,scratch/ours-A-S0/rotctl/p/forward-k1m1-seed42.tif,"clean held out region of pherc0139-w016 (0.1581 cm2), the organisers' online validation case during training; labels mapped from the 2.399 um grid by the affine of evidence/label-map.csv"
positive-control-0139/tools/score.py,2026-09-29T13:15:46Z,ours-A-S0,rotctl,1,1,forward,seed42,4,0.5252,0.6141,95779,24317,71462,theirs lattice,0.5252,0.6141,95779,24317,5.1780,midpoint of the gap minima,positive-control-0139/scratch/ours-A-S0/rotctl/surf.tifxyz,scratch/ours-A-S0/rotctl/p/forward-k1m1-seed42.tif,"clean held out region of pherc0139-w016 (0.1581 cm2), the organisers' online validation case during training; labels mapped from the 2.399 um grid by the affine of evidence/label-map.csv"
positive-control-0139/tools/score.py,2026-09-29T13:15:46Z,ours-A-S0,rotctl,1,1,forward,seed43,2,0.4755,0.5085,85262,21630,63632,theirs lattice,0.4755,0.5085,85262,21630,5.1780,midpoint of the gap minima,positive-control-0139/scratch/ours-A-S0/rotctl/surf.tifxyz,scratch/ours-A-S0/rotctl/p/forward-k1m1-seed43.tif,"clean held out region of pherc0139-w016 (0.1581 cm2), the organisers' online validation case during training; labels mapped from the 2.399 um grid by the affine of evidence/label-map.csv"
positive-control-0139/tools/score.py,2026-09-29T13:15:46Z,ours-A-S0,rotctl,1,1,forward,seed43,4,0.4689,0.4968,95779,24317,71462,theirs lattice,0.4689,0.4968,95779,24317,5.1780,midpoint of the gap minima,positive-control-0139/scratch/ours-A-S0/rotctl/surf.tifxyz,scratch/ours-A-S0/rotctl/p/forward-k1m1-seed43.tif,"clean held out region of pherc0139-w016 (0.1581 cm2), the organisers' online validation case during training; labels mapped from the 2.399 um grid by the affine of evidence/label-map.csv"
positive-control-0139/tools/score.py,2026-09-29T13:15:46Z,ours-A-S0,rotctl,2,0,forward,seed42,2,0.5051,0.5928,85262,21630,63632,theirs lattice,0.5051,0.5928,85262,21630,5.1780,midpoint of the gap minima,positive-control-0139/scratch/ours-A-S0/rotctl/surf.tifxyz,scratch/ours-A-S0/rotctl/p/forward-k2m0-seed42.tif,"clean held out region of pherc0139-w016 (0.1581 cm2), the organisers' online validation case during training; labels mapped from the 2.399 um grid by the affine of evidence/label-map.csv"
positive-control-0139/tools/score.py,2026-09-29T13:15:46Z,ours-A-S0,rotctl,2,0,forward,seed42,4,0.5032,0.6084,95779,24317,71462,theirs lattice,0.5032,0.6084,95779,24317,5.1780,midpoint of the gap minima,positive-control-0139/scratch/ours-A-S0/rotctl/surf.tifxyz,scratch/ours-A-S0/rotctl/p/forward-k2m0-seed42.tif,"clean held out region of pherc0139-w016 (0.1581 cm2), the organisers' online validation case during training; labels mapped from the 2.399 um grid by the affine of evidence/label-map.csv"
positive-control-0139/tools/score.py,2026-09-29T13:15:46Z,ours-A-S0,rotctl,2,0,forward,seed43,2,0.5695,0.5966,85262,21630,63632,theirs lattice,0.5695,0.5966,85262,21630,5.1780,midpoint of the gap minima,positive-control-0139/scratch/ours-A-S0/rotctl/surf.tifxyz,scratch/ours-A-S0/rotctl/p/forward-k2m0-seed43.tif,"clean held out region of pherc0139-w016 (0.1581 cm2), the organisers' online validation case during training; labels mapped from the 2.399 um grid by the affine of evidence/label-map.csv"
positive-control-0139/tools/score.py,2026-09-29T13:15:46Z,ours-A-S0,rotctl,2,0,forward,seed43,4,0.5577,0.5650,95779,24317,71462,theirs lattice,0.5577,0.5650,95779,24317,5.1780,midpoint of the gap minima,positive-control-0139/scratch/ours-A-S0/rotctl/surf.tifxyz,scratch/ours-A-S0/rotctl/p/forward-k2m0-seed43.tif,"clean held out region of pherc0139-w016 (0.1581 cm2), the organisers' online validation case during training; labels mapped from the 2.399 um grid by the affine of evidence/label-map.csv"
positive-control-0139/tools/score.py,2026-09-29T13:15:46Z,ours-A-S0,rotctl,2,1,forward,seed42,2,0.4585,0.4455,85262,21630,63632,theirs lattice,0.4585,0.4455,85262,21630,5.1780,midpoint of the gap minima,positive-control-0139/scratch/ours-A-S0/rotctl/surf.tifxyz,scratch/ours-A-S0/rotctl/p/forward-k2m1-seed42.tif,"clean held out region of pherc0139-w016 (0.1581 cm2), the organisers' online validation case during training; labels mapped from the 2.399 um grid by the affine of evidence/label-map.csv"
positive-control-0139/tools/score.py,2026-09-29T13:15:46Z,ours-A-S0,rotctl,2,1,forward,seed42,4,0.4626,0.4529,95779,24317,71462,theirs lattice,0.4626,0.4529,95779,24317,5.1780,midpoint of the gap minima,positive-control-0139/scratch/ours-A-S0/rotctl/surf.tifxyz,scratch/ours-A-S0/rotctl/p/forward-k2m1-seed42.tif,"clean held out region of pherc0139-w016 (0.1581 cm2), the organisers' online validation case during training; labels mapped from the 2.399 um grid by the affine of evidence/label-map.csv"
positive-control-0139/tools/score.py,2026-09-29T13:15:46Z,ours-A-S0,rotctl,2,1,forward,seed43,2,0.5169,0.4651,85262,21630,63632,theirs lattice,0.5169,0.4651,85262,21630,5.1780,midpoint of the gap minima,positive-control-0139/scratch/ours-A-S0/rotctl/surf.tifxyz,scratch/ours-A-S0/rotctl/p/forward-k2m1-seed43.tif,"clean held out region of pherc0139-w016 (0.1581 cm2), the organisers' online validation case during training; labels mapped from the 2.399 um grid by the affine of evidence/label-map.csv"
positive-control-0139/tools/score.py,2026-09-29T13:15:46Z,ours-A-S0,rotctl,2,1,forward,seed43,4,0.5117,0.4620,95779,24317,71462,theirs lattice,0.5117,0.4620,95779,24317,5.1780,midpoint of the gap minima,positive-control-0139/scratch/ours-A-S0/rotctl/surf.tifxyz,scratch/ours-A-S0/rotctl/p/forward-k2m1-seed43.tif,"clean held out region of pherc0139-w016 (0.1581 cm2), the organisers' online validation case during training; labels mapped from the 2.399 um grid by the affine of evidence/label-map.csv"
positive-control-0139/tools/score.py,2026-09-29T13:15:46Z,ours-A-S0,rotctl,3,0,forward,seed42,2,0.5491,0.6522,85262,21630,63632,theirs lattice,0.5491,0.6522,85262,21630,5.1780,midpoint of the gap minima,positive-control-0139/scratch/ours-A-S0/rotctl/surf.tifxyz,scratch/ours-A-S0/rotctl/p/forward-k3m0-seed42.tif,"clean held out region of pherc0139-w016 (0.1581 cm2), the organisers' online validation case during training; labels mapped from the 2.399 um grid by the affine of evidence/label-map.csv"
positive-control-0139/tools/score.py,2026-09-29T13:15:46Z,ours-A-S0,rotctl,3,0,forward,seed42,4,0.5469,0.6453,95779,24317,71462,theirs lattice,0.5469,0.6453,95779,24317,5.1780,midpoint of the gap minima,positive-control-0139/scratch/ours-A-S0/rotctl/surf.tifxyz,scratch/ours-A-S0/rotctl/p/forward-k3m0-seed42.tif,"clean held out region of pherc0139-w016 (0.1581 cm2), the organisers' online validation case during training; labels mapped from the 2.399 um grid by the affine of evidence/label-map.csv"
positive-control-0139/tools/score.py,2026-09-29T13:15:46Z,ours-A-S0,rotctl,3,0,forward,seed43,2,0.4608,0.5027,85262,21630,63632,theirs lattice,0.4608,0.5027,85262,21630,5.1780,midpoint of the gap minima,positive-control-0139/scratch/ours-A-S0/rotctl/surf.tifxyz,scratch/ours-A-S0/rotctl/p/forward-k3m0-seed43.tif,"clean held out region of pherc0139-w016 (0.1581 cm2), the organisers' online validation case during training; labels mapped from the 2.399 um grid by the affine of evidence/label-map.csv"
positive-control-0139/tools/score.py,2026-09-29T13:15:46Z,ours-A-S0,rotctl,3,0,forward,seed43,4,0.4550,0.4723,95779,24317,71462,theirs lattice,0.4550,0.4723,95779,24317,5.1780,midpoint of the gap minima,positive-control-0139/scratch/ours-A-S0/rotctl/surf.tifxyz,scratch/ours-A-S0/rotctl/p/forward-k3m0-seed43.tif,"clean held out region of pherc0139-w016 (0.1581 cm2), the organisers' online validation case during training; labels mapped from the 2.399 um grid by the affine of evidence/label-map.csv"
positive-control-0139/tools/score.py,2026-09-29T13:15:46Z,ours-A-S0,rotctl,3,1,forward,seed42,2,0.5185,0.6505,85262,21630,63632,theirs lattice,0.5185,0.6505,85262,21630,5.1780,midpoint of the gap minima,positive-control-0139/scratch/ours-A-S0/rotctl/surf.tifxyz,scratch/ours-A-S0/rotctl/p/forward-k3m1-seed42.tif,"clean held out region of pherc0139-w016 (0.1581 cm2), the organisers' online validation case during training; labels mapped from the 2.399 um grid by the affine of evidence/label-map.csv"
positive-control-0139/tools/score.py,2026-09-29T13:15:46Z,ours-A-S0,rotctl,3,1,forward,seed42,4,0.5120,0.6202,95779,24317,71462,theirs lattice,0.5120,0.6202,95779,24317,5.1780,midpoint of the gap minima,positive-control-0139/scratch/ours-A-S0/rotctl/surf.tifxyz,scratch/ours-A-S0/rotctl/p/forward-k3m1-seed42.tif,"clean held out region of pherc0139-w016 (0.1581 cm2), the organisers' online validation case during training; labels mapped from the 2.399 um grid by the affine of evidence/label-map.csv"
positive-control-0139/tools/score.py,2026-09-29T13:15:46Z,ours-A-S0,rotctl,3,1,forward,seed43,2,0.5559,0.5140,85262,21630,63632,theirs lattice,0.5559,0.5140,85262,21630,5.1780,midpoint of the gap minima,positive-control-0139/scratch/ours-A-S0/rotctl/surf.tifxyz,scratch/ours-A-S0/rotctl/p/forward-k3m1-seed43.tif,"clean held out region of pherc0139-w016 (0.1581 cm2), the organisers' online validation case during training; labels mapped from the 2.399 um grid by the affine of evidence/label-map.csv"
positive-control-0139/tools/score.py,2026-09-29T13:15:46Z,ours-A-S0,rotctl,3,1,forward,seed43,4,0.5400,0.4876,95779,24317,71462,theirs lattice,0.5400,0.4876,95779,24317,5.1780,midpoint of the gap minima,positive-control-0139/scratch/ours-A-S0/rotctl/surf.tifxyz,scratch/ours-A-S0/rotctl/p/forward-k3m1-seed43.tif,"clean held out region of pherc0139-w016 (0.1581 cm2), the organisers' online validation case during training; labels mapped from the 2.399 um grid by the affine of evidence/label-map.csv"
positive-control-0139/tools/score.py,2026-09-29T13:15:46Z,ours-A-S0,rotctl,0,0,reverse,seed42,2,0.4897,0.5915,85262,21630,63632,theirs lattice,0.4897,0.5915,85262,21630,1.2030,midpoint of the gap minima,positive-control-0139/scratch/ours-A-S0/rotctl/surf.tifxyz,scratch/ours-A-S0/rotctl/p/reverse-k0m0-seed42.tif,"clean held out region of pherc0139-w016 (0.1581 cm2), the organisers' online validation case during training; labels mapped from the 2.399 um grid by the affine of evidence/label-map.csv"
positive-control-0139/tools/score.py,2026-09-29T13:15:46Z,ours-A-S0,rotctl,0,0,reverse,seed42,4,0.4903,0.5791,95779,24317,71462,theirs lattice,0.4903,0.5791,95779,24317,1.2030,midpoint of the gap minima,positive-control-0139/scratch/ours-A-S0/rotctl/surf.tifxyz,scratch/ours-A-S0/rotctl/p/reverse-k0m0-seed42.tif,"clean held out region of pherc0139-w016 (0.1581 cm2), the organisers' online validation case during training; labels mapped from the 2.399 um grid by the affine of evidence/label-map.csv"
positive-control-0139/tools/score.py,2026-09-29T13:15:46Z,ours-A-S0,rotctl,0,0,reverse,seed43,2,0.5819,0.6788,85262,21630,63632,theirs lattice,0.5819,0.6788,85262,21630,1.2030,midpoint of the gap minima,positive-control-0139/scratch/ours-A-S0/rotctl/surf.tifxyz,scratch/ours-A-S0/rotctl/p/reverse-k0m0-seed43.tif,"clean held out region of pherc0139-w016 (0.1581 cm2), the organisers' online validation case during training; labels mapped from the 2.399 um grid by the affine of evidence/label-map.csv"
positive-control-0139/tools/score.py,2026-09-29T13:15:46Z,ours-A-S0,rotctl,0,0,reverse,seed43,4,0.5897,0.6951,95779,24317,71462,theirs lattice,0.5897,0.6951,95779,24317,1.2030,midpoint of the gap minima,positive-control-0139/scratch/ours-A-S0/rotctl/surf.tifxyz,scratch/ours-A-S0/rotctl/p/reverse-k0m0-seed43.tif,"clean held out region of pherc0139-w016 (0.1581 cm2), the organisers' online validation case during training; labels mapped from the 2.399 um grid by the affine of evidence/label-map.csv"
positive-control-0139/tools/score.py,2026-09-29T13:15:46Z,ours-A-S0,rotctl,0,1,reverse,seed42,2,0.5177,0.7020,85262,21630,63632,theirs lattice,0.5177,0.7020,85262,21630,1.2030,midpoint of the gap minima,positive-control-0139/scratch/ours-A-S0/rotctl/surf.tifxyz,scratch/ours-A-S0/rotctl/p/reverse-k0m1-seed42.tif,"clean held out region of pherc0139-w016 (0.1581 cm2), the organisers' online validation case during training; labels mapped from the 2.399 um grid by the affine of evidence/label-map.csv"
positive-control-0139/tools/score.py,2026-09-29T13:15:46Z,ours-A-S0,rotctl,0,1,reverse,seed42,4,0.5193,0.6966,95779,24317,71462,theirs lattice,0.5193,0.6966,95779,24317,1.2030,midpoint of the gap minima,positive-control-0139/scratch/ours-A-S0/rotctl/surf.tifxyz,scratch/ours-A-S0/rotctl/p/reverse-k0m1-seed42.tif,"clean held out region of pherc0139-w016 (0.1581 cm2), the organisers' online validation case during training; labels mapped from the 2.399 um grid by the affine of evidence/label-map.csv"
positive-control-0139/tools/score.py,2026-09-29T13:15:46Z,ours-A-S0,rotctl,0,1,reverse,seed43,2,0.5797,0.7339,85262,21630,63632,theirs lattice,0.5797,0.7339,85262,21630,1.2030,midpoint of the gap minima,positive-control-0139/scratch/ours-A-S0/rotctl/surf.tifxyz,scratch/ours-A-S0/rotctl/p/reverse-k0m1-seed43.tif,"clean held out region of pherc0139-w016 (0.1581 cm2), the organisers' online validation case during training; labels mapped from the 2.399 um grid by the affine of evidence/label-map.csv"
positive-control-0139/tools/score.py,2026-09-29T13:15:46Z,ours-A-S0,rotctl,0,1,reverse,seed43,4,0.5749,0.7325,95779,24317,71462,theirs lattice,0.5749,0.7325,95779,24317,1.2030,midpoint of the gap minima,positive-control-0139/scratch/ours-A-S0/rotctl/surf.tifxyz,scratch/ours-A-S0/rotctl/p/reverse-k0m1-seed43.tif,"clean held out region of pherc0139-w016 (0.1581 cm2), the organisers' online validation case during training; labels mapped from the 2.399 um grid by the affine of evidence/label-map.csv"
positive-control-0139/tools/score.py,2026-09-29T13:15:46Z,ours-A-S0,rotctl,1,0,reverse,seed42,2,0.5550,0.6465,85262,21630,63632,theirs lattice,0.5550,0.6465,85262,21630,1.2030,midpoint of the gap minima,positive-control-0139/scratch/ours-A-S0/rotctl/surf.tifxyz,scratch/ours-A-S0/rotctl/p/reverse-k1m0-seed42.tif,"clean held out region of pherc0139-w016 (0.1581 cm2), the organisers' online validation case during training; labels mapped from the 2.399 um grid by the affine of evidence/label-map.csv"
positive-control-0139/tools/score.py,2026-09-29T13:15:46Z,ours-A-S0,rotctl,1,0,reverse,seed42,4,0.5594,0.6630,95779,24317,71462,theirs lattice,0.5594,0.6630,95779,24317,1.2030,midpoint of the gap minima,positive-control-0139/scratch/ours-A-S0/rotctl/surf.tifxyz,scratch/ours-A-S0/rotctl/p/reverse-k1m0-seed42.tif,"clean held out region of pherc0139-w016 (0.1581 cm2), the organisers' online validation case during training; labels mapped from the 2.399 um grid by the affine of evidence/label-map.csv"
positive-control-0139/tools/score.py,2026-09-29T13:15:46Z,ours-A-S0,rotctl,1,0,reverse,seed43,2,0.5160,0.6253,85262,21630,63632,theirs lattice,0.5160,0.6253,85262,21630,1.2030,midpoint of the gap minima,positive-control-0139/scratch/ours-A-S0/rotctl/surf.tifxyz,scratch/ours-A-S0/rotctl/p/reverse-k1m0-seed43.tif,"clean held out region of pherc0139-w016 (0.1581 cm2), the organisers' online validation case during training; labels mapped from the 2.399 um grid by the affine of evidence/label-map.csv"
positive-control-0139/tools/score.py,2026-09-29T13:15:46Z,ours-A-S0,rotctl,1,0,reverse,seed43,4,0.5113,0.6319,95779,24317,71462,theirs lattice,0.5113,0.6319,95779,24317,1.2030,midpoint of the gap minima,positive-control-0139/scratch/ours-A-S0/rotctl/surf.tifxyz,scratch/ours-A-S0/rotctl/p/reverse-k1m0-seed43.tif,"clean held out region of pherc0139-w016 (0.1581 cm2), the organisers' online validation case during training; labels mapped from the 2.399 um grid by the affine of evidence/label-map.csv"
positive-control-0139/tools/score.py,2026-09-29T13:15:46Z,ours-A-S0,rotctl,1,1,reverse,seed42,2,0.6908,0.7687,85262,21630,63632,theirs lattice,0.6908,0.7687,85262,21630,1.2030,midpoint of the gap minima,positive-control-0139/scratch/ours-A-S0/rotctl/surf.tifxyz,scratch/ours-A-S0/rotctl/p/reverse-k1m1-seed42.tif,"clean held out region of pherc0139-w016 (0.1581 cm2), the organisers' online validation case during training; labels mapped from the 2.399 um grid by the affine of evidence/label-map.csv"
positive-control-0139/tools/score.py,2026-09-29T13:15:46Z,ours-A-S0,rotctl,1,1,reverse,seed42,4,0.6912,0.7542,95779,24317,71462,theirs lattice,0.6912,0.7542,95779,24317,1.2030,midpoint of the gap minima,positive-control-0139/scratch/ours-A-S0/rotctl/surf.tifxyz,scratch/ours-A-S0/rotctl/p/reverse-k1m1-seed42.tif,"clean held out region of pherc0139-w016 (0.1581 cm2), the organisers' online validation case during training; labels mapped from the 2.399 um grid by the affine of evidence/label-map.csv"
positive-control-0139/tools/score.py,2026-09-29T13:15:46Z,ours-A-S0,rotctl,1,1,reverse,seed43,2,0.5754,0.6855,85262,21630,63632,theirs lattice,0.5754,0.6855,85262,21630,1.2030,midpoint of the gap minima,positive-control-0139/scratch/ours-A-S0/rotctl/surf.tifxyz,scratch/ours-A-S0/rotctl/p/reverse-k1m1-seed43.tif,"clean held out region of pherc0139-w016 (0.1581 cm2), the organisers' online validation case during training; labels mapped from the 2.399 um grid by the affine of evidence/label-map.csv"
positive-control-0139/tools/score.py,2026-09-29T13:15:46Z,ours-A-S0,rotctl,1,1,reverse,seed43,4,0.5804,0.6885,95779,24317,71462,theirs lattice,0.5804,0.6885,95779,24317,1.2030,midpoint of the gap minima,positive-control-0139/scratch/ours-A-S0/rotctl/surf.tifxyz,scratch/ours-A-S0/rotctl/p/reverse-k1m1-seed43.tif,"clean held out region of pherc0139-w016 (0.1581 cm2), the organisers' online validation case during training; labels mapped from the 2.399 um grid by the affine of evidence/label-map.csv"
positive-control-0139/tools/score.py,2026-09-29T13:15:46Z,ours-A-S0,rotctl,2,0,reverse,seed42,2,0.7147,0.7649,85262,21630,63632,theirs lattice,0.7147,0.7649,85262,21630,1.2030,midpoint of the gap minima,positive-control-0139/scratch/ours-A-S0/rotctl/surf.tifxyz,scratch/ours-A-S0/rotctl/p/reverse-k2m0-seed42.tif,"clean held out region of pherc0139-w016 (0.1581 cm2), the organisers' online validation case during training; labels mapped from the 2.399 um grid by the affine of evidence/label-map.csv"
positive-control-0139/tools/score.py,2026-09-29T13:15:46Z,ours-A-S0,rotctl,2,0,reverse,seed42,4,0.7092,0.7575,95779,24317,71462,theirs lattice,0.7092,0.7575,95779,24317,1.2030,midpoint of the gap minima,positive-control-0139/scratch/ours-A-S0/rotctl/surf.tifxyz,scratch/ours-A-S0/rotctl/p/reverse-k2m0-seed42.tif,"clean held out region of pherc0139-w016 (0.1581 cm2), the organisers' online validation case during training; labels mapped from the 2.399 um grid by the affine of evidence/label-map.csv"
positive-control-0139/tools/score.py,2026-09-29T13:15:46Z,ours-A-S0,rotctl,2,0,reverse,seed43,2,0.5292,0.6123,85262,21630,63632,theirs lattice,0.5292,0.6123,85262,21630,1.2030,midpoint of the gap minima,positive-control-0139/scratch/ours-A-S0/rotctl/surf.tifxyz,scratch/ours-A-S0/rotctl/p/reverse-k2m0-seed43.tif,"clean held out region of pherc0139-w016 (0.1581 cm2), the organisers' online validation case during training; labels mapped from the 2.399 um grid by the affine of evidence/label-map.csv"
positive-control-0139/tools/score.py,2026-09-29T13:15:46Z,ours-A-S0,rotctl,2,0,reverse,seed43,4,0.5254,0.6274,95779,24317,71462,theirs lattice,0.5254,0.6274,95779,24317,1.2030,midpoint of the gap minima,positive-control-0139/scratch/ours-A-S0/rotctl/surf.tifxyz,scratch/ours-A-S0/rotctl/p/reverse-k2m0-seed43.tif,"clean held out region of pherc0139-w016 (0.1581 cm2), the organisers' online validation case during training; labels mapped from the 2.399 um grid by the affine of evidence/label-map.csv"
positive-control-0139/tools/score.py,2026-09-29T13:15:46Z,ours-A-S0,rotctl,2,1,reverse,seed42,2,0.6293,0.7249,85262,21630,63632,theirs lattice,0.6293,0.7249,85262,21630,1.2030,midpoint of the gap minima,positive-control-0139/scratch/ours-A-S0/rotctl/surf.tifxyz,scratch/ours-A-S0/rotctl/p/reverse-k2m1-seed42.tif,"clean held out region of pherc0139-w016 (0.1581 cm2), the organisers' online validation case during training; labels mapped from the 2.399 um grid by the affine of evidence/label-map.csv"
positive-control-0139/tools/score.py,2026-09-29T13:15:46Z,ours-A-S0,rotctl,2,1,reverse,seed42,4,0.6305,0.7163,95779,24317,71462,theirs lattice,0.6305,0.7163,95779,24317,1.2030,midpoint of the gap minima,positive-control-0139/scratch/ours-A-S0/rotctl/surf.tifxyz,scratch/ours-A-S0/rotctl/p/reverse-k2m1-seed42.tif,"clean held out region of pherc0139-w016 (0.1581 cm2), the organisers' online validation case during training; labels mapped from the 2.399 um grid by the affine of evidence/label-map.csv"
positive-control-0139/tools/score.py,2026-09-29T13:15:46Z,ours-A-S0,rotctl,2,1,reverse,seed43,2,0.5207,0.6334,85262,21630,63632,theirs lattice,0.5207,0.6334,85262,21630,1.2030,midpoint of the gap minima,positive-control-0139/scratch/ours-A-S0/rotctl/surf.tifxyz,scratch/ours-A-S0/rotctl/p/reverse-k2m1-seed43.tif,"clean held out region of pherc0139-w016 (0.1581 cm2), the organisers' online validation case during training; labels mapped from the 2.399 um grid by the affine of evidence/label-map.csv"
positive-control-0139/tools/score.py,2026-09-29T13:15:46Z,ours-A-S0,rotctl,2,1,reverse,seed43,4,0.5212,0.6358,95779,24317,71462,theirs lattice,0.5212,0.6358,95779,24317,1.2030,midpoint of the gap minima,positive-control-0139/scratch/ours-A-S0/rotctl/surf.tifxyz,scratch/ours-A-S0/rotctl/p/reverse-k2m1-seed43.tif,"clean held out region of pherc0139-w016 (0.1581 cm2), the organisers' online validation case during training; labels mapped from the 2.399 um grid by the affine of evidence/label-map.csv"
positive-control-0139/tools/score.py,2026-09-29T13:15:46Z,ours-A-S0,rotctl,3,0,reverse,seed42,2,0.6912,0.6864,85262,21630,63632,theirs lattice,0.6912,0.6864,85262,21630,1.2030,midpoint of the gap minima,positive-control-0139/scratch/ours-A-S0/rotctl/surf.tifxyz,scratch/ours-A-S0/rotctl/p/reverse-k3m0-seed42.tif,"clean held out region of pherc0139-w016 (0.1581 cm2), the organisers' online validation case during training; labels mapped from the 2.399 um grid by the affine of evidence/label-map.csv"
positive-control-0139/tools/score.py,2026-09-29T13:15:46Z,ours-A-S0,rotctl,3,0,reverse,seed42,4,0.6700,0.6605,95779,24317,71462,theirs lattice,0.6700,0.6605,95779,24317,1.2030,midpoint of the gap minima,positive-control-0139/scratch/ours-A-S0/rotctl/surf.tifxyz,scratch/ours-A-S0/rotctl/p/reverse-k3m0-seed42.tif,"clean held out region of pherc0139-w016 (0.1581 cm2), the organisers' online validation case during training; labels mapped from the 2.399 um grid by the affine of evidence/label-map.csv"
positive-control-0139/tools/score.py,2026-09-29T13:15:46Z,ours-A-S0,rotctl,3,0,reverse,seed43,2,0.5158,0.6425,85262,21630,63632,theirs lattice,0.5158,0.6425,85262,21630,1.2030,midpoint of the gap minima,positive-control-0139/scratch/ours-A-S0/rotctl/surf.tifxyz,scratch/ours-A-S0/rotctl/p/reverse-k3m0-seed43.tif,"clean held out region of pherc0139-w016 (0.1581 cm2), the organisers' online validation case during training; labels mapped from the 2.399 um grid by the affine of evidence/label-map.csv"
positive-control-0139/tools/score.py,2026-09-29T13:15:46Z,ours-A-S0,rotctl,3,0,reverse,seed43,4,0.5213,0.6510,95779,24317,71462,theirs lattice,0.5213,0.6510,95779,24317,1.2030,midpoint of the gap minima,positive-control-0139/scratch/ours-A-S0/rotctl/surf.tifxyz,scratch/ours-A-S0/rotctl/p/reverse-k3m0-seed43.tif,"clean held out region of pherc0139-w016 (0.1581 cm2), the organisers' online validation case during training; labels mapped from the 2.399 um grid by the affine of evidence/label-map.csv"
positive-control-0139/tools/score.py,2026-09-29T13:15:46Z,ours-A-S0,rotctl,3,1,reverse,seed42,2,0.5600,0.5276,85262,21630,63632,theirs lattice,0.5600,0.5276,85262,21630,1.2030,midpoint of the gap minima,positive-control-0139/scratch/ours-A-S0/rotctl/surf.tifxyz,scratch/ours-A-S0/rotctl/p/reverse-k3m1-seed42.tif,"clean held out region of pherc0139-w016 (0.1581 cm2), the organisers' online validation case during training; labels mapped from the 2.399 um grid by the affine of evidence/label-map.csv"
positive-control-0139/tools/score.py,2026-09-29T13:15:46Z,ours-A-S0,rotctl,3,1,reverse,seed42,4,0.5587,0.5259,95779,24317,71462,theirs lattice,0.5587,0.5259,95779,24317,1.2030,midpoint of the gap minima,positive-control-0139/scratch/ours-A-S0/rotctl/surf.tifxyz,scratch/ours-A-S0/rotctl/p/reverse-k3m1-seed42.tif,"clean held out region of pherc0139-w016 (0.1581 cm2), the organisers' online validation case during training; labels mapped from the 2.399 um grid by the affine of evidence/label-map.csv"
positive-control-0139/tools/score.py,2026-09-29T13:15:46Z,ours-A-S0,rotctl,3,1,reverse,seed43,2,0.5815,0.6645,85262,21630,63632,theirs lattice,0.5815,0.6645,85262,21630,1.2030,midpoint of the gap minima,positive-control-0139/scratch/ours-A-S0/rotctl/surf.tifxyz,scratch/ours-A-S0/rotctl/p/reverse-k3m1-seed43.tif,"clean held out region of pherc0139-w016 (0.1581 cm2), the organisers' online validation case during training; labels mapped from the 2.399 um grid by the affine of evidence/label-map.csv"
positive-control-0139/tools/score.py,2026-09-29T13:15:46Z,ours-A-S0,rotctl,3,1,reverse,seed43,4,0.5759,0.6493,95779,24317,71462,theirs lattice,0.5759,0.6493,95779,24317,1.2030,midpoint of the gap minima,positive-control-0139/scratch/ours-A-S0/rotctl/surf.tifxyz,scratch/ours-A-S0/rotctl/p/reverse-k3m1-seed43.tif,"clean held out region of pherc0139-w016 (0.1581 cm2), the organisers' online validation case during training; labels mapped from the 2.399 um grid by the affine of evidence/label-map.csv"
